MstrRecNbrTxt,CollisionDate,CollisionDteTime,YearNmb,Month,DayOfWeek,Hour,Latitude,Longitude,InjuryClass,PersonType,NonMotoristLocation,RelationToJunction,LightCondition,MannerOfCollision,FirstHarmfulEvent,VictimsInCrash,InMemphis,StateRoute_NAME,StateRoute_F_System,StateRoute_SPDLIMIT,StateRoute_LANES,StateRoute_ALTNAME_1,StateRoute_Council_District,DistToStateRoute_m,Street_Name,DistToStreet_m,Street_SPDLIMIT,Street_LANES,Street_ONEWAY,Street_CITY_L,Street_COUNTY_L,Seg_OBJECTID,DistToSeg_m,Ownership,Rule_Fired,Classification_Basis,Matched_Street,is_limited_access,is_override,is_corner_case,Jurisdiction_prev,at_intersection,intersection_node_id,nearest_ped_signal_m,is_ambiguous_intersection,intersection_signalized
301006032,3/12/2025,3/12/2025 15:56,2025,3,Wednesday,15,35.201965,-89.73099,Possible Injury,Pedestrian,Intersection-On Roadway not in Crosswalk,Non-Junction,Daylight,Not Collision with Motor Vehicle in Transport,Pedestrian,1,True,,,,,,,431.7043441,N HOUSTON LEVEE RD,12.7625291,40,3,B,MEMPHIS,SHELBY,75180,12.762529097401742,City of Memphis,city_residual,city: no state-route overlap,N HOUSTON LEVEE RD,False,False,False,City of Memphis,True,,418.2,False,no_signal_coverage
301001230,2/12/2025,2/12/2025 8:15,2025,2,Wednesday,8,35.155872,-90.04052,Suspected Minor Injury,Pedestrian,Not Intersection-On Roadway Not In Crosswalk,Intersection,Daylight,Not Collision with Motor Vehicle in Transport,Pedestrian,1,True,A W WILLIS AVE,,35.0,5.0,1,7.0,5.12284581,SAINT JUDE PL,0.387691636,30,4,B,MEMPHIS,SHELBY,55669,0.3876916362030846,City of Memphis,city_residual,city: no state-route overlap,SAINT JUDE PL,False,False,False,City of Memphis,False,,243.2,False,
301005936,3/11/2025,3/11/2025 22:08,2025,3,Tuesday,22,35.069364,-89.922177,Fatal,Pedestrian,Not Intersection-Unknown,Non-Junction,Dark-Not Lighted,Not Collision with Motor Vehicle in Transport,Pedestrian,1,True,,,,,,,906.1741083,COTTONWOOD RD,2.280494468,35,2,B,MEMPHIS,SHELBY,71172,2.2804944681848824,City of Memphis,city_residual,city: no state-route overlap,COTTONWOOD RD,False,False,False,City of Memphis,False,,891.7,False,
301008594,3/26/2025,3/26/2025 15:40,2025,3,Wednesday,15,35.145138,-90.031746,Possible Injury,Pedestrian,Not Intersection-Bike Path,AccelDecelLane,Daylight,Not Collision with Motor Vehicle in Transport,Pedestrian,1,True,,,,,,,740.9813599,POPLAR AVE,34.89043561,40,7,B,MEMPHIS,SHELBY,50350,34.890435607312114,City of Memphis,city_residual,city: no state-route overlap,POPLAR AVE,False,False,False,City of Memphis,False,,97.7,False,
301010247,4/4/2025,4/4/2025 1:40,2025,4,Friday,1,35.161095,-89.99896,No Injury,Pedestrian,Intersection-Not on Roadway,Intersection,Dark-Lighted,Unknown,Other,1,True,,,,,,,33.54386974,HAWTHORNE ST,24.70329702,30,2,B,MEMPHIS,SHELBY,81522,24.70329702097641,City of Memphis,city_residual,city: no state-route overlap,HAWTHORNE ST,False,False,False,City of Memphis,True,,178.7,True,no_signal_coverage
301009498,3/31/2025,3/31/2025 13:50,2025,3,Monday,13,35.116043,-89.93972,Possible Injury,Pedestrian,Intersection-In Crosswalk,Intersection,Daylight,Not Collision with Motor Vehicle in Transport,Pedestrian,1,True,,,,,,,1142.493342,SOUTHERN AVE,0.315224454,35,2,B,MEMPHIS,SHELBY,51274,0.3152244542520432,City of Memphis,city_residual,city: no state-route overlap,SOUTHERN AVE,False,False,False,City of Memphis,True,,1372.9,False,no_signal_coverage
301014717,4/28/2025,4/28/2025 1:40,2025,4,Monday,1,35.020542,-90.099464,Suspected Serious Injury,Pedestrian,Intersection-Unknown,Unknown,Dark-Not Lighted,Unknown,Other,1,True,,,,,,,797.8306167,W SHELBY DR,0.272905128,35,2,B,MEMPHIS,SHELBY,34171,0.2729051282789466,City of Memphis,city_residual,city: no state-route overlap,W SHELBY DR,False,False,False,City of Memphis,True,,985.5,False,no_signal_coverage
301014059,4/23/2025,4/23/2025 18:00,2025,4,Wednesday,18,35.17751,-89.95316,Suspected Minor Injury,Pedestrian,Not Intersection-On Roadway Crosswalk Availability Unknown,Non-Junction,Daylight,Not Collision with Motor Vehicle in Transport,Pedestrian,1,True,,,,,,,1054.364066,ASH ST,42.80559262,25,2,B,MEMPHIS,SHELBY,83052,42.80559262060615,City of Memphis,city_residual,city: no state-route overlap,ASH ST,False,False,False,City of Memphis,False,,895.3,False,
300999941,2/5/2025,2/5/2025 0:27,2025,2,Wednesday,0,35.13684,-90.01668,Fatal,Pedestrian,Intersection-On Roadway not in Crosswalk,Intersection,Dark-Lighted,Not Collision with Motor Vehicle in Transport,Pedestrian,1,True,UNION AVE,Principal Arterial,35.0,6.0,23,6.0,5.167134977,UNION AVE,0.585222462,35,6,B,MEMPHIS,SHELBY,48098,0.5852224618034595,TDOT state route,state_route_overlap,"state route: 100% overlap, name=UNION",UNION AVE,False,False,False,TDOT state route,True,,2.3,False,no_signal_coverage
300996895,1/17/2025,1/17/2025 10:29,2025,1,Friday,10,35.135574,-89.96227,Suspected Serious Injury,Pedestrian,Intersection-In Crosswalk,Intersection-Related,Daylight,Not Collision with Motor Vehicle in Transport,Pedestrian,1,True,WALNUT GROVE RD,Minor Arterial,35.0,5.0,23,5.0,10.60576837,WALNUT GROVE RD,6.236877613,35,5,B,MEMPHIS,SHELBY,47014,6.236877612653028,TDOT state route,state_route_overlap,"state route: 100% overlap, name=WALNUT GROVE",WALNUT GROVE RD,False,False,False,TDOT state route,True,8693,255.6,False,no
301023740,6/17/2025,6/17/2025 3:50,2025,6,Tuesday,3,35.008976,-89.9995,No Injury,Pedestrian,Not Intersection-Outside Traffic,Through Roadway,Dark-Lighted,Not Collision with Motor Vehicle in Transport,Other,2,True,,,,,,,1342.77347,PENNEL RD,33.27375152,30,2,B,MEMPHIS,SHELBY,72482,33.27375151627722,City of Memphis,city_residual,city: no state-route overlap,PENNEL RD,False,False,False,City of Memphis,False,,1327.8,False,
301026096,6/27/2025,6/27/2025 21:30,2025,6,Friday,21,35.059555,-90.0246,Possible Injury,Pedestrian,Intersection-On Roadway not in Crosswalk,OtherLocation,Daylight,Not Collision with Motor Vehicle in Transport,Pedestrian,1,True,,,,,,,47.81988845,ELVIS PRESLEY BLVD,48.95283298,40,7,B,MEMPHIS,SHELBY,46510,48.95283297551384,TDOT state route,state_route_overlap,"state route: 100% overlap, name=ELVIS PRESLEY",ELVIS PRESLEY BLVD,False,False,False,TDOT state route,True,,151.9,True,no_signal_coverage
301025660,6/28/2025,6/28/2025 4:39,2025,6,Saturday,4,35.167934,-90.00019,Fatal,Pedestrian,Intersection-On Roadway Crosswalk Not Available,Intersection,Dark-Unknown Lighting,Not Collision with Motor Vehicle in Transport,Pedestrian,1,True,,,,,,,773.3552146,N EVERGREEN ST,13.49193913,35,3,B,MEMPHIS,SHELBY,81441,13.491939131674402,City of Memphis,city_residual,city: no state-route overlap,N EVERGREEN ST,False,False,False,City of Memphis,True,,762.4,False,no_signal_coverage
301032076,8/1/2025,8/1/2025 10:30,2025,8,Friday,10,35.160454,-89.99635,Possible Injury,Pedestrian,Intersection-In Crosswalk,Intersection,Daylight,Not Collision with Motor Vehicle in Transport,Pedestrian,1,True,JACKSON AVE,Principal Arterial,40.0,4.0,14,7.0,4.527703936,JACKSON AVE,0.022319048,40,4,B,MEMPHIS,SHELBY,46838,0.0223190476991738,TDOT state route,state_route_overlap,"state route: 100% overlap, name=JACKSON",JACKSON AVE,False,False,False,TDOT state route,True,6546,18.1,False,yes
301026847,7/4/2025,7/4/2025 21:24,2025,7,Friday,21,35.039665,-90.079409,Possible Injury,Pedestrian,Not Intersection-On Roadway Crosswalk not Available,Non-Junction,Dark-Lighted,Not Collision with Motor Vehicle in Transport,Pedestrian,1,True,,,,,,,733.8647761,LILLIAN DR,0.024364278,30,2,B,MEMPHIS,SHELBY,27037,0.0243642775350489,City of Memphis,city_residual,city: no state-route overlap,LILLIAN DR,False,False,False,City of Memphis,False,,717.4,False,
301034356,8/18/2025,8/18/2025 4:45,2025,8,Monday,4,35.148262,-90.043564,Suspected Minor Injury,Pedestrian,Intersection-In Crosswalk,Intersection,Dark-Lighted,Not Collision with Motor Vehicle in Transport,Pedestrian,1,True,N DANNY THOMAS BLVD,Principal Arterial,35.0,7.0,1,7.0,1.328284309,POPLAR AVE,0.034022355,35,5,B,MEMPHIS,SHELBY,50319,0.0340223547950888,City of Memphis,city_residual,city: no state-route overlap,POPLAR AVE,False,False,False,City of Memphis,True,2634,25.2,False,yes
300991906,12/4/2024,12/4/2024 19:25,2024,12,Wednesday,19,35.148996,-90.048507,Fatal,Pedestrian,Not Intersection-On Roadway Not In Crosswalk,Non-Junction,Dark-Not Lighted,Not Collision with Motor Vehicle in Transport,Pedestrian,1,True,N THIRD ST,Minor Arterial,35.0,3.0,3,6.0,2.567089213,N B B KING BLVD,0.763108313,35,3,FT,MEMPHIS,SHELBY,50301,0.7631083128600777,TDOT state route,state_route_overlap,"state route: 100% overlap, name=N B B KING",N B B KING BLVD,False,False,False,TDOT state route,False,,135.5,False,
300962694,6/13/2024,6/13/2024 1:16,2024,6,Thursday,1,35.159723,-89.858915,Fatal,Pedestrian,Not Intersection-On Roadway Crosswalk not Available,Non-Junction,Dark-Not Lighted,Not Collision with Motor Vehicle in Transport,Pedestrian,1,True,,,,,,,1541.377893,DOVECREST RD,39.18290254,30,2,B,MEMPHIS,SHELBY,76111,39.18290254271341,City of Memphis,city_residual,city: no state-route overlap,DOVECREST RD,False,False,False,City of Memphis,False,,579.2,False,
301030303,7/26/2025,7/26/2025 4:59,2025,7,Saturday,4,35.170383,-89.86749,Suspected Serious Injury,Pedestrian,Not Intersection-On Roadway Not In Crosswalk,AccelDecelLane,Dark-Not Lighted,Not Collision with Motor Vehicle in Transport,Pedestrian,1,True,,,,,,,184.4845471,SYCAMORE VIEW RD,54.69043662,45,7,B,MEMPHIS,SHELBY,53753,54.690436617447936,City of Memphis,city_residual,city: no state-route overlap,SYCAMORE VIEW RD,False,False,False,City of Memphis,False,,224.4,False,
301031687,8/2/2025,8/2/2025 23:07,2025,8,Saturday,23,35.104187,-90.05545,Suspected Serious Injury,Pedestrian,Not Intersection-On Roadway Not In Crosswalk,Non-Junction,Dark-Lighted,Not Collision with Motor Vehicle in Transport,Other,1,True,S THIRD ST,Principal Arterial,40.0,4.0,14,6.0,0.489284022,S THIRD ST,0.123839134,40,4,B,MEMPHIS,SHELBY,46928,0.1238391337129774,TDOT state route,state_route_overlap,"state route: 100% overlap, name=S THIRD",S THIRD ST,False,False,False,TDOT state route,False,,363.0,False,
301031510,8/1/2025,8/1/2025 2:15,2025,8,Friday,2,35.09891,-90.06958,Possible Injury,Pedestrian,Not Intersection-Outside Traffic,AccelDecelLane,Dark-Not Lighted,Not Collision with Motor Vehicle in Transport,Pedestrian,1,True,,,,,,,1269.823507,SILVERAGE AVE,19.88381214,30,2,B,MEMPHIS,SHELBY,4659,19.883812135162213,City of Memphis,city_residual,city: no state-route overlap,SILVERAGE AVE,False,False,False,City of Memphis,False,,1277.9,False,
301034223,8/16/2025,8/16/2025 23:05,2025,8,Saturday,23,35.090984,-89.840256,Possible Injury,Pedestrian,Not Intersection-On Roadway Not In Crosswalk,Non-Junction,Dark-Lighted,Not Collision with Motor Vehicle in Transport,Pedestrian,1,True,,,,,,,812.728037,LARCH LN,0.024511828,30,2,B,MEMPHIS,SHELBY,41328,0.0245118280602049,City of Memphis,city_residual,city: no state-route overlap,LARCH LN,False,False,False,City of Memphis,False,17415,792.0,True,
301014505,4/26/2025,4/26/2025 12:50,2025,4,Saturday,12,35.072969,-90.027998,Fatal,Pedestrian,Not Intersection-On Roadway Crosswalk not Available,Non-Junction,Daylight,Not Collision with Motor Vehicle in Transport,Pedestrian,1,True,,,,,,,645.9699922,INTERSTATE 240 W,0.31748113,65,3,FT,MEMPHIS,SHELBY,39636,0.3174811301420739,Interstate (TDOT),interstate_mainline,interstate: MTFCC S1100,INTERSTATE 240 W,True,False,False,Interstate (TDOT),False,,961.1,False,
301031268,7/31/2025,7/31/2025 14:10,2025,7,Thursday,14,35.04631,-89.90489,Possible Injury,Pedestrian,Not Intersection-On Roadway Not In Crosswalk,Non-Junction,Daylight,Not Collision with Motor Vehicle in Transport,Pedestrian,1,True,,,,,,,1369.197112,CROMWELL AVE,0.065969939,35,2,B,MEMPHIS,SHELBY,2156,0.0659699394883791,City of Memphis,city_residual,city: no state-route overlap,CROMWELL AVE,False,False,False,City of Memphis,False,,245.2,False,
301033376,8/12/2025,8/12/2025 7:18,2025,8,Tuesday,7,35.062172,-89.91987,Possible Injury,Pedestrian,Not Intersection-On Roadway Not In Crosswalk,Intersection-Related,Daylight,Not Collision with Motor Vehicle in Transport,Pedestrian,1,True,,,,,,,1019.013758,SHEFFIELD AVE,58.86046773,30,2,B,MEMPHIS,SHELBY,2104,58.86046773292045,City of Memphis,city_residual,city: no state-route overlap,SHEFFIELD AVE,False,False,False,City of Memphis,False,,1177.7,False,
300968447,7/31/2024,7/31/2024 5:45,2024,7,Wednesday,5,35.038504,-89.917171,Fatal,Pedestrian,Intersection-On Roadway Crosswalk availability Unknown,Non-Junction,Daylight,Not Collision with Motor Vehicle in Transport,Pedestrian,1,True,LAMAR AVE,Principal Arterial,55.0,2.0,4,3.0,3.536120942,E RAINES RD,0.173655633,40,2,TF,MEMPHIS,SHELBY,52538,0.1736556334309187,City of Memphis,city_residual,city: no state-route overlap,E RAINES RD,False,False,True,City of Memphis,True,11400,461.4,False,no
300978520,10/4/2024,10/4/2024 22:18,2024,10,Friday,22,35.107965,-89.966871,Fatal,Pedestrian,Not Intersection-On Roadway Crosswalk not Available,Non-Junction,Dark-Lighted,Not Collision with Motor Vehicle in Transport,Pedestrian,1,True,,,,,,,1218.356804,PARK AVE,2.290723687,35,4,B,MEMPHIS,SHELBY,51065,2.29072368723087,City of Memphis,city_residual,city: no state-route overlap,PARK AVE,False,False,False,City of Memphis,False,8302,1418.0,True,
301033148,8/8/2025,8/8/2025 23:56,2025,8,Friday,23,35.143787,-90.035126,Suspected Serious Injury,Pedestrian,Intersection-In Crosswalk,AccelDecelLane,Dark-Lighted,Not Collision with Motor Vehicle in Transport,Pedestrian,1,True,,,,,,,557.6248705,ADAMS AVE,0.014875412,30,2,B,MEMPHIS,SHELBY,3556,0.0148754118216189,City of Memphis,city_residual,city: no state-route overlap,ADAMS AVE,False,False,False,City of Memphis,True,,232.9,False,no_signal_coverage
301032024,8/4/2025,8/4/2025 21:00,2025,8,Monday,21,35.10065,-90.04417,Possible Injury,Pedestrian,Not Intersection-On Roadway Not In Crosswalk,Non-Junction,Dark-Not Lighted,Not Collision with Motor Vehicle in Transport,Pedestrian,1,True,,,,,,,1040.575779,E DISON AVE,0.067611919,35,2,B,MEMPHIS,SHELBY,4907,0.067611918747328,City of Memphis,city_residual,city: no state-route overlap,E DISON AVE,False,False,False,City of Memphis,False,,1153.0,False,
301029922,7/22/2025,7/22/2025 21:14,2025,7,Tuesday,21,35.02085,-89.96364,Possible Injury,Pedestrian,Intersection-On Roadway not in Crosswalk,Non-Junction,Dark-Not Lighted,Not Collision with Motor Vehicle in Transport,Pedestrian,1,True,E SHELBY DR,Principal Arterial,45.0,6.0,175,3.0,4.939292729,E SHELBY DR,0.254631177,45,6,B,TENNESSEE AIR NATIONAL GUARD,SHELBY,47833,0.2546311766871074,TDOT state route,state_route_overlap,"state route: 100% overlap, name=E SHELBY",E SHELBY DR,False,False,False,TDOT state route,True,8236,24.7,False,yes
300997390,1/19/2025,1/19/2025 18:57,2025,1,Sunday,18,35.05229,-89.953426,Suspected Serious Injury,Pedestrian,Not Intersection-On Roadway Crosswalk Availability Unknown,Non-Junction,Dark-Lighted,Front to Rear,Other,1,True,,,,,,,1759.297082,WINCHESTER RD,1.688572217,45,7,B,MEMPHIS,SHELBY,52762,1.688572217087804,City of Memphis,city_residual,city: no state-route overlap,WINCHESTER RD,False,False,False,City of Memphis,False,,137.6,False,
301033189,8/10/2025,8/10/2025 1:02,2025,8,Sunday,1,35.055305,-89.83002,Possible Injury,Pedestrian,Not Intersection-On Roadway Crosswalk not Available,Non-Junction,Dark-Not Lighted,Front to Rear,Other,1,True,STATE ROUTE 385,Freeway and Expressway,65.0,3.0,NONCONNAH PKWY,2.0,6.661145049,STATE ROUTE 385 W,3.049179582,65,3,FT,MEMPHIS,SHELBY,47696,3.049179582172957,TDOT state route,state_route_overlap,"state route: 100% overlap, name=STATE ROUTE 385",STATE ROUTE 385 W,False,False,False,TDOT state route,False,,69.0,False,
301032519,8/7/2025,8/7/2025 10:12,2025,8,Thursday,10,35.053303,-90.020355,Possible Injury,Pedestrian,Not Intersection-On Roadway Not In Crosswalk,AccelDecelLane,Daylight,Not Collision with Motor Vehicle in Transport,Pedestrian,1,True,,,,,,,427.0344622,ROYAL OAKS CV,62.16074395,35,2,B,MEMPHIS,SHELBY,15075,62.16074395205475,City of Memphis,city_residual,city: no state-route overlap,ROYAL OAKS CV,False,False,False,City of Memphis,False,,415.9,False,
301034117,8/16/2025,8/16/2025 0:00,2025,8,Saturday,99,35.13734,-90.02782,Possible Injury,Pedestrian,Intersection-Unknown,Non-Junction,Unknown,Not Collision with Motor Vehicle in Transport,Pedestrian,1,True,,,,,,,71.60708276,S PAULINE ST,35.26599261,30,4,B,MEMPHIS,SHELBY,84368,35.26599261077241,City of Memphis,city_residual,city: no state-route overlap,S PAULINE ST,False,False,False,City of Memphis,True,,80.8,True,no_signal_coverage
301032286,8/5/2025,8/5/2025 14:40,2025,8,Tuesday,14,35.133526,-90.026024,Suspected Minor Injury,Pedestrian,Not Intersection-Bike Path,Intersection,Daylight,Not Collision with Motor Vehicle in Transport,Pedestrian,1,True,S SOMERVILLE ST,Minor Arterial,30.0,2.0,208,6.0,0.260853083,VANCE AVE,0.015517276,30,2,B,MEMPHIS,SHELBY,3681,0.0155172760708251,City of Memphis,city_residual,city: no state-route overlap,VANCE AVE,False,False,False,City of Memphis,False,,290.1,False,
301032288,8/6/2025,8/6/2025 3:59,2025,8,Wednesday,3,35.105316,-89.87507,Fatal,Pedestrian,Not Intersection-On Roadway Crosswalk not Available,Non-Junction,Dark-Not Lighted,Not Collision with Motor Vehicle in Transport,Pedestrian,1,True,POPLAR AVE,Principal Arterial,40.0,6.0,57,5.0,10.03147165,POPLAR AVE,14.44755997,40,6,B,MEMPHIS,SHELBY,47151,14.44755997308433,TDOT state route,state_route_overlap,"state route: 100% overlap, name=POPLAR",POPLAR AVE,False,False,False,TDOT state route,False,14693,209.1,True,
300919809,10/27/2023,10/27/2023 13:46,2023,10,Friday,13,35.07241,-89.90506,Fatal,Pedestrian,Not Intersection-On Roadway Crosswalk not Available,Non-Junction,Daylight,Not Collision with Motor Vehicle in Transport,Pedestrian,1,True,,,,,,,2441.227577,S PERKINS RD,39.97400178,40,7,B,MEMPHIS,SHELBY,49379,39.974001777025045,City of Memphis,city_residual,city: no state-route overlap,S PERKINS RD,False,False,False,City of Memphis,False,,344.3,False,
301000434,2/7/2025,2/7/2025 14:00,2025,2,Friday,14,35.08563,-89.895996,Possible Injury,Pedestrian,Not Intersection-On Roadway Not In Crosswalk,Intersection-Related,Daylight,Not Collision with Motor Vehicle in Transport,Pedestrian,1,True,,,,,,,1829.491498,WILLOW RD,0.086328051,40,4,B,MEMPHIS,SHELBY,51544,0.0863280514309658,City of Memphis,city_residual,city: no state-route overlap,WILLOW RD,False,False,False,City of Memphis,False,13154,209.0,True,
301028225,7/14/2025,7/14/2025 0:42,2025,7,Monday,0,35.090973,-89.966515,Suspected Serious Injury,Pedestrian,Not Intersection-On Roadway Not In Crosswalk,AccelDecelLane,Dark-Lighted,Not Collision with Motor Vehicle in Transport,Pedestrian,1,True,LAMAR AVE,Principal Arterial,40.0,5.0,4,4.0,2.337784105,LAMAR AVE,0.21351746,40,5,B,MEMPHIS,SHELBY,48199,0.2135174595071822,TDOT state route,state_route_overlap,"state route: 100% overlap, name=LAMAR",LAMAR AVE,False,False,False,TDOT state route,False,,265.4,False,
300981903,10/25/2024,10/25/2024 22:50,2024,10,Friday,22,35.217547,-90.003422,Fatal,Pedestrian,Not Intersection-On Roadway Crosswalk not Available,Non-Junction,Dark-Lighted,Not Collision with Motor Vehicle in Transport,Pedestrian,1,True,,,,,,,1983.975776,FRAYSER BLVD,0.299649942,40,5,B,MEMPHIS,SHELBY,49867,0.2996499421481564,City of Memphis,city_residual,city: no state-route overlap,FRAYSER BLVD,False,False,False,City of Memphis,False,6160,2270.1,True,
301027786,7/10/2025,7/10/2025 22:25,2025,7,Thursday,22,35.13366,-89.95719,Suspected Serious Injury,Pedestrian,Not Intersection-On Roadway Crosswalk not Available,Non-Junction,Dark-Lighted,Not Collision with Motor Vehicle in Transport,Pedestrian,2,True,WALNUT GROVE RD,Minor Arterial,35.0,5.0,23,5.0,5.104622944,WALNUT GROVE RD,0.456004414,35,5,B,MEMPHIS,SHELBY,47022,0.4560044144650346,TDOT state route,state_route_overlap,"state route: 100% overlap, name=WALNUT GROVE",WALNUT GROVE RD,False,False,False,TDOT state route,False,8991,261.8,True,
301013733,4/22/2025,4/22/2025 16:03,2025,4,Tuesday,16,35.185863,-90.03467,Possible Injury,Pedestrian,Not Intersection-On Roadway Not In Crosswalk,Through Roadway,Daylight,Not Collision with Motor Vehicle in Transport,Other,1,True,,,,,,,61.72156933,THOMAS ST,61.20430422,35,4,B,MEMPHIS,SHELBY,46722,61.20430422232225,TDOT state route,state_route_overlap,"state route: 100% overlap, name=THOMAS",THOMAS ST,False,False,False,TDOT state route,False,,1720.1,False,
301009007,3/28/2025,3/28/2025 20:35,2025,3,Friday,20,35.1619,-89.91725,Possible Injury,Pedestrian,Intersection-In Crosswalk,Intersection,Dark-Lighted,Not Collision with Motor Vehicle in Transport,Pedestrian,1,True,,,,,,,1436.188203,WARING RD,9.010040793,35,2,B,MEMPHIS,SHELBY,73878,9.010040793009916,City of Memphis,city_residual,city: no state-route overlap,WARING RD,False,False,False,City of Memphis,True,,1447.9,False,no_signal_coverage
300998274,1/25/2025,1/25/2025 20:05,2025,1,Saturday,20,35.0698,-89.90615,Possible Injury,Pedestrian,Not Intersection-On Roadway Crosswalk not Available,AccelDecelLane,Dawn,Not Collision with Motor Vehicle in Transport,Pedestrian,1,True,,,,,,,2364.298861,PRIVATE DR,34.62117738,30,2,B,MEMPHIS,SHELBY,35199,34.62117737595133,City of Memphis,city_residual,city: no state-route overlap,PRIVATE DR,False,False,False,City of Memphis,False,,89.6,False,
301023804,6/16/2025,6/16/2025 16:36,2025,6,Monday,16,35.137383,-89.99691,Possible Injury,Pedestrian,Intersection-In Crosswalk,Intersection,Daylight,Not Collision with Motor Vehicle in Transport,Pedestrian,1,True,,,,,,,273.8099262,S TUCKER ST,0.098261459,35,2,B,MEMPHIS,SHELBY,84420,0.0982614589001615,City of Memphis,city_residual,city: no state-route overlap,S TUCKER ST,False,False,False,City of Memphis,True,,379.2,False,no_signal_coverage
301021288,6/3/2025,6/3/2025 17:30,2025,6,Tuesday,17,35.206932,-89.894615,Possible Injury,Pedestrian,Intersection-On Roadway Crosswalk availability Unknown,Intersection-Related,Daylight,Not Collision with Motor Vehicle in Transport,Pedestrian,1,True,COVINGTON PIKE,,45.0,5.0,204,1.0,0.247036671,STAGE RD,0.257388042,45,6,B,MEMPHIS,SHELBY,48218,0.2573880415227079,TDOT state route,state_route_overlap,"state route: 100% overlap, name=STAGE",STAGE RD,False,False,False,TDOT state route,True,13627,29.6,False,no
301015072,4/30/2025,4/30/2025 1:46,2025,4,Wednesday,1,35.035324,-90.028435,Suspected Serious Injury,Pedestrian,Not Intersection-On Roadway Not In Crosswalk,Intersection-Related,Dark-Unknown Lighting,Not Collision with Motor Vehicle in Transport,Pedestrian,1,True,,,,,,,298.4364413,E RAINES RD,0.740828219,40,5,B,MEMPHIS,SHELBY,49712,0.7408282192609449,City of Memphis,city_residual,city: no state-route overlap,E RAINES RD,False,False,False,City of Memphis,False,,314.6,False,
300884596,5/3/2023,5/3/2023 22:56,2023,5,Wednesday,22,35.14032,-90.042816,Suspected Serious Injury,Pedestrian,Not Intersection-On Roadway Not In Crosswalk,Non-Junction,Dark-Lighted,Not Collision with Motor Vehicle in Transport,Pedestrian,1,True,UNION AVE,Principal Arterial,35.0,5.0,3,6.0,4.759301169,S LAUDERDALE ST,0.227926262,35,2,B,MEMPHIS,SHELBY,80581,0.2279262622147295,City of Memphis,city_residual,city: no state-route overlap,S LAUDERDALE ST,False,False,False,City of Memphis,False,,1.6,False,
301015225,4/29/2025,4/29/2025 20:53,2025,4,Tuesday,20,35.111393,-89.94591,Suspected Serious Injury,Pedestrian,Intersection-On Roadway not in Crosswalk,Intersection,Dark-Lighted,Not Collision with Motor Vehicle in Transport,Pedestrian,1,True,,,,,,,1781.734831,CARNES AVE,0.156577726,30,2,B,MEMPHIS,SHELBY,5694,0.1565777260774067,City of Memphis,city_residual,city: no state-route overlap,CARNES AVE,False,False,False,City of Memphis,True,,1801.2,False,no_signal_coverage
301013655,4/22/2025,4/22/2025 7:45,2025,4,Tuesday,7,35.086067,-90.04352,Possible Injury,Pedestrian,Not Intersection-On Roadway Not In Crosswalk,Non-Junction,Daylight,Not Collision with Motor Vehicle in Transport,Pedestrian,1,True,,,,,,,1209.322984,E MALLORY AVE,24.69955997,40,4,B,MEMPHIS,SHELBY,50870,24.69955997206058,City of Memphis,city_residual,city: no state-route overlap,E MALLORY AVE,False,False,False,City of Memphis,False,,1193.9,False,
300998409,1/26/2025,1/26/2025 19:58,2025,1,Sunday,19,35.199635,-89.970535,Suspected Serious Injury,Pedestrian,Not Intersection-On Roadway Not In Crosswalk,Non-Junction,Dark-Not Lighted,Not Collision with Motor Vehicle in Transport,Pedestrian,1,True,,,,,,,3856.114736,JAMES RD,6.944323259,45,4,B,MEMPHIS,SHELBY,49938,6.944323258767168,City of Memphis,city_residual,city: no state-route overlap,JAMES RD,False,False,False,City of Memphis,False,,843.5,False,
301008995,3/28/2025,3/28/2025 11:00,2025,3,Friday,11,35.02928,-90.10389,Possible Injury,Pedestrian,Not Intersection-Other Not On Roadway,Non-Junction,Daylight,Angle,Other,1,True,,,,,,,1726.184235,SHADOWLINE DR,0.245269354,30,2,B,MEMPHIS,SHELBY,26979,0.245269354118092,City of Memphis,city_residual,city: no state-route overlap,SHADOWLINE DR,False,False,False,City of Memphis,False,,1719.6,False,
301014935,4/28/2025,4/28/2025 21:01,2025,4,Monday,21,35.047585,-90.05515,Possible Injury,Pedestrian,Intersection-On Roadway Crosswalk Not Available,Intersection,Daylight,Not Collision with Motor Vehicle in Transport,Pedestrian,1,True,,,,,,,656.6458299,SOUTHLAND DR,1.990714762,30,2,B,MEMPHIS,SHELBY,27167,1.990714762420268,City of Memphis,city_residual,city: no state-route overlap,SOUTHLAND DR,False,False,False,City of Memphis,True,,690.3,False,no_signal_coverage