MstrRecNbrTxt,CollisionDate,CollisionDteTime,YearNmb,Month,DayOfWeek,Hour,Latitude,Longitude,InjuryClass,PersonType,NonMotoristLocation,RelationToJunction,LightCondition,MannerOfCollision,FirstHarmfulEvent,VictimsInCrash,InMemphis,StateRoute_NAME,StateRoute_F_System,StateRoute_SPDLIMIT,StateRoute_LANES,StateRoute_ALTNAME_1,StateRoute_Council_District,DistToStateRoute_m,Street_Name,DistToStreet_m,Street_SPDLIMIT,Street_LANES,Street_ONEWAY,Street_CITY_L,Street_COUNTY_L,Seg_OBJECTID,DistToSeg_m,Ownership,Rule_Fired,Classification_Basis,Matched_Street,is_limited_access,is_override,is_corner_case,Jurisdiction_prev,at_intersection,intersection_node_id,nearest_ped_signal_m,is_ambiguous_intersection,intersection_signalized
301026707,7/3/2025,7/3/2025 21:25,2025,7,Thursday,21,35.0522,-89.94639,Suspected Serious Injury,Pedestrian,Not Intersection-On Roadway Not In Crosswalk,Non-Junction,Dark-Lighted,Not Collision with Motor Vehicle in Transport,Pedestrian,1,True,,,,,,,1128.124807,WINCHESTER RD,4.941273191,45,7,B,MEMPHIS,SHELBY,49325,4.94127319067368,City of Memphis,city_residual,city: no state-route overlap,WINCHESTER RD,False,False,False,City of Memphis,False,,255.3,False,
301001664,2/15/2025,2/15/2025 0:50,2025,2,Saturday,0,35.06073,-89.866005,Possible Injury,Pedestrian,Not Intersection-On Roadway Not In Crosswalk,Non-Junction,Dark-Lighted,Not Collision with Motor Vehicle in Transport,Pedestrian,1,True,,,,,,,1500.384739,KNIGHT ARNOLD RD,0.226862984,40,4,B,MEMPHIS,SHELBY,49451,0.2268629837953599,City of Memphis,city_residual,city: no state-route overlap,KNIGHT ARNOLD RD,False,False,False,City of Memphis,False,,48.9,False,
300999934,2/4/2025,2/4/2025 23:35,2025,2,Tuesday,23,35.205753,-89.91397,No Injury,Pedestrian,Not Intersection-Outside Traffic,Intersection-Related,Dark-Lighted,Angle,Other,1,True,STAGE RD,Principal Arterial,45.0,6.0,15,1.0,13.79133994,COLEMAN RD,7.898357321,45,7,B,MEMPHIS,SHELBY,74855,7.898357321151784,City of Memphis,city_residual,city: no state-route overlap,COLEMAN RD,False,False,False,City of Memphis,False,,9.5,False,
301025827,6/29/2025,6/29/2025 0:00,2025,6,Sunday,99,35.0345,-89.84046,No Injury,Pedestrian,Not Intersection-Unknown,Unknown,Unknown,Not Collision with Motor Vehicle in Transport,Other,1,True,,,,,,,1561.082597,E RAINES RD,49.40870319,40,7,B,MEMPHIS,SHELBY,71460,49.40870318823374,City of Memphis,city_residual,city: no state-route overlap,E RAINES RD,False,False,False,City of Memphis,False,,813.1,False,
300999267,1/30/2025,1/30/2025 14:40,2025,1,Thursday,14,35.13462,-90.02075,Possible Injury,Pedestrian,Intersection-In Crosswalk,Intersection,Daylight,Not Collision with Motor Vehicle in Transport,Pedestrian,1,True,S BELLEVUE BLVD,Major Collector,35.0,4.0,3,6.0,0.090611484,LINDEN AVE,0.302919539,30,2,B,MEMPHIS,SHELBY,3725,0.3029195387437651,City of Memphis,city_residual,city: no state-route overlap,LINDEN AVE,False,False,True,City of Memphis,True,,302.7,False,no_signal_coverage
301016140,5/5/2025,5/5/2025 18:35,2025,5,Monday,18,35.03551,-90.02517,Possible Injury,Pedestrian,Not Intersection-On Roadway Crosswalk not Available,Unknown,Dawn,Not Collision with Motor Vehicle in Transport,Pedestrian,1,True,ELVIS PRESLEY BLVD,Principal Arterial,40.0,5.0,3,6.0,0.593214105,E RAINES RD,0.195758907,40,5,B,MEMPHIS,SHELBY,52714,0.1957589068347977,City of Memphis,city_residual,city: no state-route overlap,E RAINES RD,False,False,False,City of Memphis,False,3593,16.0,True,
301011740,4/11/2025,4/11/2025 19:10,2025,4,Friday,19,35.179314,-89.9764,Suspected Serious Injury,Pedestrian,Intersection-On Roadway not in Crosswalk,Non-Junction,Daylight,Not Collision with Motor Vehicle in Transport,Pedestrian,1,True,,,,,,,2363.836264,OAKWOOD ST,4.774331577,30,2,B,MEMPHIS,SHELBY,81786,4.774331576990313,City of Memphis,city_residual,city: no state-route overlap,OAKWOOD ST,False,False,False,City of Memphis,True,,1177.7,True,no_signal_coverage
301011257,4/9/2025,4/9/2025 7:35,2025,4,Wednesday,7,35.1311,-90.022545,Suspected Minor Injury,Pedestrian,Intersection-In Crosswalk,Intersection,Daylight,Not Collision with Motor Vehicle in Transport,Pedestrian,1,True,,,,,,,137.6102724,S WALDRAN BLVD,60.56972043,30,2,B,MEMPHIS,SHELBY,7943,60.56972043185048,City of Memphis,city_residual,city: no state-route overlap,S WALDRAN BLVD,False,False,False,City of Memphis,True,,180.5,True,no_signal_coverage
301009405,3/30/2025,3/30/2025 21:10,2025,3,Sunday,21,35.139824,-90.00475,Suspected Serious Injury,Pedestrian,Intersection-On Roadway Crosswalk Not Available,Non-Junction,Dark-Lighted,Not Collision with Motor Vehicle in Transport,Other,1,True,,,,,,,451.2615274,N BELVEDERE BLVD,0.126369989,35,2,B,MEMPHIS,SHELBY,8242,0.1263699893055135,City of Memphis,city_residual,city: no state-route overlap,N BELVEDERE BLVD,False,False,False,City of Memphis,True,,344.5,False,no_signal_coverage
301022225,6/8/2025,6/8/2025 0:10,2025,6,Sunday,0,35.10456,-90.0107,Possible Injury,Pedestrian,Intersection-Not on Roadway,OtherLocation,Dark-Not Lighted,Not Collision with Motor Vehicle in Transport,Pedestrian,1,True,,,,,,,847.2057919,ETHLYN AVE,0.270590133,30,2,B,MEMPHIS,SHELBY,5209,0.2705901325615814,City of Memphis,city_residual,city: no state-route overlap,ETHLYN AVE,False,False,False,City of Memphis,True,,872.2,False,no_signal_coverage
301018637,5/14/2025,5/14/2025 20:00,2025,5,Wednesday,20,35.137676,-90.0116,Possible Injury,Pedestrian,Intersection-In Crosswalk,AccelDecelLane,Dusk,Not Collision with Motor Vehicle in Transport,Pedestrian,1,True,,,,,,,143.2587862,MONROE AVE,31.56111765,30,2,B,MEMPHIS,SHELBY,3892,31.561117645980616,City of Memphis,city_residual,city: no state-route overlap,MONROE AVE,False,False,False,City of Memphis,True,,154.9,True,no_signal_coverage
301027592,7/9/2025,7/9/2025 23:37,2025,7,Wednesday,23,35.064884,-89.93243,Suspected Serious Injury,Pedestrian,Not Intersection-On Roadway Not In Crosswalk,Intersection-Related,Dark-Lighted,Not Collision with Motor Vehicle in Transport,Pedestrian,2,True,NEW GETWELL RD,Principal Arterial,40.0,2.0,176,3.0,0.318357572,GETWELL RD,0.018675577,40,2,FT,MEMPHIS,SHELBY,47309,0.0186755769238648,TDOT state route,state_route_overlap,"state route: 100% overlap, name=GETWELL",GETWELL RD,False,False,False,TDOT state route,False,,36.6,False,
301009842,4/1/2025,4/1/2025 11:00,2025,4,Tuesday,11,35.05478,-89.91401,Possible Injury,Pedestrian,Not Intersection-On Roadway Crosswalk not Available,Non-Junction,Daylight,Not Collision with Motor Vehicle in Transport,Pedestrian,1,True,,,,,,,1005.239485,BARBWOOD DR,18.34771274,30,2,B,MEMPHIS,SHELBY,26043,18.34771273882411,City of Memphis,city_residual,city: no state-route overlap,BARBWOOD DR,False,False,False,City of Memphis,False,,489.5,False,
301001578,2/13/2025,2/13/2025 6:50,2025,2,Thursday,6,35.039467,-90.06915,Possible Injury,Pedestrian,Not Intersection-On Roadway Not In Crosswalk,Intersection-Related,Daylight,Not Collision with Motor Vehicle in Transport,Pedestrian,1,True,S THIRD ST,Principal Arterial,45.0,7.0,14,6.0,2.800904365,S THIRD ST,0.323658045,45,7,B,MEMPHIS,SHELBY,46471,0.3236580454397738,TDOT state route,state_route_overlap,"state route: 100% overlap, name=S THIRD",S THIRD ST,False,False,False,TDOT state route,False,,16.5,False,
301011558,4/10/2025,4/10/2025 15:12,2025,4,Thursday,15,35.157127,-90.04804,Possible Injury,Pedestrian,Intersection-In Crosswalk,AccelDecelLane,Daylight,Not Collision with Motor Vehicle in Transport,Pedestrian,1,True,,,,,,,120.432682,N MAIN ST,0.30023839,35,3,B,MEMPHIS,SHELBY,80561,0.3002383895789257,City of Memphis,city_residual,city: no state-route overlap,N MAIN ST,False,False,False,City of Memphis,True,,113.1,False,no_signal_coverage
300996974,1/17/2025,1/17/2025 18:53,2025,1,Friday,18,35.065533,-89.82501,Possible Injury,Pedestrian,Intersection-On Roadway not in Crosswalk,Intersection,Dark-Lighted,Not Collision with Motor Vehicle in Transport,Pedestrian,1,True,,,,,,,1135.260007,RIVERDALE RD,8.698904545,40,2,B,MEMPHIS,SHELBY,69795,8.698904545342504,City of Memphis,city_residual,city: no state-route overlap,RIVERDALE RD,False,False,False,City of Memphis,True,18600,1158.4,False,no
301011322,4/9/2025,4/9/2025 15:15,2025,4,Wednesday,15,35.144215,-90.02126,Possible Injury,Pedestrian,Intersection-Unknown,Intersection,Daylight,Not Collision with Motor Vehicle in Transport,Pedestrian,1,True,,,,,,,756.9176691,POPLAR AVE,28.11522487,40,7,B,MEMPHIS,SHELBY,50390,28.115224869679587,City of Memphis,city_residual,city: no state-route overlap,POPLAR AVE,False,False,False,City of Memphis,True,,36.5,True,no_signal_coverage
301001080,2/11/2025,2/11/2025 12:30,2025,2,Tuesday,12,35.139027,-89.97891,Suspected Serious Injury,Pedestrian,Intersection-On Roadway not in Crosswalk,Intersection,Daylight,Not Collision with Motor Vehicle in Transport,Pedestrian,1,True,POPLAR AVE,Principal Arterial,40.0,6.0,57,5.0,4.266583996,POPLAR AVE,0.104692657,40,7,B,MEMPHIS,SHELBY,46881,0.1046926572408211,TDOT state route,state_route_overlap,"state route: 100% overlap, name=POPLAR",POPLAR AVE,False,False,False,TDOT state route,True,7538,17.8,False,yes
300998193,1/25/2025,1/25/2025 6:47,2025,1,Saturday,6,35.05477,-89.89505,No Injury,Pedestrian,Not Intersection-Outside Traffic,Non-Junction,Dawn,Not Collision with Motor Vehicle in Transport,Other,1,True,,,,,,,2479.996494,CEDRICK AVE,22.8083823,30,2,B,MEMPHIS,SHELBY,2224,22.80838229750983,City of Memphis,city_residual,city: no state-route overlap,CEDRICK AVE,False,False,False,City of Memphis,False,,468.2,False,
301025676,6/27/2025,6/27/2025 23:45,2025,6,Friday,23,35.018764,-90.00756,Possible Injury,Pedestrian,Not Intersection-Bike Path,Unknown,Dark-Lighted,Not Collision with Motor Vehicle in Transport,Pedestrian,1,True,,,,,,,255.4741835,MILLBRANCH RD,0.371803134,40,5,B,MEMPHIS,SHELBY,49767,0.3718031335901233,City of Memphis,city_residual,city: no state-route overlap,MILLBRANCH RD,False,False,False,City of Memphis,False,,234.7,False,
301020628,5/29/2025,5/29/2025 1:13,2025,5,Thursday,1,35.09949,-89.86322,Possible Injury,Pedestrian,Intersection-On Roadway Crosswalk availability Unknown,Intersection,Dark-Lighted,Not Collision with Motor Vehicle in Transport,Pedestrian,1,True,,,,,,,324.5006634,PARK AVE,51.60929665,40,4,B,MEMPHIS,SHELBY,53655,51.60929664679431,City of Memphis,city_residual,city: no state-route overlap,PARK AVE,False,False,False,City of Memphis,True,,322.9,True,no_signal_coverage
301009493,3/31/2025,3/31/2025 12:13,2025,3,Monday,12,35.205284,-89.92359,Suspected Serious Injury,Pedestrian,Not Intersection-Other Not On Roadway,Non-Junction,Daylight,Not Collision with Motor Vehicle in Transport,Pedestrian,2,True,AUSTIN PEAY HWY,Principal Arterial,50.0,3.0,14,7.0,16.2441945,AUSTIN PEAY HWY TO JAMES RD,0.062563361,45,1,FT,MEMPHIS,SHELBY,36476,0.0625633611823299,Interstate ramp (TDOT),interstate_ramp,interstate ramp: MTFCC S1630,AUSTIN PEAY HWY TO JAMES RD,True,False,False,Interstate ramp,False,,32.6,False,
301006447,3/14/2025,3/14/2025 23:40,2025,3,Friday,23,35.089504,-90.0245,Possible Injury,Pedestrian,Not Intersection-On Roadway Not In Crosswalk,Non-Junction,Dark-Lighted,Not Collision with Motor Vehicle in Transport,Pedestrian,1,True,,,,,,,567.4474042,HERNANDO RD,37.48217695,35,2,B,MEMPHIS,SHELBY,76611,37.48217695050848,City of Memphis,city_residual,city: no state-route overlap,HERNANDO RD,False,False,False,City of Memphis,False,,687.6,False,
301009722,4/1/2025,4/1/2025 13:35,2025,4,Tuesday,13,35.10955,-90.02173,Suspected Serious Injury,Pedestrian,Intersection-In Crosswalk,Non-Junction,Daylight,Not Collision with Motor Vehicle in Transport,Pedestrian,1,True,ELVIS PRESLEY BLVD,Minor Arterial,35.0,5.0,3,4.0,0.698191292,S PARKWAY E,0.154343365,35,5,B,MEMPHIS,SHELBY,53274,0.1543433653896312,City of Memphis,city_residual,city: no state-route overlap,S PARKWAY E,False,False,False,City of Memphis,True,4130,296.9,False,no
301002860,2/22/2025,2/22/2025 18:40,2025,2,Saturday,18,35.049618,-89.86694,Possible Injury,Pedestrian,Intersection-On Roadway not in Crosswalk,AccelDecelLane,Dark-Lighted,Not Collision with Motor Vehicle in Transport,Pedestrian,1,True,,,,,,,2607.476049,WINCHESTER RD,49.52857661,45,7,B,MEMPHIS,SHELBY,49448,49.52857661424567,City of Memphis,city_residual,city: no state-route overlap,WINCHESTER RD,False,False,False,City of Memphis,True,,43.5,True,no_signal_coverage
301013768,4/22/2025,4/22/2025 15:15,2025,4,Tuesday,15,35.13617,-90.00993,Possible Injury,Pedestrian,Not Intersection-Unknown,"Driveway, Alley Access, etc",Daylight,Not Collision with Motor Vehicle in Transport,Pedestrian,1,True,UNION AVE,Principal Arterial,35.0,6.0,23,5.0,4.907974618,UNION AVE,0.31411158,35,6,B,MEMPHIS,SHELBY,46786,0.3141115797904308,TDOT state route,state_route_overlap,"state route: 100% overlap, name=UNION",UNION AVE,False,False,False,TDOT state route,False,,219.1,False,
301007603,3/21/2025,3/21/2025 8:15,2025,3,Friday,8,35.1287,-89.94882,Possible Injury,Pedestrian,Intersection-On Roadway not in Crosswalk,OtherLocation,Daylight,Not Collision with Motor Vehicle in Transport,Pedestrian,1,True,POPLAR AVE,Principal Arterial,40.0,7.0,57,5.0,4.91830656,POPLAR AVE,0.547275428,40,7,B,MEMPHIS,SHELBY,47046,0.5472754279069656,TDOT state route,state_route_overlap,"state route: 100% overlap, name=POPLAR",POPLAR AVE,False,False,False,TDOT state route,True,9563,13.6,False,yes
301005732,3/10/2025,3/10/2025 18:45,2025,3,Monday,18,35.054394,-90.0202,Possible Injury,Pedestrian,Not Intersection-On Roadway Crosswalk not Available,Intersection-Related,Daylight,Not Collision with Motor Vehicle in Transport,Pedestrian,1,True,,,,,,,436.2641357,W DOVE CREEK CIR,12.75864251,30,2,B,MEMPHIS,SHELBY,9786,12.758642508236562,City of Memphis,city_residual,city: no state-route overlap,W DOVE CREEK CIR,False,False,False,City of Memphis,False,,419.6,False,
301003303,2/25/2025,2/25/2025 0:00,2025,2,Tuesday,99,35.10729,-90.032906,Possible Injury,Pedestrian,Intersection-Not on Roadway,Intersection,Dark-Lighted,Not Collision with Motor Vehicle in Transport,Pedestrian,1,True,,,,,,,1046.971364,KERR AVE,21.29351169,35,2,B,MEMPHIS,SHELBY,5031,21.29351168865525,City of Memphis,city_residual,city: no state-route overlap,KERR AVE,False,False,False,City of Memphis,True,,332.4,False,no_signal_coverage
301008510,3/26/2025,3/26/2025 13:20,2025,3,Wednesday,13,35.119232,-89.971664,Possible Injury,Pedestrian,Not Intersection-On Roadway Crosswalk not Available,AccelDecelLane,Daylight,Not Collision with Motor Vehicle in Transport,Pedestrian,1,True,,,,,,,1159.41119,BUNTYN ST,3.531566856,30,2,B,MEMPHIS,SHELBY,82679,3.531566855904153,City of Memphis,city_residual,city: no state-route overlap,BUNTYN ST,False,False,False,City of Memphis,False,,1143.7,False,
300977591,9/29/2024,9/29/2024 13:20,2024,9,Sunday,13,35.107944,-89.98516,Suspected Serious Injury,Pedestrian,Not Intersection-On Roadway Not In Crosswalk,Non-Junction,Daylight,Not Collision with Motor Vehicle in Transport,Pedestrian,1,True,AIRWAYS BLVD,Principal Arterial,35.0,5.0,277,4.0,20.15229855,AIRWAYS BLVD,20.61243722,35,5,B,MEMPHIS,SHELBY,46989,20.612437220249475,TDOT state route,state_route_overlap,"state route: 100% overlap, name=AIRWAYS",AIRWAYS BLVD,False,False,False,TDOT state route,False,7047,71.0,True,
301024918,6/23/2025,6/23/2025 22:22,2025,6,Monday,22,35.08624,-90.041306,Possible Injury,Pedestrian,Not Intersection-On Roadway Crosswalk not Available,AccelDecelLane,Dark-Lighted,Not Collision with Motor Vehicle in Transport,Pedestrian,3,True,,,,,,,1408.783964,E MALLORY AVE,1.081692131,40,4,B,MEMPHIS,SHELBY,50872,1.0816921311783847,City of Memphis,city_residual,city: no state-route overlap,E MALLORY AVE,False,False,False,City of Memphis,False,,1395.0,False,
301005664,3/10/2025,3/10/2025 10:30,2025,3,Monday,10,35.108543,-89.9849,Suspected Serious Injury,Pedestrian,Intersection-In Crosswalk,Intersection,Daylight,Not Collision with Motor Vehicle in Transport,Pedestrian,1,True,AIRWAYS BLVD,Principal Arterial,35.0,5.0,277,4.0,0.173469219,PARK AVE,0.075772946,35,5,B,MEMPHIS,SHELBY,51016,0.0757729464413112,City of Memphis,city_residual,city: no state-route overlap,PARK AVE,False,False,True,City of Memphis,True,7054,0.9,False,yes
301022850,6/11/2025,6/11/2025 17:20,2025,6,Wednesday,17,35.05005,-89.86638,Possible Injury,Pedestrian,Not Intersection-On Roadway Not In Crosswalk,Non-Junction,Daylight,Not Collision with Motor Vehicle in Transport,Pedestrian,1,True,,,,,,,2541.817242,WINCHESTER RD,0.097590836,45,7,B,MEMPHIS,SHELBY,49448,0.0975908360395385,City of Memphis,city_residual,city: no state-route overlap,WINCHESTER RD,False,False,False,City of Memphis,False,15093,26.5,True,
301011364,4/9/2025,4/9/2025 16:21,2025,4,Wednesday,16,35.135357,-90.00172,Possible Injury,Pedestrian,Not Intersection-On Roadway Not In Crosswalk,AccelDecelLane,Daylight,Not Collision with Motor Vehicle in Transport,Pedestrian,1,True,UNION AVE,Principal Arterial,35.0,6.0,23,5.0,4.77826706,UNION AVE,0.190082402,35,6,B,MEMPHIS,SHELBY,46814,0.1900824024055926,TDOT state route,state_route_overlap,"state route: 100% overlap, name=UNION",UNION AVE,False,False,False,TDOT state route,False,,150.5,False,
300976338,9/21/2024,9/21/2024 0:55,2024,9,Saturday,0,35.12391,-89.9715,Suspected Serious Injury,Pedestrian,Intersection-On Roadway Crosswalk Not Available,Non-Junction,Dark-Not Lighted,Not Collision with Motor Vehicle in Transport,Pedestrian,1,True,,,,,,,1032.132557,CENTRAL AVE,0.401014113,40,4,B,MEMPHIS,SHELBY,51054,0.4010141128687052,City of Memphis,city_residual,city: no state-route overlap,CENTRAL AVE,False,False,False,City of Memphis,True,,1150.2,False,no_signal_coverage
301022687,6/10/2025,6/10/2025 15:47,2025,6,Tuesday,15,35.143394,-90.047226,Possible Injury,Pedestrian,Intersection-Not on Roadway,Intersection,Daylight,Not Collision with Motor Vehicle in Transport,Other,1,True,,,,,,,194.7213823,FLOYD ALY,25.74787179,30,2,B,MEMPHIS,SHELBY,63,25.747871786234228,City of Memphis,city_residual,city: no state-route overlap,FLOYD ALY,False,False,False,City of Memphis,True,,229.0,True,no_signal_coverage
301024810,6/23/2025,6/23/2025 12:45,2025,6,Monday,12,35.07397,-89.90588,Possible Injury,Pedestrian,Intersection-In Crosswalk,Intersection,Daylight,Not Collision with Motor Vehicle in Transport,Pedestrian,1,True,,,,,,,2353.131921,AMERICAN WAY,0.13069065,45,6,B,MEMPHIS,SHELBY,49363,0.1306906502451434,City of Memphis,city_residual,city: no state-route overlap,AMERICAN WAY,False,False,False,City of Memphis,True,12318,420.7,False,no
301029574,7/21/2025,7/21/2025 17:00,2025,7,Monday,17,35.15186,-89.900986,Possible Injury,Pedestrian,Not Intersection-On Roadway Not In Crosswalk,Non-Junction,Daylight,Not Collision with Motor Vehicle in Transport,Pedestrian,1,True,,,,,,,361.1184944,BOWEN AVE,24.3142538,30,2,B,MEMPHIS,SHELBY,6841,24.314253797314432,City of Memphis,city_residual,city: no state-route overlap,BOWEN AVE,False,False,False,City of Memphis,False,,445.7,False,
300996295,1/13/2025,1/13/2025 16:45,2025,1,Monday,16,35.069546,-89.856255,Possible Injury,Pedestrian,Not Intersection-On Roadway Not In Crosswalk,AccelDecelLane,Daylight,Not Collision with Motor Vehicle in Transport,Pedestrian,1,True,,,,,,,197.1610065,MOUNT MORIAH ROAD EXT,0.515046287,45,5,B,MEMPHIS,SHELBY,52249,0.5150462873328949,City of Memphis,city_residual,city: no state-route overlap,MOUNT MORIAH ROAD EXT,False,False,False,City of Memphis,False,15866,705.9,True,
300971896,8/23/2024,8/23/2024 21:00,2024,8,Friday,21,35.061012,-90.075745,Possible Injury,Pedestrian,Not Intersection-Outside Traffic,AccelDecelLane,Dawn,Not Collision with Motor Vehicle in Transport,Pedestrian,1,True,,,,,,,1484.147324,ROCHESTER RD,24.00503086,30,2,B,MEMPHIS,SHELBY,71973,24.005030864729694,City of Memphis,city_residual,city: no state-route overlap,ROCHESTER RD,False,False,False,City of Memphis,False,,1507.9,False,
301009898,3/30/2025,3/30/2025 20:18,2025,3,Sunday,20,35.0765,-89.939,Suspected Serious Injury,Pedestrian,Not Intersection-On Roadway Not In Crosswalk,Non-Junction,Dark-Lighted,Not Collision with Motor Vehicle in Transport,Pedestrian,3,True,,,,,,,680.4311569,AMERICAN WAY,26.0442412,45,7,B,MEMPHIS,SHELBY,52402,26.04424120332464,City of Memphis,city_residual,city: no state-route overlap,AMERICAN WAY,False,False,False,City of Memphis,False,,664.4,False,
301000130,2/5/2025,2/5/2025 20:29,2025,2,Wednesday,20,35.049057,-89.82714,Suspected Serious Injury,Pedestrian,Not Intersection-On Roadway Not In Crosswalk,Intersection-Related,Dark-Lighted,Not Collision with Motor Vehicle in Transport,Pedestrian,1,True,,,,,,,435.9155524,WINCHESTER RD,0.04341104,45,7,B,MEMPHIS,SHELBY,51970,0.0434110404695064,City of Memphis,city_residual,city: no state-route overlap,WINCHESTER RD,False,False,False,City of Memphis,False,18364,19.8,True,
301008678,3/11/2025,3/11/2025 6:50,2025,3,Tuesday,6,35.128635,-90.02108,No Injury,Pedestrian,Not Intersection-On Roadway Crosswalk Availability Unknown,Intersection-Related,Dusk,Not Collision with Motor Vehicle in Transport,Pedestrian,1,True,S BELLEVUE BLVD,Minor Arterial,35.0,4.0,3,6.0,0.181509058,S BELLEVUE BLVD,0.25901548,35,4,B,MEMPHIS,SHELBY,46750,0.2590154795942856,TDOT state route,state_route_overlap,"state route: 100% overlap, name=S BELLEVUE",S BELLEVUE BLVD,False,False,False,TDOT state route,False,4259,155.7,True,
301022059,5/31/2025,5/31/2025 23:49,2025,5,Saturday,23,35.061422,-90.059311,Suspected Minor Injury,Pedestrian,Not Intersection-On Roadway Crosswalk not Available,Non-Junction,Dark-Lighted,Not Collision with Motor Vehicle in Transport,Pedestrian,1,True,S THIRD ST,Principal Arterial,45.0,7.0,14,6.0,6.488479262,S THIRD ST,5.873055443,45,7,B,MEMPHIS,SHELBY,46474,5.873055442812244,TDOT state route,state_route_overlap,"state route: 100% overlap, name=S THIRD",S THIRD ST,False,False,False,TDOT state route,False,,187.1,False,
301026773,7/4/2025,7/4/2025 15:34,2025,7,Friday,15,35.182423,-89.8719,Possible Injury,Pedestrian,Intersection-In Crosswalk,Intersection,Daylight,Not Collision with Motor Vehicle in Transport,Pedestrian,1,True,,,,,,,980.4024771,SYCAMORE VIEW RD,48.77659404,45,4,B,MEMPHIS,SHELBY,53224,48.77659403565352,City of Memphis,city_residual,city: no state-route overlap,SYCAMORE VIEW RD,False,False,False,City of Memphis,True,,38.3,True,no_signal_coverage
301029725,7/22/2025,7/22/2025 18:21,2025,7,Tuesday,18,35.181297,-89.93418,Possible Injury,Pedestrian,Intersection-On Roadway not in Crosswalk,Non-Junction,Daylight,Not Collision with Motor Vehicle in Transport,Pedestrian,1,True,JACKSON AVE,Principal Arterial,40.0,7.0,14,7.0,11.51286683,JACKSON AVE,8.71634407,40,7,B,MEMPHIS,SHELBY,48212,8.716344070121822,TDOT state route,state_route_overlap,"state route: 100% overlap, name=JACKSON",JACKSON AVE,False,False,False,TDOT state route,True,,465.8,True,no_signal_coverage
301025107,6/25/2025,6/25/2025 0:00,2025,6,Wednesday,99,35.1367,-90.019356,Possible Injury,Pedestrian,Not Intersection-On Roadway Not In Crosswalk,AccelDecelLane,Unknown,Not Collision with Motor Vehicle in Transport,Pedestrian,1,True,,,,,,,49.9393679,UNION AVE,45.35767036,35,6,B,MEMPHIS,SHELBY,46770,45.3576703572038,TDOT state route,state_route_overlap,"state route: 100% overlap, name=UNION",UNION AVE,False,False,False,TDOT state route,False,,133.3,False,
301028020,7/12/2025,7/12/2025 2:45,2025,7,Saturday,2,35.13695,-90.019646,Suspected Serious Injury,Pedestrian,Intersection-On Roadway Crosswalk Not Available,AccelDecelLane,Dark-Not Lighted,Not Collision with Motor Vehicle in Transport,Pedestrian,1,True,UNION AVE,Principal Arterial,35.0,6.0,23,6.0,25.57095748,UNION AVE,20.98956989,35,6,B,MEMPHIS,SHELBY,46770,20.989569894890863,TDOT state route,state_route_overlap,"state route: 100% overlap, name=UNION",UNION AVE,False,False,False,TDOT state route,True,,96.6,True,no_signal_coverage
301011641,4/10/2025,4/10/2025 11:56,2025,4,Thursday,11,35.106213,-89.859,Possible Injury,Pedestrian,Intersection-In Crosswalk,Intersection,Daylight,Not Collision with Motor Vehicle in Transport,Pedestrian,1,True,,,,,,,472.9356368,S SHADY GROVE RD,0.30067698,35,5,B,MEMPHIS,SHELBY,53674,0.3006769803293547,City of Memphis,city_residual,city: no state-route overlap,S SHADY GROVE RD,False,False,False,City of Memphis,True,,463.9,False,no_signal_coverage
301023160,6/13/2025,6/13/2025 16:35,2025,6,Friday,16,35.090023,-89.923676,Unknown,Pedestrian,Unknown,Intersection-Related,Daylight,Angle,Other,1,True,,,,,,,1266.657515,DUNN AVE,0.181343591,30,2,B,MEMPHIS,SHELBY,6204,0.1813435908509937,City of Memphis,city_residual,city: no state-route overlap,DUNN AVE,False,False,False,City of Memphis,False,,1164.5,False,
301013973,4/24/2025,4/24/2025 0:59,2025,4,Thursday,0,35.061337,-90.03378,Possible Injury,Pedestrian,Intersection-On Roadway Crosswalk Not Available,Intersection-Related,Dark-Lighted,Not Collision with Motor Vehicle in Transport,Pedestrian,2,True,,,,,,,907.7244165,E BROOKS RD,48.77814908,45,5,B,MEMPHIS,SHELBY,49709,48.77814907820578,City of Memphis,city_residual,city: no state-route overlap,E BROOKS RD,False,False,False,City of Memphis,True,,746.6,True,no_signal_coverage
301008084,3/24/2025,3/24/2025 10:15,2025,3,Monday,10,35.135654,-89.96237,Possible Injury,Pedestrian,Intersection-In Crosswalk,Intersection,Daylight,Not Collision with Motor Vehicle in Transport,Pedestrian,1,True,WALNUT GROVE RD,Minor Arterial,35.0,5.0,23,5.0,4.942329607,TILLMAN ST,0.356673806,35,4,B,MEMPHIS,SHELBY,51109,0.3566738059899433,City of Memphis,city_residual,city: no state-route overlap,TILLMAN ST,False,False,True,City of Memphis,True,8693,260.8,False,no