MstrRecNbrTxt,CollisionDate,CollisionDteTime,YearNmb,Month,DayOfWeek,Hour,Latitude,Longitude,InjuryClass,PersonType,NonMotoristLocation,RelationToJunction,LightCondition,MannerOfCollision,FirstHarmfulEvent,VictimsInCrash,InMemphis,StateRoute_NAME,StateRoute_F_System,StateRoute_SPDLIMIT,StateRoute_LANES,StateRoute_ALTNAME_1,StateRoute_Council_District,DistToStateRoute_m,Street_Name,DistToStreet_m,Street_SPDLIMIT,Street_LANES,Street_ONEWAY,Street_CITY_L,Street_COUNTY_L,Seg_OBJECTID,DistToSeg_m,Ownership,Rule_Fired,Classification_Basis,Matched_Street,is_limited_access,is_override,is_corner_case,Jurisdiction_prev,at_intersection,intersection_node_id,nearest_ped_signal_m,is_ambiguous_intersection,intersection_signalized
300999925,2/4/2025,2/4/2025 18:08,2025,2,Tuesday,18,35.050526,-89.90229,Suspected Serious Injury,Pedestrian,Not Intersection-On Roadway Not In Crosswalk,Non-Junction,Dusk,Not Collision with Motor Vehicle in Transport,Pedestrian,1,True,,,,,,,1700.355845,OUTLAND RD,49.35859923,40,5,B,MEMPHIS,SHELBY,51864,49.35859923055553,City of Memphis,city_residual,city: no state-route overlap,OUTLAND RD,False,False,False,City of Memphis,False,,44.0,False,
301019868,5/24/2025,5/24/2025 20:50,2025,5,Saturday,20,35.10915,-89.98218,Suspected Serious Injury,Pedestrian,Not Intersection-On Roadway Not In Crosswalk,Unknown,Unknown,Not Collision with Motor Vehicle in Transport,Pedestrian,1,True,,,,,,,244.9624647,SARATOGA AVE,0.193219381,30,2,B,MEMPHIS,SHELBY,5262,0.1932193814378685,City of Memphis,city_residual,city: no state-route overlap,SARATOGA AVE,False,False,False,City of Memphis,False,,256.1,False,
301023369,6/14/2025,6/14/2025 20:15,2025,6,Saturday,20,35.156425,-89.937675,Suspected Minor Injury,Pedestrian,Not Intersection-Outside Traffic,Intersection,Dark-Lighted,Not Collision with Motor Vehicle in Transport,Pedestrian,1,True,,,,,,,783.3997837,FREEMAN ST,5.265185947,30,2,B,MEMPHIS,SHELBY,83282,5.265185947386919,City of Memphis,city_residual,city: no state-route overlap,FREEMAN ST,False,False,False,City of Memphis,False,,970.7,False,
301002711,2/21/2025,2/21/2025 19:05,2025,2,Friday,19,35.035442,-90.02482,Possible Injury,Pedestrian,Intersection-On Roadway not in Crosswalk,AccelDecelLane,Dark-Lighted,Not Collision with Motor Vehicle in Transport,Pedestrian,1,True,,,,,,,31.37959087,E RAINES RD,7.996160554,40,5,B,MEMPHIS,SHELBY,49722,7.996160554262564,City of Memphis,city_residual,city: no state-route overlap,E RAINES RD,False,False,False,City of Memphis,True,,17.6,True,no_signal_coverage
301023153,6/13/2025,6/13/2025 0:00,2025,6,Friday,99,35.047493,-89.86682,Unknown,Other Non-Motorist,Unknown,Non-Junction,Unknown,Not Collision with Motor Vehicle in Transport,Other,1,True,,,,,,,2814.996008,HICKORY HILL RD,40.30128871,45,7,B,MEMPHIS,SHELBY,53042,40.301288705492695,City of Memphis,city_residual,city: no state-route overlap,HICKORY HILL RD,False,False,False,City of Memphis,False,,266.4,False,
301006264,3/13/2025,3/13/2025 17:26,2025,3,Thursday,17,35.053234,-89.88645,Suspected Serious Injury,Pedestrian,Not Intersection-On Roadway Not In Crosswalk,Non-Junction,Daylight,Not Collision with Motor Vehicle in Transport,Pedestrian,1,True,,,,,,,3069.335399,WAYFARER CIR,19.60529606,30,2,B,MEMPHIS,SHELBY,9693,19.60529605828377,City of Memphis,city_residual,city: no state-route overlap,WAYFARER CIR,False,False,False,City of Memphis,False,,298.9,False,
300996375,1/14/2025,1/14/2025 7:48,2025,1,Tuesday,7,35.157948,-89.97601,Suspected Minor Injury,Pedestrian,Not Intersection-On Roadway Crosswalk not Available,Non-Junction,Daylight,Not Collision with Motor Vehicle in Transport,Pedestrian,1,True,JACKSON AVE,Principal Arterial,40.0,5.0,14,7.0,4.687374336,JACKSON AVE,0.028110144,40,5,B,MEMPHIS,SHELBY,46906,0.0281101443445548,TDOT state route,state_route_overlap,"state route: 100% overlap, name=JACKSON",JACKSON AVE,False,False,False,TDOT state route,False,7804,15.7,True,
300999401,2/1/2025,2/1/2025 14:30,2025,2,Saturday,14,35.099426,-89.93102,No Injury,Pedestrian,Intersection-In Crosswalk,Intersection,Daylight,Not Collision with Motor Vehicle in Transport,Pedestrian,1,True,,,,,,,2101.938345,RHODES AVE,1.603648036,35,4,B,MEMPHIS,SHELBY,51318,1.6036480355547262,City of Memphis,city_residual,city: no state-route overlap,RHODES AVE,False,False,False,City of Memphis,True,,1984.9,False,no_signal_coverage
300995628,1/8/2025,1/8/2025 16:00,2025,1,Wednesday,16,35.101006,-89.97865,Possible Injury,Pedestrian,Not Intersection-Outside Traffic,Unknown,Daylight,Angle,Other,2,True,LAMAR AVE,Principal Arterial,40.0,5.0,4,4.0,8.266503628,LAMAR AVE,4.434138158,40,5,B,MEMPHIS,SHELBY,46992,4.434138158060346,TDOT state route,state_route_overlap,"state route: 100% overlap, name=LAMAR",LAMAR AVE,False,False,False,TDOT state route,False,,670.3,False,
301005400,3/8/2025,3/8/2025 6:00,2025,3,Saturday,6,35.1603,-90.035835,No Injury,Pedestrian,Unknown,Non-Junction,Unknown,Not Collision with Motor Vehicle in Transport,Other,1,True,,,,,,,32.1601031,LOONEY AVE,24.89586564,30,2,B,MEMPHIS,SHELBY,3567,24.89586563748027,City of Memphis,city_residual,city: no state-route overlap,LOONEY AVE,False,False,False,City of Memphis,False,,409.9,False,
301020562,5/29/2025,5/29/2025 17:15,2025,5,Thursday,17,35.16884,-90.022896,Possible Injury,Pedestrian,Intersection-On Roadway not in Crosswalk,Intersection-Related,Daylight,Not Collision with Motor Vehicle in Transport,Pedestrian,1,True,,,,,,,1207.181776,CHELSEA AVE,0.252364694,40,5,B,MEMPHIS,SHELBY,50394,0.2523646939622764,City of Memphis,city_residual,city: no state-route overlap,CHELSEA AVE,False,False,False,City of Memphis,True,4275,372.6,False,no
301022525,6/9/2025,6/9/2025 21:50,2025,6,Monday,21,35.14318,-90.0071,Suspected Minor Injury,Pedestrian,Not Intersection-On Roadway Not In Crosswalk,Non-Junction,Dark-Lighted,Not Collision with Motor Vehicle in Transport,Pedestrian,1,True,,,,,,,796.8431547,N AVALON ST,0.203807083,35,2,B,MEMPHIS,SHELBY,84121,0.2038070834616866,City of Memphis,city_residual,city: no state-route overlap,N AVALON ST,False,False,False,City of Memphis,False,5543,0.6,True,
301000756,2/1/2025,2/1/2025 23:00,2025,2,Saturday,23,35.155174,-89.798775,No Injury,Other Non-Motorist,Not Intersection-Other Not On Roadway,Non-Junction,Dark-Not Lighted,Angle,Other,1,True,,,,,,,309.5228035,ANNES CIR,15.16305768,30,2,B,MEMPHIS,SHELBY,9003,15.163057676120692,City of Memphis,city_residual,city: no state-route overlap,ANNES CIR,False,False,False,City of Memphis,False,,330.8,False,
301031799,8/3/2025,8/3/2025 20:23,2025,8,Sunday,20,35.10679,-90.0648,Possible Injury,Pedestrian,Intersection-On Roadway not in Crosswalk,Non-Junction,Dark-Lighted,Not Collision with Motor Vehicle in Transport,Pedestrian,1,True,,,,,,,860.1898218,KANSAS ST,0.202974478,35,2,B,MEMPHIS,SHELBY,82021,0.2029744780554102,City of Memphis,city_residual,city: no state-route overlap,KANSAS ST,False,False,False,City of Memphis,True,1136,850.4,False,no
300997604,1/21/2025,1/21/2025 18:00,2025,1,Tuesday,18,35.020733,-89.952866,Possible Injury,Pedestrian,Intersection-On Roadway not in Crosswalk,AccelDecelLane,Dusk,Not Collision with Motor Vehicle in Transport,Pedestrian,1,True,E SHELBY DR,Principal Arterial,45.0,7.0,175,3.0,5.667996071,E SHELBY DR,0.982242342,45,7,B,MEMPHIS,SHELBY,46398,0.9822423423371456,TDOT state route,state_route_overlap,"state route: 100% overlap, name=E SHELBY",E SHELBY DR,False,False,False,TDOT state route,True,,139.2,True,no_signal_coverage
301005112,3/6/2025,3/6/2025 7:12,2025,3,Thursday,7,35.057228,-89.88584,Possible Injury,Pedestrian,Intersection-On Roadway not in Crosswalk,Intersection,Daylight,Not Collision with Motor Vehicle in Transport,Pedestrian,1,True,,,,,,,2702.131057,S MENDENHALL RD,14.93366825,40,7,B,MEMPHIS,SHELBY,49409,14.933668251089324,City of Memphis,city_residual,city: no state-route overlap,S MENDENHALL RD,False,False,False,City of Memphis,True,13729,742.1,False,no
301026863,7/1/2025,7/1/2025 20:00,2025,7,Tuesday,20,35.107574,-89.92609,Possible Injury,Pedestrian,Intersection-In Crosswalk,Intersection-Related,Dark-Unknown Lighting,Not Collision with Motor Vehicle in Transport,Pedestrian,1,True,,,,,,,1658.391758,S GOODLETT ST,12.68141103,40,4,B,MEMPHIS,SHELBY,51353,12.68141102745498,City of Memphis,city_residual,city: no state-route overlap,S GOODLETT ST,False,False,False,City of Memphis,True,10966,1689.9,False,no
301020543,5/29/2025,5/29/2025 10:24,2025,5,Thursday,10,35.1361,-90.02693,Possible Injury,Pedestrian,Intersection-In Crosswalk,Non-Junction,Daylight,Not Collision with Motor Vehicle in Transport,Pedestrian,1,True,,,,,,,146.49946,EASTMORELAND AVE,0.231362213,30,2,B,MEMPHIS,SHELBY,7140,0.2313622128492573,City of Memphis,city_residual,city: no state-route overlap,EASTMORELAND AVE,False,False,False,City of Memphis,True,,240.2,False,no_signal_coverage
300994636,1/1/2025,1/1/2025 19:29,2025,1,Wednesday,19,35.20584,-89.913925,No Injury,Pedestrian,Not Intersection-Unknown,AccelDecelLane,Dark-Lighted,Angle,Other,1,True,STAGE RD,Principal Arterial,45.0,6.0,15,1.0,5.017184341,STAGE RD,0.388195567,45,6,B,MEMPHIS,SHELBY,46562,0.3881955669398118,TDOT state route,state_route_overlap,"state route: 100% overlap, name=STAGE",STAGE RD,False,False,False,TDOT state route,False,,17.8,False,
301004501,3/2/2025,3/2/2025 13:45,2025,3,Sunday,13,35.096012,-89.925415,Possible Injury,Pedestrian,Not Intersection-Unknown,Non-Junction,Daylight,Not Collision with Motor Vehicle in Transport,Other,1,True,,,,,,,1804.754419,MEADOW DR,26.54561332,30,2,B,MEMPHIS,SHELBY,29603,26.54561331770166,City of Memphis,city_residual,city: no state-route overlap,MEADOW DR,False,False,False,City of Memphis,False,,1692.7,False,
301002564,2/20/2025,2/20/2025 20:24,2025,2,Thursday,20,35.169334,-89.86542,Possible Injury,Pedestrian,Not Intersection-On Roadway Not In Crosswalk,Non-Junction,Dark-Lighted,Not Collision with Motor Vehicle in Transport,Pedestrian,1,True,,,,,,,403.8179159,SYCAMORE VIEW RD,14.04324484,45,7,B,MEMPHIS,SHELBY,50094,14.043244839896198,City of Memphis,city_residual,city: no state-route overlap,SYCAMORE VIEW RD,False,False,False,City of Memphis,False,,127.2,False,
301013587,4/21/2025,4/21/2025 18:35,2025,4,Monday,18,35.02621,-89.86514,Possible Injury,Pedestrian,Not Intersection-On Roadway Not In Crosswalk,Non-Junction,Daylight,Not Collision with Motor Vehicle in Transport,Pedestrian,1,True,,,,,,,645.2750396,HICKORY LEAF DR,21.83246736,30,2,B,MEMPHIS,SHELBY,26184,21.832467356520848,City of Memphis,city_residual,city: no state-route overlap,HICKORY LEAF DR,False,False,False,City of Memphis,False,,631.7,False,
301004951,3/5/2025,3/5/2025 11:02,2025,3,Wednesday,11,35.14255,-90.0511,No Injury,Pedestrian,Intersection-In Crosswalk,Intersection,Daylight,Not Collision with Motor Vehicle in Transport,Pedestrian,1,True,S THIRD ST,Minor Arterial,35.0,3.0,14,6.0,1.176868392,UNION AVE,0.429815127,35,5,B,MEMPHIS,SHELBY,50279,0.4298151266477996,TDOT state route,state_route_overlap,"state route: 100% overlap, name=UNION",UNION AVE,False,False,False,TDOT state route,True,,164.4,False,no_signal_coverage
301026657,7/3/2025,7/3/2025 21:00,2025,7,Thursday,21,35.109943,-90.05235,Possible Injury,Pedestrian,Not Intersection-On Roadway Not In Crosswalk,SharedUsePathOrTrail,Dark-Not Lighted,Not Collision with Motor Vehicle in Transport,Pedestrian,1,True,,,,,,,267.5993059,LATHAM ST,25.08694685,30,2,B,MEMPHIS,SHELBY,82129,25.08694685378759,City of Memphis,city_residual,city: no state-route overlap,LATHAM ST,False,False,False,City of Memphis,False,,349.3,False,
301016950,5/8/2025,5/8/2025 20:32,2025,5,Thursday,20,35.085995,-89.96237,Possible Injury,Pedestrian,Intersection-In Crosswalk,AccelDecelLane,Dark-Lighted,Not Collision with Motor Vehicle in Transport,Pedestrian,1,True,LAMAR AVE,Principal Arterial,40.0,5.0,4,4.0,3.295591925,SEMMES ST,0.207648042,30,5,B,MEMPHIS,SHELBY,82735,0.2076480421632787,City of Memphis,city_residual,city: no state-route overlap,SEMMES ST,False,False,True,City of Memphis,True,8532,15.5,False,yes
301004076,2/28/2025,2/28/2025 14:30,2025,2,Friday,14,35.04577,-89.84503,Suspected Minor Injury,Pedestrian,Intersection-Not on Roadway,Intersection,Daylight,Not Collision with Motor Vehicle in Transport,Pedestrian,1,True,,,,,,,1666.795491,HART CV,30.04806675,25,2,B,MEMPHIS,SHELBY,14678,30.048066747366903,City of Memphis,city_residual,city: no state-route overlap,HART CV,False,False,False,City of Memphis,True,,406.9,True,no_signal_coverage
301008169,3/24/2025,3/24/2025 14:00,2025,3,Monday,14,35.140484,-89.98288,Possible Injury,Pedestrian,Not Intersection-Unknown,Intersection-Related,Daylight,Not Collision with Motor Vehicle in Transport,Pedestrian,1,True,E PARKWAY,Principal Arterial,40.0,3.0,277,5.0,3.423257972,E PARKWAY N,0.103057416,40,3,TF,MEMPHIS,SHELBY,48117,0.1030574163878771,TDOT state route,state_route_overlap,"state route: 100% overlap, name=E PARKWAY",E PARKWAY N,False,False,False,TDOT state route,False,7273,10.7,True,
301001945,2/16/2025,2/16/2025 22:00,2025,2,Sunday,22,35.02026,-89.93568,Possible Injury,Pedestrian,Intersection-Not on Roadway,Intersection,Dark-Lighted,Other,Other,1,True,,,,,,,46.22243933,E SHELBY DR,41.53978436,45,7,B,MEMPHIS,SHELBY,46410,41.53978436062092,TDOT state route,state_route_overlap,"state route: 100% overlap, name=E SHELBY",E SHELBY DR,False,False,False,TDOT state route,True,,96.6,True,no_signal_coverage
301018398,5/17/2025,5/17/2025 4:29,2025,5,Saturday,4,35.035267,-89.86451,No Injury,Pedestrian,Unknown,Through Roadway,Dark-Lighted,Not Collision with Motor Vehicle in Transport,Other,1,True,,,,,,,1650.27177,RAINTREE DR,24.58461995,30,2,B,MEMPHIS,SHELBY,26224,24.58461994806532,City of Memphis,city_residual,city: no state-route overlap,RAINTREE DR,False,False,False,City of Memphis,False,,1630.0,False,
300994761,12/29/2024,12/29/2024 5:35,2024,12,Sunday,5,35.153957,-90.03372,Unknown,Pedestrian,Intersection-Unknown,Intersection,Dark-Lighted,Not Collision with Motor Vehicle in Transport,Pedestrian,1,True,,,,,,,175.672942,N MANASSAS ST,0.179524421,35,3,B,MEMPHIS,SHELBY,84902,0.1795244207074096,City of Memphis,city_residual,city: no state-route overlap,N MANASSAS ST,False,False,False,City of Memphis,True,,188.7,False,no_signal_coverage
300999666,2/3/2025,2/3/2025 14:16,2025,2,Monday,14,35.154545,-89.9733,Suspected Serious Injury,Pedestrian,Not Intersection-On Roadway Not In Crosswalk,Non-Junction,Daylight,Not Collision with Motor Vehicle in Transport,Pedestrian,1,True,,,,,,,383.6153244,PERSHING AVE,19.68930425,30,2,B,MEMPHIS,SHELBY,4500,19.68930425442899,City of Memphis,city_residual,city: no state-route overlap,PERSHING AVE,False,False,False,City of Memphis,False,,390.3,False,
301016061,5/5/2025,5/5/2025 5:34,2025,5,Monday,5,35.148259,-90.043566,Fatal,Pedestrian,Intersection-In Crosswalk,Intersection-Related,Dark-Lighted,Not Collision with Motor Vehicle in Transport,Pedestrian,1,True,N DANNY THOMAS BLVD,Principal Arterial,35.0,7.0,1,7.0,1.253903656,POPLAR AVE,0.33727363,35,5,B,MEMPHIS,SHELBY,50319,0.3372736301777158,City of Memphis,city_residual,city: no state-route overlap,POPLAR AVE,False,False,False,City of Memphis,True,2634,25.1,False,yes
300922007,11/5/2023,11/5/2023 18:17,2023,11,Sunday,18,35.068485,-90.02571,Fatal,Pedestrian,Not Intersection-Other Not On Roadway,Entrance/Exit Ramp Related,Dark-Lighted,Front to Rear,Other,3,True,,,,,,,342.9517365,INTERSTATE 55 N,0.305932556,65,5,FT,MEMPHIS,SHELBY,39888,0.3059325556626174,Interstate (TDOT),interstate_mainline,interstate: MTFCC S1100,INTERSTATE 55 N,True,False,False,Interstate (TDOT),False,,753.4,False,
300937038,1/23/2024,1/23/2024 21:42,2024,1,Tuesday,21,35.039467,-90.06915,Fatal,Pedestrian,Not Intersection-On Roadway Crosswalk not Available,Non-Junction,Dark-Lighted,Not Collision with Motor Vehicle in Transport,Pedestrian,1,True,S THIRD ST,Principal Arterial,45.0,7.0,14,6.0,2.800904365,S THIRD ST,0.323658045,45,7,B,MEMPHIS,SHELBY,46471,0.3236580454397738,TDOT state route,state_route_overlap,"state route: 100% overlap, name=S THIRD",S THIRD ST,False,False,False,TDOT state route,False,,16.5,False,
300994606,1/1/2025,1/1/2025 21:06,2025,1,Wednesday,21,35.128716,-90.02108,Fatal,Pedestrian,Not Intersection-On Roadway Not In Crosswalk,OtherLocation,Dark-Lighted,Not Collision with Motor Vehicle in Transport,Pedestrian,1,True,S BELLEVUE BLVD,Minor Arterial,35.0,4.0,3,6.0,0.161357838,LAMAR AVE,0.36499303,40,7,B,MEMPHIS,SHELBY,47391,0.364993030220579,TDOT state route,state_route_overlap,"state route: 100% overlap, name=LAMAR",LAMAR AVE,False,False,False,TDOT state route,False,4259,150.5,True,
300928875,12/9/2023,12/9/2023 21:16,2023,12,Saturday,21,35.099583,-89.95098,Fatal,Pedestrian,Intersection-Unknown,Intersection,Dark-Lighted,Not Collision with Motor Vehicle in Transport,Pedestrian,1,True,,,,,,,1705.795447,BARRON AVE,16.20675232,40,4,B,MEMPHIS,SHELBY,51169,16.206752320224368,City of Memphis,city_residual,city: no state-route overlap,BARRON AVE,False,False,False,City of Memphis,True,,1717.0,True,no_signal_coverage
300974213,9/8/2024,9/8/2024 2:18,2024,9,Sunday,2,35.163914,-89.86537,Suspected Serious Injury,Pedestrian,Not Intersection-On Roadway Crosswalk not Available,Non-Junction,Dark-Lighted,Other,Other,1,True,,,,,,,791.8873739,INTERSTATE 40 W,0.255024249,65,5,TF,MEMPHIS,SHELBY,39454,0.2550242489121311,Interstate (TDOT),interstate_mainline,interstate: MTFCC S1100,INTERSTATE 40 W,True,False,False,Interstate (TDOT),False,,401.1,False,
301007302,3/19/2025,3/19/2025 19:48,2025,3,Wednesday,19,35.148705,-89.9071,Fatal,Pedestrian,Not Intersection-On Roadway Not In Crosswalk,Non-Junction,Dark-Lighted,Not Collision with Motor Vehicle in Transport,Pedestrian,1,True,SUMMER AVE,Principal Arterial,40.0,7.0,1,5.0,3.614957976,SUMMER AVE,1.040314419,40,7,B,MEMPHIS,SHELBY,48639,1.0403144186811124,TDOT state route,state_route_overlap,"state route: 100% overlap, name=SUMMER",SUMMER AVE,False,False,False,TDOT state route,False,,68.2,False,
300965374,7/7/2024,7/7/2024 4:59,2024,7,Sunday,4,35.053356,-89.98646,Fatal,Pedestrian,Not Intersection-On Roadway Not In Crosswalk,OtherLocation,Dark-Lighted,Not Collision with Motor Vehicle in Transport,Pedestrian,1,True,,,,,,,3498.952688,WINCHESTER RD,0.167313195,40,2,TF,MEMPHIS,SHELBY,52411,0.1673131948336642,City of Memphis,city_residual,city: no state-route overlap,WINCHESTER RD,False,False,False,City of Memphis,False,6798,307.6,True,
300937420,1/24/2024,1/24/2024 20:06,2024,1,Wednesday,20,35.21127,-89.923004,Fatal,Pedestrian,Not Intersection-On Roadway Not In Crosswalk,Non-Junction,Dark-Not Lighted,Not Collision with Motor Vehicle in Transport,Pedestrian,1,True,,,,,,,282.906275,RALEIGH MILLINGTON RD,1.303971742,40,4,B,MEMPHIS,SHELBY,47206,1.3039717420091357,City of Memphis,city_residual,city: no state-route overlap,RALEIGH MILLINGTON RD,False,False,False,City of Memphis,False,,353.7,False,
301018662,5/17/2025,5/17/2025 20:00,2025,5,Saturday,20,35.106117,-89.98578,Fatal,Pedestrian,Intersection-On Roadway not in Crosswalk,Non-Junction,Dusk,Not Collision with Motor Vehicle in Transport,Pedestrian,1,True,,,,,,,51.67962386,AIRWAYS BLVD,54.1235966,35,5,B,MEMPHIS,SHELBY,46983,54.123596604274894,TDOT state route,state_route_overlap,"state route: 100% overlap, name=AIRWAYS",AIRWAYS BLVD,False,False,False,TDOT state route,True,,86.7,True,no_signal_coverage
300990919,12/12/2024,12/12/2024 18:50,2024,12,Thursday,18,35.061245,-89.866714,Fatal,Pedestrian,Not Intersection-On Roadway Not In Crosswalk,Non-Junction,Dark-Not Lighted,Not Collision with Motor Vehicle in Transport,Pedestrian,1,True,,,,,,,1491.196015,KNIGHT ARNOLD RD,54.56653516,40,4,B,MEMPHIS,SHELBY,49451,54.566535164710594,City of Memphis,city_residual,city: no state-route overlap,KNIGHT ARNOLD RD,False,False,False,City of Memphis,False,,80.6,False,
300962531,6/18/2024,6/18/2024 20:43,2024,6,Tuesday,20,35.035297,-90.03157,Fatal,Pedestrian,Intersection-On Roadway not in Crosswalk,Non-Junction,Dark-Lighted,Not Collision with Motor Vehicle in Transport,Pedestrian,1,True,,,,,,,584.498124,E RAINES RD,0.455556475,40,5,B,MEMPHIS,SHELBY,52325,0.4555564750472641,City of Memphis,city_residual,city: no state-route overlap,E RAINES RD,False,False,False,City of Memphis,True,,600.5,False,no_signal_coverage
301003002,2/20/2025,2/20/2025 21:36,2025,2,Thursday,21,35.020798,-89.95201,Fatal,Pedestrian,Intersection-On Roadway not in Crosswalk,Non-Junction,Dark-Lighted,Not Collision with Motor Vehicle in Transport,Pedestrian,1,True,E SHELBY DR,Principal Arterial,45.0,7.0,175,3.0,2.105047996,E SHELBY DR,6.79070534,45,7,B,MEMPHIS,SHELBY,46398,6.790705340337185,TDOT state route,state_route_overlap,"state route: 100% overlap, name=E SHELBY",E SHELBY DR,False,False,False,TDOT state route,True,,217.6,True,no_signal_coverage
300977561,9/29/2024,9/29/2024 0:48,2024,9,Sunday,0,35.135178,-90.000084,Fatal,Pedestrian,Intersection-On Roadway not in Crosswalk,Crossover-Related,Dark-Lighted,Not Collision with Motor Vehicle in Transport,Pedestrian,1,True,UNION AVE,Principal Arterial,35.0,6.0,23,5.0,4.998838579,S MCLEAN BLVD,0.40530859,35,4,B,MEMPHIS,SHELBY,53276,0.4053085900601786,City of Memphis,city_residual,city: no state-route overlap,S MCLEAN BLVD,False,False,True,City of Memphis,True,,0.6,False,no_signal_coverage
300953626,4/24/2024,4/24/2024 23:05,2024,4,Wednesday,23,35.177692,-89.93764,Fatal,Pedestrian,Not Intersection-On Roadway Not In Crosswalk,Intersection,Dark-Lighted,Not Collision with Motor Vehicle in Transport,Pedestrian,1,True,JACKSON AVE,Principal Arterial,40.0,6.0,14,7.0,2.841950052,JACKSON AVE,0.014088716,35,2,B,MEMPHIS,SHELBY,7422,0.0140887155444197,TDOT state route,force_state_route_completeness,force-state-route: 39% collinear w/ same-named SR (JACKSON),JACKSON AVE,False,True,False,City of Memphis,False,10407,43.5,True,
300991307,12/15/2024,12/15/2024 12:09,2024,12,Sunday,12,35.199184,-89.97582,Fatal,Pedestrian,Not Intersection-Adjacent to Roadway,OtherLocation,Daylight,Not Collision with Motor Vehicle in Transport,Pedestrian,1,True,,,,,,,4199.932092,N HOLLYWOOD ST,0.016140173,40,6,B,MEMPHIS,SHELBY,52416,0.0161401725701178,City of Memphis,city_residual,city: no state-route overlap,N HOLLYWOOD ST,False,False,False,City of Memphis,False,,648.6,False,
300987969,11/26/2024,11/26/2024 23:19,2024,11,Tuesday,23,35.223107,-89.940349,Fatal,Pedestrian,Not Intersection-On Roadway Crosswalk not Available,Non-Junction,Dark-Lighted,"Sideswipe, Same Direction",Other,1,True,,,,,,,2336.389439,FRAYSER RALEIGH RD,2.538244805,45,5,B,MEMPHIS,SHELBY,49971,2.53824480522133,City of Memphis,city_residual,city: no state-route overlap,FRAYSER RALEIGH RD,False,False,False,City of Memphis,False,,2327.8,False,
300999297,1/31/2025,1/31/2025 19:34,2025,1,Friday,19,35.06502,-90.02272,Fatal,Pedestrian,Not Intersection-On Roadway Not In Crosswalk,Intersection,Dark-Lighted,Not Collision with Motor Vehicle in Transport,Pedestrian,1,True,ELVIS PRESLEY BLVD,,40.0,4.0,3,6.0,1.205975768,ELVIS PRESLEY BLVD,0.11949781,40,4,B,MEMPHIS,SHELBY,48179,0.1194978095162175,TDOT state route,state_route_overlap,"state route: 100% overlap, name=ELVIS PRESLEY",ELVIS PRESLEY BLVD,False,False,False,TDOT state route,False,3857,356.0,True,
301001337,2/12/2025,2/12/2025 19:21,2025,2,Wednesday,19,35.021038,-89.98985,Fatal,Pedestrian,Not Intersection-On Roadway Not In Crosswalk,AccelDecelLane,Dark-Lighted,Not Collision with Motor Vehicle in Transport,Pedestrian,1,True,E SHELBY DR,Principal Arterial,40.0,7.0,175,3.0,5.414436759,E SHELBY DR,0.721337678,40,7,B,MEMPHIS,SHELBY,47849,0.7213376781939962,TDOT state route,state_route_overlap,"state route: 100% overlap, name=E SHELBY",E SHELBY DR,False,False,False,TDOT state route,False,6516,24.6,True,
300872985,3/12/2023,3/12/2023 22:50,2023,3,Sunday,22,35.173855,-89.97571,Fatal,Pedestrian,Not Intersection-On Roadway Crosswalk not Available,Non-Junction,Dark-Lighted,Not Collision with Motor Vehicle in Transport,Pedestrian,1,True,,,,,,,1759.779509,HUBBARD AVE,18.50663294,30,2,B,MEMPHIS,SHELBY,4478,18.506632935539614,City of Memphis,city_residual,city: no state-route overlap,HUBBARD AVE,False,False,False,City of Memphis,False,,1751.2,False,
300928926,12/10/2023,12/10/2023 5:09,2023,12,Sunday,5,35.143723,-89.87304,Fatal,Pedestrian,Not Intersection-On Roadway Crosswalk not Available,Non-Junction,Dark-Lighted,Not Collision with Motor Vehicle in Transport,Pedestrian,1,True,,,,,,,1399.435988,INTERSTATE 240 E,21.27618803,65,3,FT,MEMPHIS,SHELBY,39435,21.276188032484065,Interstate (TDOT),interstate_mainline,interstate: MTFCC S1100,INTERSTATE 240 E,True,False,False,Interstate (TDOT),False,,1411.4,False,
300895366,6/26/2023,6/26/2023 22:01,2023,6,Monday,22,35.08891,-90.02559,Fatal,Pedestrian,Not Intersection-On Roadway Crosswalk not Available,Non-Junction,Dark-Lighted,Not Collision with Motor Vehicle in Transport,Pedestrian,1,True,,,,,,,664.4931546,INTERSTATE 240 S,0.16996885,65,3,FT,MEMPHIS,SHELBY,39419,0.1699688503450475,Interstate (TDOT),interstate_mainline,interstate: MTFCC S1100,INTERSTATE 240 S,True,False,False,Interstate (TDOT),False,,606.2,False,
300970306,8/12/2024,8/12/2024 23:05,2024,8,Monday,23,35.13782,-90.02203,Fatal,Pedestrian,Intersection-On Roadway Crosswalk Not Available,Intersection,Dark-Not Lighted,Not Collision with Motor Vehicle in Transport,Pedestrian,1,True,,,,,,,44.1313213,UNION AVE,48.71009288,35,6,B,MEMPHIS,SHELBY,46759,48.710092878121785,TDOT state route,state_route_overlap,"state route: 100% overlap, name=UNION",UNION AVE,False,False,False,TDOT state route,True,,141.4,True,no_signal_coverage