MstrRecNbrTxt,CollisionDate,CollisionDteTime,YearNmb,Month,DayOfWeek,Hour,Latitude,Longitude,InjuryClass,PersonType,NonMotoristLocation,RelationToJunction,LightCondition,MannerOfCollision,FirstHarmfulEvent,VictimsInCrash,InMemphis,StateRoute_NAME,StateRoute_F_System,StateRoute_SPDLIMIT,StateRoute_LANES,StateRoute_ALTNAME_1,StateRoute_Council_District,DistToStateRoute_m,Street_Name,DistToStreet_m,Street_SPDLIMIT,Street_LANES,Street_ONEWAY,Street_CITY_L,Street_COUNTY_L,Seg_OBJECTID,DistToSeg_m,Ownership,Rule_Fired,Classification_Basis,Matched_Street,is_limited_access,is_override,is_corner_case,Jurisdiction_prev,at_intersection,intersection_node_id,nearest_ped_signal_m,is_ambiguous_intersection,intersection_signalized
301000444,2/8/2025,2/8/2025 18:30,2025,2,Saturday,18,35.146454,-89.96133,Fatal,Pedestrian,Not Intersection-On Roadway Not In Crosswalk,Non-Junction,Dark-Lighted,Not Collision with Motor Vehicle in Transport,Pedestrian,1,True,,,,,,,343.1509525,SAM COOPER BLVD,0.134262099,40,6,B,MEMPHIS,SHELBY,52332,0.1342620987130123,Limited-access (TDOT),limited_access_override,limited-access override: Sam Cooper Blvd,SAM COOPER BLVD,True,True,False,City of Memphis,False,,333.0,False,
300961034,6/8/2024,6/8/2024 3:16,2024,6,Saturday,3,35.101815,-89.87006,Fatal,Pedestrian,Not Intersection-On Roadway Crosswalk not Available,Entrance/Exit Ramp Related,Dark-Lighted,Not Collision with Motor Vehicle in Transport,Pedestrian,1,True,POPLAR AVE,Principal Arterial,40.0,3.0,57,2.0,4.562143451,POPLAR AVE,0.403988507,40,3,FT,MEMPHIS,SHELBY,6879,0.4039885069411582,TDOT state route,state_route_overlap,"state route: 100% overlap, name=POPLAR",POPLAR AVE,False,False,False,TDOT state route,False,,556.3,False,
301013612,4/21/2025,4/21/2025 21:06,2025,4,Monday,21,35.199146,-89.839071,Fatal,Pedestrian,Not Intersection-On Roadway Not In Crosswalk,Non-Junction,Dark-Lighted,Not Collision with Motor Vehicle in Transport,Pedestrian,1,True,,,,,,,855.9234437,KIRBY WHITTEN RD,55.44515284,45,7,B,MEMPHIS,SHELBY,50197,55.44515284082652,City of Memphis,city_residual,city: no state-route overlap,KIRBY WHITTEN RD,False,False,False,City of Memphis,False,,119.2,False,
301034170,8/16/2025,8/16/2025 16:34,2025,8,Saturday,16,35.10771,-89.97426,Possible Injury,Pedestrian,Not Intersection-On Roadway Crosswalk Availability Unknown,Non-Junction,Daylight,Not Collision with Motor Vehicle in Transport,Pedestrian,1,True,,,,,,,834.2861086,DAVID ST,19.09322392,35,2,B,MEMPHIS,SHELBY,82612,19.093223922397726,City of Memphis,city_residual,city: no state-route overlap,DAVID ST,False,False,False,City of Memphis,False,,973.6,False,
301033024,8/9/2025,8/9/2025 21:00,2025,8,Saturday,21,35.15796,-89.97498,Suspected Serious Injury,Pedestrian,Not Intersection-On Roadway Not In Crosswalk,Non-Junction,Dark-Lighted,Not Collision with Motor Vehicle in Transport,Pedestrian,1,True,JACKSON AVE,Principal Arterial,40.0,5.0,14,7.0,4.556386682,JACKSON AVE,0.103423512,40,5,B,MEMPHIS,SHELBY,46908,0.1034235124759885,TDOT state route,state_route_overlap,"state route: 100% overlap, name=JACKSON",JACKSON AVE,False,False,False,TDOT state route,False,7886,101.9,True,
301038704,9/10/2025,9/10/2025 23:51,2025,9,Wednesday,23,35.020397,-89.84869,Suspected Serious Injury,Pedestrian,Intersection-On Roadway not in Crosswalk,Non-Junction,Dark-Not Lighted,Not Collision with Motor Vehicle in Transport,Pedestrian,1,True,E SHELBY DR,Principal Arterial,45.0,7.0,175,3.0,4.912424046,E SHELBY DR,0.238131561,45,7,B,MEMPHIS,SHELBY,46444,0.2381315606456786,TDOT state route,state_route_overlap,"state route: 100% overlap, name=E SHELBY",E SHELBY DR,False,False,False,TDOT state route,True,16256,27.1,False,yes
301037335,9/3/2025,9/3/2025 14:15,2025,9,Wednesday,14,35.098927,-89.97895,Possible Injury,Pedestrian,Intersection-Unknown,Non-Junction,Daylight,Not Collision with Motor Vehicle in Transport,Pedestrian,1,True,,,,,,,218.1309019,ARLINGTON AVE,21.78274185,30,2,B,MEMPHIS,SHELBY,5293,21.782741848743505,City of Memphis,city_residual,city: no state-route overlap,ARLINGTON AVE,False,False,False,City of Memphis,True,,764.6,True,no_signal_coverage
301037336,9/2/2025,9/2/2025 13:00,2025,9,Tuesday,13,35.086872,-89.96323,Possible Injury,Pedestrian,Not Intersection-On Roadway Not In Crosswalk,Non-Junction,Daylight,Not Collision with Motor Vehicle in Transport,Pedestrian,1,True,LAMAR AVE,Principal Arterial,40.0,5.0,4,4.0,2.724683999,LAMAR AVE,0.045394511,40,5,B,MEMPHIS,SHELBY,47381,0.0453945111819512,TDOT state route,state_route_overlap,"state route: 100% overlap, name=LAMAR",LAMAR AVE,False,False,False,TDOT state route,False,,124.5,False,
301037654,9/4/2025,9/4/2025 15:30,2025,9,Thursday,15,35.21724,-89.99357,Possible Injury,Pedestrian,Intersection-On Roadway not in Crosswalk,Intersection,Daylight,Not Collision with Motor Vehicle in Transport,Pedestrian,2,True,,,,,,,2736.384944,FRAYSER BLVD,0.019269508,40,4,B,MEMPHIS,SHELBY,49906,0.0192695083068895,City of Memphis,city_residual,city: no state-route overlap,FRAYSER BLVD,False,False,False,City of Memphis,True,,2794.1,False,no_signal_coverage
301036535,8/28/2025,8/28/2025 19:50,2025,8,Thursday,19,35.162021,-89.917347,Suspected Minor Injury,Pedestrian,Intersection-On Roadway not in Crosswalk,Intersection-Related,Dark-Lighted,Not Collision with Motor Vehicle in Transport,Pedestrian,1,True,,,,,,,1449.391652,WARING RD,0.012791126,35,2,B,MEMPHIS,SHELBY,73878,0.0127911263295795,City of Memphis,city_residual,city: no state-route overlap,WARING RD,False,False,False,City of Memphis,True,,1462.0,False,no_signal_coverage
301036539,8/29/2025,8/29/2025 14:28,2025,8,Friday,14,35.035427,-90.00755,Suspected Serious Injury,Pedestrian,Intersection-In Crosswalk,Intersection,Daylight,Not Collision with Motor Vehicle in Transport,Pedestrian,1,True,,,,,,,1593.140565,MILLBRANCH RD,3.337821929,40,4,B,MEMPHIS,SHELBY,49779,3.337821928508318,City of Memphis,city_residual,city: no state-route overlap,MILLBRANCH RD,False,False,False,City of Memphis,True,,1580.8,False,no_signal_coverage
301036020,8/26/2025,8/26/2025 23:41,2025,8,Tuesday,23,35.086807,-89.93405,Suspected Serious Injury,Pedestrian,Not Intersection-On Roadway Not In Crosswalk,Intersection-Related,Dark-Lighted,Not Collision with Motor Vehicle in Transport,Pedestrian,1,True,,,,,,,745.1111497,ELLISTON RD,0.159309108,35,2,B,MEMPHIS,SHELBY,73693,0.1593091084614401,City of Memphis,city_residual,city: no state-route overlap,ELLISTON RD,False,False,False,City of Memphis,False,,629.4,False,
301038526,9/9/2025,9/9/2025 23:18,2025,9,Tuesday,23,35.217155,-89.98451,Possible Injury,Pedestrian,Not Intersection-On Roadway Not In Crosswalk,AccelDecelLane,Dark-Lighted,Not Collision with Motor Vehicle in Transport,Pedestrian,1,True,,,,,,,3417.350514,FRAYSER BLVD,0.055798216,40,4,B,MEMPHIS,SHELBY,49912,0.055798215575911,City of Memphis,city_residual,city: no state-route overlap,FRAYSER BLVD,False,False,False,City of Memphis,False,,2760.7,False,
301039213,9/13/2025,9/13/2025 23:26,2025,9,Saturday,23,35.064995,-89.90531,Possible Injury,Pedestrian,Not Intersection-On Roadway Crosswalk not Available,Non-Junction,Dark-Lighted,Not Collision with Motor Vehicle in Transport,Pedestrian,1,True,,,,,,,2375.833197,S PERKINS RD,33.90439564,40,7,B,MEMPHIS,SHELBY,49377,33.904395635447244,City of Memphis,city_residual,city: no state-route overlap,S PERKINS RD,False,False,False,City of Memphis,False,,290.8,False,
301036285,8/27/2025,8/27/2025 22:00,2025,8,Wednesday,22,35.16249,-90.01069,Possible Injury,Pedestrian,Intersection-On Roadway Crosswalk Not Available,Intersection,Dark-Lighted,Not Collision with Motor Vehicle in Transport,Pedestrian,1,True,,,,,,,443.9044898,HENRY AVE,0.068450388,30,2,B,MEMPHIS,SHELBY,3986,0.0684503879114615,City of Memphis,city_residual,city: no state-route overlap,HENRY AVE,False,False,False,City of Memphis,True,5344,467.7,False,no
301035802,8/25/2025,8/25/2025 21:01,2025,8,Monday,21,35.14348,-90.01052,Suspected Serious Injury,Pedestrian,Intersection-In Crosswalk,Intersection,Dark-Lighted,Not Collision with Motor Vehicle in Transport,Pedestrian,1,True,,,,,,,794.2746199,STONEWALL ST,0.096001241,30,2,B,MEMPHIS,SHELBY,81164,0.0960012412893031,City of Memphis,city_residual,city: no state-route overlap,STONEWALL ST,False,False,False,City of Memphis,True,5299,0.3,False,yes
301036720,8/31/2025,8/31/2025 0:00,2025,8,Sunday,99,35.139866,-90.04583,Suspected Serious Injury,Pedestrian,Intersection-Unknown,Intersection,Dark-Not Lighted,Not Collision with Motor Vehicle in Transport,Pedestrian,1,True,S DANNY THOMAS BLVD,Principal Arterial,35.0,2.0,1,6.0,0.74704686,GAYOSO AVE,0.070489576,30,2,B,MEMPHIS,SHELBY,7066,0.0704895762533575,TDOT state route,state_route_overlap,"state route: 100% overlap, name=GAYOSO",GAYOSO AVE,False,False,False,TDOT state route,True,2445,100.0,False,no
301007975,3/23/2025,3/23/2025 14:00,2025,3,Sunday,14,35.19155,-89.97579,Fatal,Pedestrian,Not Intersection-On Roadway Not In Crosswalk,Non-Junction,Daylight,Not Collision with Motor Vehicle in Transport,Pedestrian,1,True,,,,,,,3583.217511,N HOLLYWOOD ST,0.343625322,40,6,B,MEMPHIS,SHELBY,52587,0.3436253221660321,City of Memphis,city_residual,city: no state-route overlap,N HOLLYWOOD ST,False,False,False,City of Memphis,False,,145.2,False,
300971008,8/17/2024,8/17/2024 22:03,2024,8,Saturday,22,35.091835,-89.908585,Suspected Serious Injury,Pedestrian,Intersection-On Roadway not in Crosswalk,Non-Junction,Dark-Lighted,Not Collision with Motor Vehicle in Transport,Pedestrian,1,True,,,,,,,2424.680035,QUINCE RD,0.69812457,40,5,B,MEMPHIS,SHELBY,51487,0.6981245697526318,City of Memphis,city_residual,city: no state-route overlap,QUINCE RD,False,False,False,City of Memphis,True,,1410.2,True,no_signal_coverage
301035593,8/24/2025,8/24/2025 14:50,2025,8,Sunday,14,35.069164,-89.93214,Suspected Minor Injury,Pedestrian,Intersection-Not on Roadway,AccelDecelLane,Daylight,Not Collision with Motor Vehicle in Transport,Pedestrian,1,True,GETWELL RD,Principal Arterial,40.0,7.0,176,4.0,0.455111559,COMANCHE RD,0.001726574,35,2,B,MEMPHIS,SHELBY,71151,0.0017265739080009,City of Memphis,city_residual,city: no state-route overlap,COMANCHE RD,False,False,True,City of Memphis,True,,17.5,False,no_signal_coverage
301039474,9/14/2025,9/14/2025 19:34,2025,9,Sunday,19,35.066723,-89.843605,Suspected Serious Injury,Pedestrian,Not Intersection-Unknown,Non-Junction,Dark-Lighted,Unknown,Other,1,True,STATE ROUTE 385,Freeway and Expressway,65.0,3.0,NONCONNAH PKWY,2.0,3.99158407,STATE ROUTE 385 E,0.024449503,65,3,FT,MEMPHIS,SHELBY,47693,0.0244495029326364,TDOT state route,state_route_overlap,"state route: 100% overlap, name=STATE ROUTE 385",STATE ROUTE 385 E,False,False,False,TDOT state route,False,16999,24.9,True,
301039253,9/14/2025,9/14/2025 8:28,2025,9,Sunday,8,35.128185,-90.02065,Possible Injury,Pedestrian,Not Intersection-Outside Traffic,Non-Junction,Daylight,Not Collision with Motor Vehicle in Transport,Pedestrian,1,True,,,,,,,30.72740597,LAMAR AVE,27.03219033,40,6,B,MEMPHIS,SHELBY,46751,27.03219033316453,TDOT state route,state_route_overlap,"state route: 100% overlap, name=LAMAR",LAMAR AVE,False,False,False,TDOT state route,False,,207.1,False,
301035241,8/22/2025,8/22/2025 10:38,2025,8,Friday,10,35.107265,-90.03995,Suspected Serious Injury,Pedestrian,Not Intersection-On Roadway Not In Crosswalk,Intersection-Related,Daylight,Not Collision with Motor Vehicle in Transport,Pedestrian,1,True,,,,,,,1402.921769,S PARKWAY E,0.019759616,35,5,B,MEMPHIS,SHELBY,53327,0.019759615600553,City of Memphis,city_residual,city: no state-route overlap,S PARKWAY E,False,False,False,City of Memphis,False,2761,894.6,True,
301035434,8/23/2025,8/23/2025 18:20,2025,8,Saturday,18,35.11944,-89.90809,Possible Injury,Pedestrian,Intersection-In Crosswalk,Intersection,Daylight,Not Collision with Motor Vehicle in Transport,Pedestrian,1,True,,,,,,,265.6400222,PERKINS ROAD EXT,39.17481293,35,5,B,MEMPHIS,SHELBY,53637,39.17481293491906,City of Memphis,city_residual,city: no state-route overlap,PERKINS ROAD EXT,False,False,False,City of Memphis,True,,254.0,True,no_signal_coverage
301037973,9/6/2025,9/6/2025 19:54,2025,9,Saturday,19,35.03558,-90.007515,Suspected Serious Injury,Pedestrian,Intersection-In Crosswalk,Intersection,Dark-Lighted,Not Collision with Motor Vehicle in Transport,Pedestrian,1,True,,,,,,,1610.115003,MILLBRANCH RD,0.069095769,40,4,B,MEMPHIS,SHELBY,49779,0.0690957689047996,City of Memphis,city_residual,city: no state-route overlap,MILLBRANCH RD,False,False,False,City of Memphis,True,,1592.3,False,no_signal_coverage
300980509,10/17/2024,10/17/2024 9:43,2024,10,Thursday,9,35.114505,-89.902893,Fatal,Pedestrian,Intersection-In Crosswalk,Intersection,Daylight,Not Collision with Motor Vehicle in Transport,Pedestrian,1,True,,,,,,,33.41056102,POPLAR AVE,29.02894948,40,7,B,MEMPHIS,SHELBY,47118,29.02894947957457,TDOT state route,state_route_overlap,"state route: 100% overlap, name=POPLAR",POPLAR AVE,False,False,False,TDOT state route,True,12747,35.8,False,yes
301038869,9/12/2025,9/12/2025 0:22,2025,9,Friday,0,35.20825,-90.00381,Possible Injury,Pedestrian,Not Intersection-On Roadway Not In Crosswalk,Non-Junction,Dark-Lighted,Not Collision with Motor Vehicle in Transport,Pedestrian,1,True,,,,,,,2539.434732,WHITNEY AVE,0.144583691,40,2,B,MEMPHIS,SHELBY,2757,0.1445836909451285,City of Memphis,city_residual,city: no state-route overlap,WHITNEY AVE,False,False,False,City of Memphis,False,6089,1706.4,True,
301038388,9/8/2025,9/8/2025 11:45,2025,9,Monday,11,35.106586,-89.89542,Possible Injury,Pedestrian,Intersection-In Crosswalk,Intersection-Related,Daylight,Not Collision with Motor Vehicle in Transport,Pedestrian,1,True,,,,,,,589.6945051,PARK AVE,0.239435574,40,4,B,MEMPHIS,SHELBY,51567,0.2394355738684905,City of Memphis,city_residual,city: no state-route overlap,PARK AVE,False,False,False,City of Memphis,True,13286,588.3,False,no
301039120,9/12/2025,9/12/2025 23:15,2025,9,Friday,23,35.071957,-90.058495,Possible Injury,Pedestrian,Not Intersection-Unknown,AccelDecelLane,Dark-Not Lighted,Not Collision with Motor Vehicle in Transport,Pedestrian,1,True,S THIRD ST,Principal Arterial,45.0,7.0,14,6.0,18.0387434,S THIRD ST,18.69566105,45,7,B,MEMPHIS,SHELBY,47482,18.69566105420019,TDOT state route,state_route_overlap,"state route: 100% overlap, name=S THIRD",S THIRD ST,False,False,False,TDOT state route,False,,614.2,False,
301037797,9/5/2025,9/5/2025 15:25,2025,9,Friday,15,35.199127,-89.9446,Possible Injury,Pedestrian,Intersection-In Crosswalk,Intersection,Daylight,Not Collision with Motor Vehicle in Transport,Pedestrian,1,True,,,,,,,1779.56915,STAGE JAMES RD,0.057241554,45,7,B,MEMPHIS,SHELBY,49962,0.0572415538887829,City of Memphis,city_residual,city: no state-route overlap,STAGE JAMES RD,False,False,False,City of Memphis,True,10035,1965.0,False,no
301037388,9/3/2025,9/3/2025 15:35,2025,9,Wednesday,15,35.2081,-89.97567,Possible Injury,Pedestrian,Intersection-In Crosswalk,Intersection,Daylight,Not Collision with Motor Vehicle in Transport,Pedestrian,1,True,,,,,,,4653.263032,WHITNEY AVE,0.00344006,40,4,B,MEMPHIS,SHELBY,2946,0.0034400604306084,City of Memphis,city_residual,city: no state-route overlap,WHITNEY AVE,False,False,False,City of Memphis,True,,1637.7,False,no_signal_coverage
300996345,1/14/2025,1/14/2025 1:05,2025,1,Tuesday,1,35.123558,-89.86841,Suspected Serious Injury,Pedestrian,Not Intersection-On Roadway Crosswalk not Available,Non-Junction,Dark-Lighted,Front to Rear,Other,2,True,,,,,,,826.4338425,INTERSTATE 240 E,3.101387121,65,3,FT,MEMPHIS,SHELBY,39732,3.1013871207736066,Interstate (TDOT),interstate_mainline,interstate: MTFCC S1100,INTERSTATE 240 E,True,False,False,Interstate (TDOT),False,,817.2,False,
301035290,8/18/2025,8/18/2025 14:32,2025,8,Monday,14,35.148895,-90.04847,Unknown,Other Non-Motorist,Intersection-Unknown,OtherLocation,Daylight,Not Collision with Motor Vehicle in Transport,Other,1,True,N THIRD ST,Minor Arterial,35.0,3.0,3,6.0,9.44811739,N B B KING BLVD,7.644904196,35,3,FT,MEMPHIS,SHELBY,53242,7.644904196261531,TDOT state route,state_route_overlap,"state route: 100% overlap, name=N B B KING",N B B KING BLVD,False,False,False,TDOT state route,True,,144.9,True,no_signal_coverage
301035667,8/25/2025,8/25/2025 7:35,2025,8,Monday,7,35.08577,-89.9109,Possible Injury,Pedestrian,Intersection-On Roadway Crosswalk Not Available,Intersection,Daylight,Not Collision with Motor Vehicle in Transport,Pedestrian,2,True,,,,,,,1951.091514,SEA ISLE RD,0.01710139,30,2,B,MEMPHIS,SHELBY,74109,0.0171013904235419,City of Memphis,city_residual,city: no state-route overlap,SEA ISLE RD,False,False,False,City of Memphis,True,,803.9,False,no_signal_coverage
301038185,9/8/2025,9/8/2025 5:30,2025,9,Monday,5,35.05026,-89.87318,No Injury,Pedestrian,Unknown,Through Roadway,Dark-Lighted,Other,Other,1,True,,,,,,,2829.080864,WINCHESTER RD,0.127571001,45,7,B,MEMPHIS,SHELBY,49427,0.1275710008753395,City of Memphis,city_residual,city: no state-route overlap,WINCHESTER RD,False,False,False,City of Memphis,False,14630,166.8,True,
301035093,8/21/2025,8/21/2025 12:00,2025,8,Thursday,12,35.1602,-90.03969,No Injury,Pedestrian,Not Intersection-Other Not On Roadway,Intersection,Daylight,Not Collision with Motor Vehicle in Transport,Other,1,True,,,,,,,264.8628982,N SIXTH ST,18.09768088,30,2,B,MEMPHIS,SHELBY,80655,18.09768088233653,City of Memphis,city_residual,city: no state-route overlap,N SIXTH ST,False,False,False,City of Memphis,False,,418.8,False,
301038688,9/10/2025,9/10/2025 13:30,2025,9,Wednesday,13,35.19589,-89.80971,Possible Injury,Pedestrian,Intersection-In Crosswalk,Intersection,Daylight,Not Collision with Motor Vehicle in Transport,Pedestrian,1,True,,,,,,,974.647621,LAURELCREST DR,21.87696428,30,2,B,MEMPHIS,SHELBY,29278,21.876964281751007,City of Memphis,city_residual,city: no state-route overlap,LAURELCREST DR,False,False,False,City of Memphis,True,,1050.3,True,no_signal_coverage
301037265,9/3/2025,9/3/2025 5:40,2025,9,Wednesday,5,35.12847,-89.87194,No Injury,Pedestrian,Not Intersection-Other Not On Roadway,"Driveway, Alley Access, etc",Dawn,Not Collision with Motor Vehicle in Transport,Other,1,True,,,,,,,290.2611729,N ANGELA RD,35.114509,30,2,B,MEMPHIS,SHELBY,76144,35.114509000030296,City of Memphis,city_residual,city: no state-route overlap,N ANGELA RD,False,False,False,City of Memphis,False,,412.0,False,
301037269,8/30/2025,8/30/2025 0:00,2025,8,Saturday,99,35.020878,-90.02629,Suspected Serious Injury,Pedestrian,Not Intersection-In Crosswalk,AccelDecelLane,Unknown,Not Collision with Motor Vehicle in Transport,Pedestrian,1,True,E SHELBY DR,Minor Arterial,45.0,5.0,175,6.0,13.08049553,E SHELBY DR,8.417620069,45,5,B,MEMPHIS,SHELBY,49711,8.41762006941375,TDOT state route,state_route_overlap,"state route: 100% overlap, name=E SHELBY",E SHELBY DR,False,False,False,TDOT state route,False,,420.0,False,
301035706,8/25/2025,8/25/2025 8:55,2025,8,Monday,8,35.125347,-90.05519,Suspected Minor Injury,Pedestrian,Not Intersection-Outside Traffic,Intersection-Related,Daylight,Not Collision with Motor Vehicle in Transport,Other,1,True,S THIRD ST,Minor Arterial,35.0,5.0,14,6.0,26.74802877,S B B KING BLVD,27.15220155,35,5,B,MEMPHIS,SHELBY,53402,27.15220155271592,TDOT state route,state_route_overlap,"state route: 100% overlap, name=S B B KING",S B B KING BLVD,False,False,False,TDOT state route,False,,89.3,False,
301038931,9/11/2025,9/11/2025 6:37,2025,9,Thursday,6,35.06899,-89.96371,Possible Injury,Pedestrian,Intersection-In Crosswalk,Intersection,Dawn,Not Collision with Motor Vehicle in Transport,Pedestrian,1,True,,,,,,,1409.206156,DEMOCRAT RD,0.001686133,45,5,B,MEMPHIS,SHELBY,53710,0.0016861327238341,City of Memphis,city_residual,city: no state-route overlap,DEMOCRAT RD,False,False,False,City of Memphis,True,8390,2.7,False,yes
301036456,8/29/2025,8/29/2025 7:40,2025,8,Friday,7,35.016445,-89.989845,Possible Injury,Pedestrian,Intersection-Not on Roadway,Intersection,Daylight,Not Collision with Motor Vehicle in Transport,Pedestrian,1,True,,,,,,,514.9544779,AIRWAYS BLVD,0.139205963,45,7,B,MEMPHIS,SHELBY,53447,0.1392059626851206,City of Memphis,city_residual,city: no state-route overlap,AIRWAYS BLVD,False,False,False,City of Memphis,True,,491.3,True,no_signal_coverage
301029586,7/17/2025,7/17/2025 0:16,2025,7,Thursday,0,35.152752,-89.951546,Suspected Serious Injury,Pedestrian,Not Intersection-On Roadway Not In Crosswalk,Non-Junction,Dark-Lighted,Not Collision with Motor Vehicle in Transport,Pedestrian,1,True,,,,,,,371.7110854,N HOLMES ST,23.85624799,35,2,B,MEMPHIS,SHELBY,83091,23.85624798513682,City of Memphis,city_residual,city: no state-route overlap,N HOLMES ST,False,False,False,City of Memphis,False,,483.8,False,
301038500,9/8/2025,9/8/2025 16:00,2025,9,Monday,16,35.165207,-89.861404,Possible Injury,Pedestrian,Intersection-On Roadway Crosswalk Not Available,AccelDecelLane,Daylight,Not Collision with Motor Vehicle in Transport,Pedestrian,1,True,,,,,,,978.03445,INTERSTATE 40 E,0.048771629,65,4,FT,MEMPHIS,SHELBY,39681,0.048771629001276,Interstate (TDOT),interstate_mainline,interstate: MTFCC S1100,INTERSTATE 40 E,True,False,False,Interstate (TDOT),True,,70.6,True,no_signal_coverage
301042568,10/2/2025,10/2/2025 11:30,2025,10,Thursday,11,35.13921,-90.019516,Possible Injury,Pedestrian,Intersection-On Roadway Crosswalk availability Unknown,Intersection-Related,Daylight,Not Collision with Motor Vehicle in Transport,Pedestrian,1,True,,,,,,,224.7782919,N MONTGOMERY ST,0.032472227,30,2,B,MEMPHIS,SHELBY,80931,0.0324722271518963,City of Memphis,city_residual,city: no state-route overlap,N MONTGOMERY ST,False,False,False,City of Memphis,True,,228.8,False,no_signal_coverage
301044910,10/16/2025,10/16/2025 18:51,2025,10,Thursday,18,35.11567,-89.971756,Possible Injury,Pedestrian,Intersection-Not on Roadway,Intersection,Dawn,Angle,Other,1,True,,,,,,,1160.427026,SOUTHERN AVE,0.148059678,35,3,B,MEMPHIS,SHELBY,51051,0.148059678445836,City of Memphis,city_residual,city: no state-route overlap,SOUTHERN AVE,False,False,False,City of Memphis,True,,1173.8,False,no_signal_coverage
301043683,9/8/2025,9/8/2025 10:22,2025,9,Monday,10,35.00638,-90.025276,Suspected Minor Injury,Pedestrian,Intersection-In Crosswalk,Intersection,Daylight,Not Collision with Motor Vehicle in Transport,Pedestrian,1,True,ELVIS PRESLEY BLVD,Principal Arterial,40.0,5.0,3,3.0,0.327299006,ELVIS PRESLEY BLVD,0.022249437,40,5,B,MEMPHIS,SHELBY,46482,0.0222494370828868,TDOT state route,state_route_overlap,"state route: 100% overlap, name=ELVIS PRESLEY",ELVIS PRESLEY BLVD,False,False,False,TDOT state route,True,3468,23.0,False,yes
301041612,9/25/2025,9/25/2025 18:00,2025,9,Thursday,18,35.11603,-89.9412,Suspected Minor Injury,Pedestrian,Intersection-Unknown,Intersection,Daylight,Not Collision with Motor Vehicle in Transport,Pedestrian,1,True,,,,,,,1176.837417,PATTERSON ST,1.163125527,30,2,B,MEMPHIS,SHELBY,83160,1.1631255265889229,City of Memphis,city_residual,city: no state-route overlap,PATTERSON ST,False,False,False,City of Memphis,True,,1332.4,False,no_signal_coverage
300979829,10/14/2024,10/14/2024 0:32,2024,10,Monday,0,35.17534,-89.83642,Fatal,Pedestrian,Intersection-On Roadway not in Crosswalk,Non-Junction,Dark-Not Lighted,Front to Rear,Other,1,True,,,,,,,2005.133708,INTERSTATE 40 W,0.397259857,65,4,TF,MEMPHIS,SHELBY,39695,0.3972598566754114,Interstate (TDOT),interstate_mainline,interstate: MTFCC S1100,INTERSTATE 40 W,True,False,False,Interstate (TDOT),True,,127.2,True,no_signal_coverage
301041423,9/26/2025,9/26/2025 14:00,2025,9,Friday,14,35.027298,-90.02953,Possible Injury,Pedestrian,Not Intersection-On Roadway Crosswalk not Available,Unknown,Daylight,Not Collision with Motor Vehicle in Transport,Pedestrian,1,True,,,,,,,396.0574927,HALE RD,31.16318796,35,2,B,MEMPHIS,SHELBY,72301,31.16318795845887,City of Memphis,city_residual,city: no state-route overlap,HALE RD,False,False,False,City of Memphis,False,,489.8,False,
301041424,9/26/2025,9/26/2025 8:34,2025,9,Friday,8,35.11543,-90.02773,Fatal,Pedestrian,Not Intersection-On Roadway Not In Crosswalk,Non-Junction,Daylight,Not Collision with Motor Vehicle in Transport,Pedestrian,1,True,,,,,,,553.8940855,E MCLEMORE AVE,0.018586247,35,4,B,MEMPHIS,SHELBY,50962,0.0185862469855463,City of Memphis,city_residual,city: no state-route overlap,E MCLEMORE AVE,False,False,False,City of Memphis,False,,632.0,False,
301045294,10/18/2025,10/18/2025 20:19,2025,10,Saturday,20,35.106754,-90.02136,Possible Injury,Pedestrian,Intersection-Unknown,Intersection-Related,Dark-Not Lighted,Not Collision with Motor Vehicle in Transport,Pedestrian,1,True,ELVIS PRESLEY BLVD,Minor Arterial,40.0,4.0,3,4.0,19.35026807,KERR AVE,14.99891774,35,3,B,MEMPHIS,SHELBY,5121,14.998917741398651,City of Memphis,city_residual,city: no state-route overlap,KERR AVE,False,False,False,City of Memphis,True,4169,23.1,False,yes
301043008,10/4/2025,10/4/2025 14:35,2025,10,Saturday,14,35.146854,-90.05074,Possible Injury,Pedestrian,Intersection-In Crosswalk,Intersection-Related,Daylight,Not Collision with Motor Vehicle in Transport,Pedestrian,1,True,N SECOND ST,Minor Arterial,35.0,2.0,3,6.0,2.19301075,JEFFERSON AVE,0.124207515,40,3,B,MEMPHIS,SHELBY,3358,0.1242075149255879,City of Memphis,city_residual,city: no state-route overlap,JEFFERSON AVE,False,False,True,City of Memphis,True,,328.6,False,no_signal_coverage
301040344,9/20/2025,9/20/2025 5:28,2025,9,Saturday,5,35.05225,-89.95168,Possible Injury,Pedestrian,Not Intersection-On Roadway Not In Crosswalk,Intersection-Related,Dark-Not Lighted,Not Collision with Motor Vehicle in Transport,Pedestrian,1,True,,,,,,,1608.609747,NEW TCHULAHOMA RD,0.028879086,45,4,B,MEMPHIS,SHELBY,76953,0.0288790863545478,City of Memphis,city_residual,city: no state-route overlap,NEW TCHULAHOMA RD,False,False,False,City of Memphis,False,9092,25.3,True,