MstrRecNbrTxt,CollisionDate,CollisionDteTime,YearNmb,Month,DayOfWeek,Hour,Latitude,Longitude,InjuryClass,PersonType,NonMotoristLocation,RelationToJunction,LightCondition,MannerOfCollision,FirstHarmfulEvent,VictimsInCrash,InMemphis,StateRoute_NAME,StateRoute_F_System,StateRoute_SPDLIMIT,StateRoute_LANES,StateRoute_ALTNAME_1,StateRoute_Council_District,DistToStateRoute_m,Street_Name,DistToStreet_m,Street_SPDLIMIT,Street_LANES,Street_ONEWAY,Street_CITY_L,Street_COUNTY_L,Seg_OBJECTID,DistToSeg_m,Ownership,Rule_Fired,Classification_Basis,Matched_Street,is_limited_access,is_override,is_corner_case,Jurisdiction_prev,at_intersection,intersection_node_id,nearest_ped_signal_m,is_ambiguous_intersection,intersection_signalized
301041181,9/24/2025,9/24/2025 12:17,2025,9,Wednesday,12,35.149208,-90.051216,Possible Injury,Pedestrian,Not Intersection-On Roadway Crosswalk not Available,Non-Junction,Daylight,Angle,Other,1,True,,,,,,,121.0081573,N MAIN ST,0.203245585,0,1,N,MEMPHIS,SHELBY,84799,0.2032455854432452,City of Memphis,city_residual,city: no state-route overlap,N MAIN ST,False,False,False,City of Memphis,False,,146.2,False,
301044731,10/15/2025,10/15/2025 15:00,2025,10,Wednesday,15,35.177223,-89.772156,Possible Injury,Pedestrian,Intersection-In Crosswalk,Intersection,Daylight,Not Collision with Motor Vehicle in Transport,Pedestrian,1,True,,,,,,,1895.085286,DEXTER RD,0.382158536,40,4,B,MEMPHIS,SHELBY,70403,0.3821585364300061,City of Memphis,city_residual,city: no state-route overlap,DEXTER RD,False,False,False,City of Memphis,True,,1867.1,False,no_signal_coverage
301009099,3/28/2025,3/28/2025 20:21,2025,3,Friday,20,35.051848,-89.950757,Fatal,Pedestrian,Not Intersection-On Roadway Not In Crosswalk,AccelDecelLane,Dark-Not Lighted,Not Collision with Motor Vehicle in Transport,Pedestrian,1,True,,,,,,,1527.13731,WINCHESTER RD,42.97516423,45,7,B,MEMPHIS,SHELBY,49322,42.97516422996726,City of Memphis,city_residual,city: no state-route overlap,WINCHESTER RD,False,False,False,City of Memphis,False,,71.1,False,
301040976,9/23/2025,9/23/2025 15:23,2025,9,Tuesday,15,35.144268,-90.0191,Possible Injury,Pedestrian,Not Intersection-On Roadway Not In Crosswalk,Non-Junction,Daylight,Not Collision with Motor Vehicle in Transport,Pedestrian,1,True,,,,,,,786.4388912,POPLAR AVE,0.065187538,40,7,B,MEMPHIS,SHELBY,50404,0.065187538221562,City of Memphis,city_residual,city: no state-route overlap,POPLAR AVE,False,False,False,City of Memphis,False,4463,174.2,True,
301042873,10/3/2025,10/3/2025 16:30,2025,10,Friday,16,35.15542,-90.03106,Possible Injury,Pedestrian,Intersection-On Roadway not in Crosswalk,Intersection,Daylight,Not Collision with Motor Vehicle in Transport,Other,1,True,N PARKWAY,Minor Arterial,40.0,2.0,1,7.0,4.204519428,N DUNLAP ST,5.856993784,30,2,FT,MEMPHIS,SHELBY,84530,5.856993783605859,City of Memphis,city_residual,city: no state-route overlap,N DUNLAP ST,False,False,True,City of Memphis,True,,7.3,False,no_signal_coverage
301043778,10/9/2025,10/9/2025 9:05,2025,10,Thursday,9,35.20177,-89.73099,Suspected Minor Injury,Pedestrian,Not Intersection-Outside Traffic,Intersection,Daylight,Not Collision with Motor Vehicle in Transport,Pedestrian,1,True,,,,,,,453.313565,N HOUSTON LEVEE RD,2.527706583,40,3,B,MEMPHIS,SHELBY,75180,2.5277065831678978,City of Memphis,city_residual,city: no state-route overlap,N HOUSTON LEVEE RD,False,False,False,City of Memphis,False,,438.7,False,
301040384,9/19/2025,9/19/2025 14:51,2025,9,Friday,14,35.107742,-89.94052,Suspected Serious Injury,Pedestrian,Intersection-In Crosswalk,Intersection,Daylight,Not Collision with Motor Vehicle in Transport,Pedestrian,1,True,,,,,,,2052.645834,PARK AVE,0.416244437,40,5,B,MEMPHIS,SHELBY,51272,0.4162444366131799,City of Memphis,city_residual,city: no state-route overlap,PARK AVE,False,False,False,City of Memphis,True,10002,2223.1,False,no
301041867,9/29/2025,9/29/2025 8:05,2025,9,Monday,8,35.106373,-90.05563,Possible Injury,Pedestrian,Not Intersection-On Roadway Crosswalk not Available,Non-Junction,Daylight,Not Collision with Motor Vehicle in Transport,Pedestrian,1,True,S THIRD ST,Principal Arterial,40.0,4.0,14,6.0,23.14763078,S THIRD ST,23.5564293,40,4,B,MEMPHIS,SHELBY,46929,23.55642930144529,TDOT state route,state_route_overlap,"state route: 100% overlap, name=S THIRD",S THIRD ST,False,False,False,TDOT state route,False,,122.7,False,
301040183,9/17/2025,9/17/2025 16:30,2025,9,Wednesday,16,35.052525,-89.89914,Suspected Serious Injury,Pedestrian,Intersection-In Crosswalk,Intersection-Related,Daylight,Not Collision with Motor Vehicle in Transport,Pedestrian,1,True,,,,,,,2042.967086,TALL OAKS CIR,25.752521,30,2,B,MEMPHIS,SHELBY,9678,25.752521001656863,City of Memphis,city_residual,city: no state-route overlap,TALL OAKS CIR,False,False,False,City of Memphis,True,,229.4,True,no_signal_coverage
301041664,9/28/2025,9/28/2025 5:25,2025,9,Sunday,5,35.04951,-89.843796,Suspected Serious Injury,Pedestrian,Intersection-On Roadway not in Crosswalk,Unknown,Dark-Lighted,Not Collision with Motor Vehicle in Transport,Pedestrian,1,True,,,,,,,1280.423103,KIRBY PKWY,0.087273511,45,6,B,MEMPHIS,SHELBY,53544,0.087273510729083,City of Memphis,city_residual,city: no state-route overlap,KIRBY PKWY,False,False,False,City of Memphis,True,16893,26.5,False,yes
301044563,10/14/2025,10/14/2025 14:55,2025,10,Tuesday,14,35.211857,-90.03222,Possible Injury,Pedestrian,Not Intersection-Other Not On Roadway,OtherLocation,Daylight,"Sideswipe, Opposite Direction",Other,1,True,THOMAS ST,,40.0,2.0,3,7.0,1.028504605,MARSH AVE,0.017943849,30,2,B,MEMPHIS,SHELBY,2674,0.0179438494120289,City of Memphis,city_residual,city: no state-route overlap,MARSH AVE,False,False,False,City of Memphis,False,,16.2,False,
301041549,9/27/2025,9/27/2025 8:00,2025,9,Saturday,8,35.10576,-89.96588,Possible Injury,Pedestrian,Intersection-On Roadway Crosswalk availability Unknown,Non-Junction,Daylight,Not Collision with Motor Vehicle in Transport,Pedestrian,1,True,,,,,,,1072.263145,HAYNES ST,0.035790169,35,2,B,MEMPHIS,SHELBY,82740,0.0357901692890305,City of Memphis,city_residual,city: no state-route overlap,HAYNES ST,False,False,False,City of Memphis,True,,1208.8,False,no_signal_coverage
301044028,10/10/2025,10/10/2025 17:40,2025,10,Friday,17,35.238167,-89.93071,Possible Injury,Pedestrian,Intersection-Unknown,AccelDecelLane,Daylight,Not Collision with Motor Vehicle in Transport,Pedestrian,1,True,,,,,,,2709.792638,VOLTAIRE AVE,0.138014685,30,2,FT,MEMPHIS,SHELBY,7401,0.1380146852901617,City of Memphis,city_residual,city: no state-route overlap,VOLTAIRE AVE,False,False,False,City of Memphis,True,,2696.1,False,no_signal_coverage
301043341,10/7/2025,10/7/2025 6:50,2025,10,Tuesday,6,35.03771,-90.034676,Possible Injury,Pedestrian,Not Intersection-On Roadway Crosswalk not Available,Non-Junction,Dark-Lighted,Not Collision with Motor Vehicle in Transport,Pedestrian,1,True,,,,,,,868.8472994,AUBURN RD,28.86525793,35,2,B,MEMPHIS,SHELBY,72308,28.865257928935044,City of Memphis,city_residual,city: no state-route overlap,AUBURN RD,False,False,False,City of Memphis,False,,916.6,False,
301040416,9/20/2025,9/20/2025 15:50,2025,9,Saturday,15,35.128716,-90.02107,Suspected Serious Injury,Pedestrian,Intersection-In Crosswalk,Intersection,Daylight,Not Collision with Motor Vehicle in Transport,Pedestrian,1,True,S BELLEVUE BLVD,Minor Arterial,35.0,4.0,3,6.0,0.749449911,LAMAR AVE,0.144863705,40,6,B,MEMPHIS,SHELBY,46751,0.1448637051978994,TDOT state route,state_route_overlap,"state route: 100% overlap, name=LAMAR",LAMAR AVE,False,False,False,TDOT state route,True,4259,151.2,False,no
301041927,9/29/2025,9/29/2025 17:57,2025,9,Monday,17,35.1495,-89.95806,Possible Injury,Pedestrian,Intersection-Not on Roadway,OtherLocation,Daylight,Not Collision with Motor Vehicle in Transport,Pedestrian,1,True,SUMMER AVE,Principal Arterial,35.0,5.0,1,5.0,1.855957297,SUMMER AVE,6.509485365,35,5,B,MEMPHIS,SHELBY,48025,6.509485365030782,TDOT state route,state_route_overlap,"state route: 100% overlap, name=SUMMER",SUMMER AVE,False,False,False,TDOT state route,True,8994,186.2,False,no
301043079,10/5/2025,10/5/2025 4:20,2025,10,Sunday,4,35.034657,-89.82265,No Injury,Pedestrian,Unknown,Through Roadway,Dark-Lighted,Not Collision with Motor Vehicle in Transport,Other,4,True,,,,,,,1622.171732,S GERMANTOWN RD,36.71324686,35,2,B,MEMPHIS,SHELBY,71519,36.71324685504915,City of Memphis,city_residual,city: no state-route overlap,S GERMANTOWN RD,False,False,False,City of Memphis,False,,777.5,False,
301036595,8/29/2025,8/29/2025 20:39,2025,8,Friday,20,35.06132,-90.029419,Fatal,Pedestrian,Intersection-On Roadway not in Crosswalk,Non-Junction,Dark-Not Lighted,Not Collision with Motor Vehicle in Transport,Pedestrian,1,True,,,,,,,516.7199711,E BROOKS RD,37.94341036,45,5,B,MEMPHIS,SHELBY,49716,37.94341036043464,City of Memphis,city_residual,city: no state-route overlap,E BROOKS RD,False,False,False,City of Memphis,True,,511.8,True,no_signal_coverage
301040020,9/17/2025,9/17/2025 21:28,2025,9,Wednesday,21,35.15216,-89.9513,Possible Injury,Pedestrian,Not Intersection-Bike Path,Non-Junction,Dark-Lighted,Not Collision with Motor Vehicle in Transport,Pedestrian,1,True,,,,,,,305.6768824,TUTWILER AVE,0.039146686,35,2,B,MEMPHIS,SHELBY,5705,0.0391466861905316,City of Memphis,city_residual,city: no state-route overlap,TUTWILER AVE,False,False,False,City of Memphis,False,,419.8,False,
301043431,10/7/2025,10/7/2025 8:02,2025,10,Tuesday,8,35.07825,-89.9936,Possible Injury,Pedestrian,Not Intersection-Outside Traffic,Non-Junction,Daylight,Not Collision with Motor Vehicle in Transport,Pedestrian,1,True,,,,,,,2323.666679,E ALCY RD,9.162982969,40,3,B,MEMPHIS,SHELBY,74904,9.162982969475376,City of Memphis,city_residual,city: no state-route overlap,E ALCY RD,False,False,False,City of Memphis,False,,815.9,False,
301040476,9/20/2025,9/20/2025 8:05,2025,9,Saturday,8,35.16808,-89.93954,No Injury,Pedestrian,Not Intersection-Other Not On Roadway,Intersection,Daylight,Not Collision with Motor Vehicle in Transport,Other,1,True,,,,,,,550.1395581,FAIRMONT AVE,19.7185643,30,2,B,MEMPHIS,SHELBY,5878,19.718564303790185,City of Memphis,city_residual,city: no state-route overlap,FAIRMONT AVE,False,False,False,City of Memphis,False,,808.8,False,
301040919,9/23/2025,9/23/2025 17:05,2025,9,Tuesday,17,35.09142,-89.906944,No Injury,Pedestrian,Intersection-In Crosswalk,Intersection,Daylight,Not Collision with Motor Vehicle in Transport,Pedestrian,1,True,,,,,,,2531.349895,QUINCE RD,0.149754687,40,4,B,MEMPHIS,SHELBY,51499,0.1497546868435134,City of Memphis,city_residual,city: no state-route overlap,QUINCE RD,False,False,False,City of Memphis,True,12309,1356.8,False,no
301023291,6/14/2025,6/14/2025 5:15,2025,6,Saturday,5,35.10749,-89.930664,Fatal,Pedestrian,Not Intersection-On Roadway Not In Crosswalk,Non-Junction,Dark-Lighted,Not Collision with Motor Vehicle in Transport,Pedestrian,1,True,,,,,,,1857.845004,PARK AVE,0.432962558,40,5,B,MEMPHIS,SHELBY,51342,0.4329625577441057,City of Memphis,city_residual,city: no state-route overlap,PARK AVE,False,False,False,City of Memphis,False,10659,1853.5,True,
301046014,10/23/2025,10/23/2025 9:25,2025,10,Thursday,9,35.177326,-89.93802,Suspected Minor Injury,Pedestrian,Intersection-On Roadway not in Crosswalk,Intersection,Daylight,Not Collision with Motor Vehicle in Transport,Pedestrian,1,True,JACKSON AVE,Principal Arterial,40.0,6.0,14,7.0,3.106172945,JACKSON AVE,0.12141838,40,6,B,MEMPHIS,SHELBY,48246,0.1214183796395414,TDOT state route,state_route_overlap,"state route: 100% overlap, name=JACKSON",JACKSON AVE,False,False,False,TDOT state route,True,10372,96.9,False,no
301045971,10/17/2025,10/17/2025 18:30,2025,10,Friday,18,35.138756,-90.03589,Possible Injury,Pedestrian,Intersection-In Crosswalk,Intersection,Dark-Lighted,Not Collision with Motor Vehicle in Transport,Pedestrian,1,True,UNION AVE,Principal Arterial,35.0,5.0,3,6.0,4.756497216,UNION AVE,0.175513271,35,5,B,MEMPHIS,SHELBY,46688,0.1755132707945493,TDOT state route,state_route_overlap,"state route: 100% overlap, name=UNION",UNION AVE,False,False,False,TDOT state route,True,,1.3,False,no_signal_coverage
301045897,10/22/2025,10/22/2025 19:28,2025,10,Wednesday,19,35.006374,-90.00265,No Injury,Pedestrian,Not Intersection-Other Not On Roadway,AccelDecelLane,Dark-Lighted,Other,Other,2,True,,,,,,,1630.198235,E HOLMES RD,6.848437543,40,5,B,MEMPHIS,SHELBY,76261,6.848437543404405,City of Memphis,city_residual,city: no state-route overlap,E HOLMES RD,False,False,False,City of Memphis,False,,1620.8,False,
301045998,10/21/2025,10/21/2025 15:20,2025,10,Tuesday,15,35.199173,-89.94291,Possible Injury,Pedestrian,Not Intersection-On Roadway Crosswalk not Available,Intersection-Related,Daylight,Not Collision with Motor Vehicle in Transport,Pedestrian,1,True,,,,,,,1630.029994,STAGE JAMES RD,2.500643542,45,7,B,MEMPHIS,SHELBY,49962,2.5006435418896484,City of Memphis,city_residual,city: no state-route overlap,STAGE JAMES RD,False,False,False,City of Memphis,False,,1875.1,False,
301046096,10/21/2025,10/21/2025 13:05,2025,10,Tuesday,13,35.169518,-89.97556,Possible Injury,Pedestrian,Intersection-On Roadway not in Crosswalk,Intersection,Daylight,Not Collision with Motor Vehicle in Transport,Pedestrian,1,True,,,,,,,1278.448355,N HOLLYWOOD ST,0.233297592,40,5,B,MEMPHIS,SHELBY,50743,0.2332975921654231,City of Memphis,city_residual,city: no state-route overlap,N HOLLYWOOD ST,False,False,False,City of Memphis,True,,1270.6,False,no_signal_coverage
301049595,11/7/2025,11/7/2025 18:45,2025,11,Friday,18,35.182797,-89.871076,Possible Injury,Pedestrian,Intersection-In Crosswalk,Intersection,Dark-Lighted,Not Collision with Motor Vehicle in Transport,Pedestrian,1,True,,,,,,,949.2899378,RALEIGH LAGRANGE RD,2.013367988,45,2,B,MEMPHIS,SHELBY,51812,2.013367987959401,City of Memphis,city_residual,city: no state-route overlap,RALEIGH LAGRANGE RD,False,False,False,City of Memphis,True,,16.3,False,no_signal_coverage
301049242,11/8/2025,11/8/2025 18:45,2025,11,Saturday,18,35.16192,-89.91128,Suspected Serious Injury,Pedestrian,Not Intersection-On Roadway Crosswalk Availability Unknown,Non-Junction,Dark-Lighted,Not Collision with Motor Vehicle in Transport,Pedestrian,1,True,,,,,,,1146.157019,MACON RD,0.010505312,40,4,B,MEMPHIS,SHELBY,51426,0.0105053122242816,City of Memphis,city_residual,city: no state-route overlap,MACON RD,False,False,False,City of Memphis,False,,1036.2,False,
301048242,11/3/2025,11/3/2025 16:19,2025,11,Monday,16,35.149467,-89.94452,Suspected Serious Injury,Pedestrian,Not Intersection-On Roadway Not In Crosswalk,Intersection,Daylight,Not Collision with Motor Vehicle in Transport,Pedestrian,1,True,SUMMER AVE,Principal Arterial,40.0,7.0,1,5.0,4.627535046,N HIGHLAND ST,0.012391864,40,5,B,MEMPHIS,SHELBY,51277,0.0123918638875059,City of Memphis,city_residual,city: no state-route overlap,N HIGHLAND ST,False,False,False,City of Memphis,False,9898,8.7,True,
301034346,8/17/2025,8/17/2025 22:57,2025,8,Sunday,22,35.076591,-89.951198,Fatal,Pedestrian,Not Intersection-On Roadway Not In Crosswalk,Non-Junction,Dark-Lighted,Not Collision with Motor Vehicle in Transport,Pedestrian,1,True,LAMAR AVE,Principal Arterial,40.0,7.0,4,4.0,3.632508572,AMERICAN WAY,0.083596978,45,7,B,MEMPHIS,SHELBY,51744,0.0835969782728589,City of Memphis,city_residual,city: no state-route overlap,AMERICAN WAY,False,False,False,City of Memphis,False,9218,19.9,True,
301035572,8/23/2025,8/23/2025 23:23,2025,8,Saturday,23,35.091473,-89.949425,Fatal,Pedestrian,Not Intersection-On Roadway Not In Crosswalk,Non-Junction,Dark-Lighted,Front to Rear,Other,1,True,,,,,,,1267.669578,PRESCOTT RD,2.246028777,40,4,B,MEMPHIS,SHELBY,51161,2.246028777213921,City of Memphis,city_residual,city: no state-route overlap,PRESCOTT RD,False,False,False,City of Memphis,False,,979.3,False,
301011588,4/10/2025,4/10/2025 22:25,2025,4,Thursday,22,35.108658,-89.982475,Fatal,Pedestrian,Not Intersection-Unknown,OtherLocation,Dark-Unknown Lighting,Not Collision with Motor Vehicle in Transport,Pedestrian,1,True,,,,,,,220.4646552,GRAND ST,25.92593586,30,2,B,MEMPHIS,SHELBY,82528,25.92593585636424,City of Memphis,city_residual,city: no state-route overlap,GRAND ST,False,False,False,City of Memphis,False,7213,220.6,True,
301050826,11/16/2025,11/16/2025 16:30,2025,11,Sunday,16,35.1069,-90.02119,Suspected Serious Injury,Pedestrian,Intersection-On Roadway not in Crosswalk,Intersection,Daylight,Not Collision with Motor Vehicle in Transport,Pedestrian,1,True,ELVIS PRESLEY BLVD,Minor Arterial,40.0,4.0,3,4.0,1.141694593,KERR AVE,0.055307322,35,3,B,MEMPHIS,SHELBY,5121,0.0553073224608662,City of Memphis,city_residual,city: no state-route overlap,KERR AVE,False,False,True,City of Memphis,True,4169,1.2,False,yes
301048285,11/3/2025,11/3/2025 12:00,2025,11,Monday,12,35.148865,-90.04574,Possible Injury,Pedestrian,Not Intersection-On Roadway Crosswalk not Available,Non-Junction,Daylight,Not Collision with Motor Vehicle in Transport,Pedestrian,1,True,,,,,,,207.8913093,POPLAR AVE,5.824635261,35,4,B,MEMPHIS,SHELBY,53265,5.824635260957528,City of Memphis,city_residual,city: no state-route overlap,POPLAR AVE,False,False,False,City of Memphis,False,2495,187.1,True,
301049889,11/12/2025,11/12/2025 15:51,2025,11,Wednesday,15,35.135986,-90.0207,Possible Injury,Pedestrian,Intersection-In Crosswalk,Intersection,Daylight,Not Collision with Motor Vehicle in Transport,Pedestrian,1,True,S BELLEVUE BLVD,Major Collector,35.0,4.0,3,6.0,0.480183101,S BELLEVUE BLVD,0.087231963,35,4,B,MEMPHIS,SHELBY,46768,0.0872319627982491,TDOT state route,state_route_overlap,"state route: 100% overlap, name=S BELLEVUE",S BELLEVUE BLVD,False,False,False,TDOT state route,True,,151.2,False,no_signal_coverage
301047258,10/29/2025,10/29/2025 15:30,2025,10,Wednesday,15,35.13248,-90.01326,Possible Injury,Pedestrian,Intersection-In Crosswalk,Intersection,Daylight,Not Collision with Motor Vehicle in Transport,Other,1,True,,,,,,,447.1983787,PEABODY AVE,0.290139444,35,4,B,MEMPHIS,SHELBY,3886,0.2901394444754615,City of Memphis,city_residual,city: no state-route overlap,PEABODY AVE,False,False,False,City of Memphis,True,,444.4,False,no_signal_coverage
300980527,10/14/2024,10/14/2024 5:07,2024,10,Monday,5,35.136784,-90.04561,Fatal,Pedestrian,Not Intersection-On Roadway Not In Crosswalk,Unknown,Dark-Lighted,Unknown,Other,1,True,DR MARTIN LUTHER KING JR AVE,Minor Arterial,35.0,2.0,208,6.0,5.043685059,DR MARTIN LUTHER KING JR AVE,0.488578898,35,2,B,MEMPHIS,SHELBY,3392,0.4885788983300886,TDOT state route,state_route_overlap,"state route: 100% overlap, name=DR MARTIN LUTHER KING JR",DR MARTIN LUTHER KING JR AVE,False,False,False,TDOT state route,False,,212.9,False,
300990914,12/13/2024,12/13/2024 8:18,2024,12,Friday,8,35.116175,-90.060941,Fatal,Pedestrian,Intersection-On Roadway not in Crosswalk,Intersection,Daylight,Not Collision with Motor Vehicle in Transport,Pedestrian,1,True,,,,,,,521.693625,E MCLEMORE AVE,0.230602289,35,4,B,MEMPHIS,SHELBY,50830,0.2306022887816716,City of Memphis,city_residual,city: no state-route overlap,E MCLEMORE AVE,False,False,False,City of Memphis,True,,522.1,False,no_signal_coverage
301049708,11/11/2025,11/11/2025 17:51,2025,11,Tuesday,17,35.062656,-89.904495,Possible Injury,Pedestrian,Intersection-On Roadway not in Crosswalk,Non-Junction,Dark-Lighted,Not Collision with Motor Vehicle in Transport,Pedestrian,1,True,,,,,,,2236.906076,KNIGHT ARNOLD RD,33.27934439,40,5,B,MEMPHIS,SHELBY,53317,33.27934439349812,City of Memphis,city_residual,city: no state-route overlap,KNIGHT ARNOLD RD,False,False,False,City of Memphis,True,,104.0,True,no_signal_coverage
301050264,11/14/2025,11/14/2025 14:03,2025,11,Friday,14,35.139484,-90.05103,Suspected Minor Injury,Pedestrian,Not Intersection-On Roadway Crosswalk not Available,Non-Junction,Daylight,Not Collision with Motor Vehicle in Transport,Pedestrian,1,True,,,,,,,75.82993528,RUFUS THOMAS BLVD,0.157620201,30,2,B,MEMPHIS,SHELBY,7933,0.1576202012621448,City of Memphis,city_residual,city: no state-route overlap,RUFUS THOMAS BLVD,False,False,False,City of Memphis,False,,451.4,False,
300972137,8/24/2024,8/24/2024 1:00,2024,8,Saturday,1,35.151814,-90.04047,Fatal,Pedestrian,Not Intersection-On Roadway Not In Crosswalk,Non-Junction,Dark-Lighted,Not Collision with Motor Vehicle in Transport,Pedestrian,1,True,N DANNY THOMAS BLVD,Principal Arterial,35.0,5.0,1,7.0,1.439465232,40 W TO DANNY THOMAS BLVD,2.037405361,25,1,FT,MEMPHIS,SHELBY,36311,2.037405361065314,Interstate ramp (TDOT),interstate_ramp,interstate ramp: MTFCC S1630,40 W TO DANNY THOMAS BLVD,True,False,False,Interstate ramp,False,,160.8,False,
301048401,11/4/2025,11/4/2025 9:14,2025,11,Tuesday,9,35.137985,-90.028175,Possible Injury,Pedestrian,Intersection-In Crosswalk,Intersection,Daylight,Not Collision with Motor Vehicle in Transport,Pedestrian,1,True,UNION AVE,Principal Arterial,35.0,6.0,3,6.0,4.528239218,UNION AVE,0.043484628,35,6,B,MEMPHIS,SHELBY,48512,0.0434846282197005,TDOT state route,state_route_overlap,"state route: 100% overlap, name=UNION",UNION AVE,False,False,False,TDOT state route,True,,2.2,False,no_signal_coverage
300983238,11/2/2024,11/2/2024 23:02,2024,11,Saturday,23,35.050297,-89.87499,Fatal,Pedestrian,Intersection-Not on Roadway,Non-Junction,Dark-Lighted,Not Collision with Motor Vehicle in Transport,Pedestrian,1,True,,,,,,,2918.62989,WINCHESTER RD,0.225451555,45,7,B,MEMPHIS,SHELBY,49423,0.2254515550771499,City of Memphis,city_residual,city: no state-route overlap,WINCHESTER RD,False,False,False,City of Memphis,True,14502,17.2,False,yes
301047707,10/31/2025,10/31/2025 20:05,2025,10,Friday,20,35.049263,-89.856575,Possible Injury,Pedestrian,Intersection-On Roadway not in Crosswalk,Intersection,Dark-Lighted,Not Collision with Motor Vehicle in Transport,Pedestrian,1,True,,,,,,,2201.683422,WINCHESTER RD,53.45553809,45,7,B,MEMPHIS,SHELBY,49473,53.4555380861016,City of Memphis,city_residual,city: no state-route overlap,WINCHESTER RD,False,False,False,City of Memphis,True,,89.9,True,no_signal_coverage
301046948,10/26/2025,10/26/2025 11:00,2025,10,Sunday,11,35.17752,-89.91791,Possible Injury,Pedestrian,Not Intersection-On Roadway Not In Crosswalk,Non-Junction,Daylight,Not Collision with Motor Vehicle in Transport,Pedestrian,1,True,,,,,,,1474.963771,COMBS ST,20.46888057,30,2,B,MEMPHIS,SHELBY,83429,20.46888057105685,City of Memphis,city_residual,city: no state-route overlap,COMBS ST,False,False,False,City of Memphis,False,,1473.7,False,
301046854,10/29/2025,10/29/2025 0:40,2025,10,Wednesday,0,35.020817,-89.84946,Possible Injury,Pedestrian,Intersection-In Crosswalk,Intersection,Dark-Lighted,Not Collision with Motor Vehicle in Transport,Pedestrian,1,True,,,,,,,42.08015652,E SHELBY DR,46.7545425,45,7,B,MEMPHIS,SHELBY,46444,46.75454249623519,TDOT state route,state_route_overlap,"state route: 100% overlap, name=E SHELBY",E SHELBY DR,False,False,False,TDOT state route,True,,55.6,True,no_signal_coverage
301047066,10/26/2025,10/26/2025 0:40,2025,10,Sunday,0,35.02085,-89.96364,Possible Injury,Pedestrian,Not Intersection-On Roadway Not In Crosswalk,Non-Junction,Dark-Lighted,Angle,Other,1,True,E SHELBY DR,Principal Arterial,45.0,6.0,175,3.0,4.939292729,E SHELBY DR,0.254631177,45,6,B,TENNESSEE AIR NATIONAL GUARD,SHELBY,47833,0.2546311766871074,TDOT state route,state_route_overlap,"state route: 100% overlap, name=E SHELBY",E SHELBY DR,False,False,False,TDOT state route,False,8236,24.7,True,
301047141,10/28/2025,10/28/2025 11:50,2025,10,Tuesday,11,35.09177,-89.99178,Suspected Minor Injury,Pedestrian,Not Intersection-Unknown,Unknown,Daylight,Not Collision with Motor Vehicle in Transport,Pedestrian,1,True,,,,,,,1531.868585,DUNN AVE,13.95698071,40,4,B,MEMPHIS,SHELBY,4548,13.956980707647578,City of Memphis,city_residual,city: no state-route overlap,DUNN AVE,False,False,False,City of Memphis,False,,362.6,False,
301049186,11/8/2025,11/8/2025 10:10,2025,11,Saturday,10,35.117653,-90.037735,Possible Injury,Pedestrian,Intersection-On Roadway Crosswalk Not Available,Intersection,Daylight,Not Collision with Motor Vehicle in Transport,Pedestrian,1,True,,,,,,,783.0370974,MISSISSIPPI BLVD,0.134090885,35,2,B,MEMPHIS,SHELBY,50924,0.134090885292558,City of Memphis,city_residual,city: no state-route overlap,MISSISSIPPI BLVD,False,False,False,City of Memphis,True,2949,804.2,False,no
301049136,11/7/2025,11/7/2025 18:38,2025,11,Friday,18,35.111393,-89.9459,Fatal,Pedestrian,Intersection-On Roadway not in Crosswalk,Non-Junction,Dark-Lighted,Not Collision with Motor Vehicle in Transport,Pedestrian,1,True,,,,,,,1781.505509,S HIGHLAND ST,0.147224942,35,5,B,MEMPHIS,SHELBY,51213,0.1472249422744237,City of Memphis,city_residual,city: no state-route overlap,S HIGHLAND ST,False,False,False,City of Memphis,True,,1801.1,False,no_signal_coverage
301049205,11/7/2025,11/7/2025 21:38,2025,11,Friday,21,35.14287,-90.05234,Suspected Serious Injury,Pedestrian,Intersection-In Crosswalk,Intersection-Related,Dark-Lighted,Not Collision with Motor Vehicle in Transport,Pedestrian,1,True,S SECOND ST,Minor Arterial,35.0,3.0,14,6.0,1.23705967,UNION AVE,0.189504799,30,4,B,MEMPHIS,SHELBY,7487,0.189504799326109,City of Memphis,city_residual,city: no state-route overlap,UNION AVE,False,False,False,City of Memphis,True,,106.5,False,no_signal_coverage
301050734,11/14/2025,11/14/2025 16:39,2025,11,Friday,16,35.124313,-89.88987,Suspected Minor Injury,Pedestrian,Intersection-On Roadway not in Crosswalk,Intersection,Daylight,Not Collision with Motor Vehicle in Transport,Pedestrian,1,True,,,,,,,690.8556931,SHADY GROVE RD,1.285809756,30,2,B,MEMPHIS,SHELBY,74415,1.2858097557354151,City of Memphis,city_residual,city: no state-route overlap,SHADY GROVE RD,False,False,False,City of Memphis,True,,719.6,False,no_signal_coverage