MstrRecNbrTxt,CollisionDate,CollisionDteTime,YearNmb,Month,DayOfWeek,Hour,Latitude,Longitude,InjuryClass,PersonType,NonMotoristLocation,RelationToJunction,LightCondition,MannerOfCollision,FirstHarmfulEvent,VictimsInCrash,InMemphis,StateRoute_NAME,StateRoute_F_System,StateRoute_SPDLIMIT,StateRoute_LANES,StateRoute_ALTNAME_1,StateRoute_Council_District,DistToStateRoute_m,Street_Name,DistToStreet_m,Street_SPDLIMIT,Street_LANES,Street_ONEWAY,Street_CITY_L,Street_COUNTY_L,Seg_OBJECTID,DistToSeg_m,Ownership,Rule_Fired,Classification_Basis,Matched_Street,is_limited_access,is_override,is_corner_case,Jurisdiction_prev,at_intersection,intersection_node_id,nearest_ped_signal_m,is_ambiguous_intersection,intersection_signalized
301048196,11/3/2025,11/3/2025 7:00,2025,11,Monday,7,35.03538,-90.03478,Possible Injury,Pedestrian,Intersection-In Crosswalk,Intersection,Daylight,Not Collision with Motor Vehicle in Transport,Pedestrian,1,True,,,,,,,877.45878,E RAINES RD,8.953346056,40,5,B,MEMPHIS,SHELBY,49707,8.953346055774261,City of Memphis,city_residual,city: no state-route overlap,E RAINES RD,False,False,False,City of Memphis,True,,893.1,False,no_signal_coverage
301047505,10/29/2025,10/29/2025 18:40,2025,10,Wednesday,18,35.156963,-90.03228,Suspected Minor Injury,Pedestrian,Intersection-On Roadway Crosswalk availability Unknown,Intersection,Dark-Not Lighted,Not Collision with Motor Vehicle in Transport,Pedestrian,1,True,JACKSON AVE,Principal Arterial,35.0,4.0,14,7.0,6.103405586,JACKSON AVE,1.477762252,35,4,B,MEMPHIS,SHELBY,46707,1.4777622520712137,TDOT state route,state_route_overlap,"state route: 100% overlap, name=JACKSON",JACKSON AVE,False,False,False,TDOT state route,True,3536,89.9,False,no
301049590,11/11/2025,11/11/2025 4:15,2025,11,Tuesday,4,35.107513,-90.05178,Possible Injury,Pedestrian,Intersection-On Roadway not in Crosswalk,Intersection,Dark-Lighted,Not Collision with Motor Vehicle in Transport,Pedestrian,1,True,,,,,,,324.0218849,S PARKWAY E,0.056748465,35,4,B,MEMPHIS,SHELBY,50846,0.0567484651013644,City of Memphis,city_residual,city: no state-route overlap,S PARKWAY E,False,False,False,City of Memphis,True,1860,309.5,False,no
301055054,12/10/2025,12/10/2025 12:10,2025,12,Wednesday,12,35.20884,-90.023155,Suspected Serious Injury,Pedestrian,Intersection-In Crosswalk,Intersection-Related,Daylight,Not Collision with Motor Vehicle in Transport,Pedestrian,1,True,,,,,,,870.6858797,BASKIN ST,59.03245504,35,2,B,MEMPHIS,SHELBY,79801,59.03245504256974,City of Memphis,city_residual,city: no state-route overlap,BASKIN ST,False,False,False,City of Memphis,True,,851.7,True,no_signal_coverage
301053102,11/30/2025,11/30/2025 0:00,2025,11,Sunday,99,35.244102,-90.00605,Suspected Serious Injury,Pedestrian,Intersection-On Roadway Crosswalk Not Available,Unknown,Unknown,Not Collision with Motor Vehicle in Transport,Pedestrian,1,True,,,,,,,101.5724647,MILLINGTON RD,64.14864924,30,2,B,MEMPHIS,SHELBY,72561,64.14864923891122,City of Memphis,city_residual,city: no state-route overlap,MILLINGTON RD,False,False,False,City of Memphis,True,,1136.3,True,no_signal_coverage
301054792,12/9/2025,12/9/2025 7:40,2025,12,Tuesday,7,35.142853,-90.002884,Possible Injury,Pedestrian,Intersection-In Crosswalk,Intersection,Daylight,Not Collision with Motor Vehicle in Transport,Pedestrian,1,True,,,,,,,805.8491114,POPLAR AVE,0.100006621,40,7,B,MEMPHIS,SHELBY,50551,0.1000066207850763,City of Memphis,city_residual,city: no state-route overlap,POPLAR AVE,False,False,False,City of Memphis,True,5917,63.0,False,no
301053374,12/1/2025,12/1/2025 17:28,2025,12,Monday,17,35.2211,-89.929474,Possible Injury,Pedestrian,Not Intersection-On Roadway Crosswalk not Available,AccelDecelLane,Unknown,Not Collision with Motor Vehicle in Transport,Pedestrian,1,True,,,,,,,1426.166971,FRAYSER RALEIGH RD,24.50095982,45,5,B,MEMPHIS,SHELBY,53510,24.500959820847356,City of Memphis,city_residual,city: no state-route overlap,FRAYSER RALEIGH RD,False,False,False,City of Memphis,False,,1410.7,False,
301053116,11/30/2025,11/30/2025 11:40,2025,11,Sunday,11,35.091557,-89.94945,Suspected Serious Injury,Pedestrian,Not Intersection-On Roadway Crosswalk not Available,AccelDecelLane,Daylight,Not Collision with Motor Vehicle in Transport,Pedestrian,1,True,,,,,,,1272.589061,PRESCOTT RD,0.327530443,40,4,B,MEMPHIS,SHELBY,51162,0.3275304425292175,City of Memphis,city_residual,city: no state-route overlap,PRESCOTT RD,False,False,False,City of Memphis,False,,986.9,False,
301055942,12/15/2025,12/15/2025 17:58,2025,12,Monday,17,35.068726,-89.90512,Possible Injury,Pedestrian,Intersection-On Roadway not in Crosswalk,Intersection,Dark-Not Lighted,Not Collision with Motor Vehicle in Transport,Pedestrian,1,True,,,,,,,2463.625039,S PERKINS RD,40.05020855,40,7,B,MEMPHIS,SHELBY,49378,40.05020854760281,City of Memphis,city_residual,city: no state-route overlap,S PERKINS RD,False,False,False,City of Memphis,True,,69.2,True,no_signal_coverage
301051885,11/22/2025,11/22/2025 19:39,2025,11,Saturday,19,35.026104,-90.00752,Possible Injury,Pedestrian,Not Intersection-On Roadway Crosswalk not Available,Non-Junction,Dark-Lighted,Not Collision with Motor Vehicle in Transport,Pedestrian,1,True,,,,,,,558.7885861,MILLBRANCH RD,0.166747442,40,4,B,MEMPHIS,SHELBY,49773,0.1667474420584453,City of Memphis,city_residual,city: no state-route overlap,MILLBRANCH RD,False,False,False,City of Memphis,False,,546.5,False,
301054838,12/9/2025,12/9/2025 10:44,2025,12,Tuesday,10,35.217407,-89.90965,Unknown,Pedestrian,Intersection-Unknown,Intersection-Related,Daylight,Not Collision with Motor Vehicle in Transport,Pedestrian,1,True,,,,,,,231.7832258,RALEIGH SPRINGS MALL,80.54150277,0,2,N,MEMPHIS,SHELBY,48708,80.54150277050167,City of Memphis,city_residual,city: no state-route overlap,RALEIGH SPRINGS MALL,False,False,False,City of Memphis,True,,224.9,True,no_signal_coverage
301052715,11/26/2025,11/26/2025 18:44,2025,11,Wednesday,18,35.162853,-89.99218,Possible Injury,Pedestrian,Intersection-On Roadway Crosswalk Not Available,Intersection,Dark-Lighted,Not Collision with Motor Vehicle in Transport,Pedestrian,1,True,,,,,,,318.5165663,VOLLINTINE AVE,0.044468079,35,4,B,MEMPHIS,SHELBY,50644,0.0444680787835699,City of Memphis,city_residual,city: no state-route overlap,VOLLINTINE AVE,False,False,False,City of Memphis,True,,341.9,False,no_signal_coverage
301051736,11/20/2025,11/20/2025 20:58,2025,11,Thursday,20,35.13824,-90.05052,Possible Injury,Pedestrian,Intersection-On Roadway not in Crosswalk,Non-Junction,Dark-Lighted,Not Collision with Motor Vehicle in Transport,Pedestrian,2,True,,,,,,,101.8896678,FEDEX FORUM ALY,75.93064466,30,2,B,MEMPHIS,SHELBY,1140,75.9306446618783,City of Memphis,city_residual,city: no state-route overlap,FEDEX FORUM ALY,False,False,False,City of Memphis,True,,410.3,True,no_signal_coverage
301054304,12/6/2025,12/6/2025 10:50,2025,12,Saturday,10,35.158146,-90.01175,Possible Injury,Pedestrian,Intersection-On Roadway Crosswalk availability Unknown,Intersection,Daylight,Not Collision with Motor Vehicle in Transport,Pedestrian,1,True,JACKSON AVE,Principal Arterial,40.0,5.0,14,7.0,4.397293083,N WATKINS ST,0.04154066,40,4,B,MEMPHIS,SHELBY,50486,0.0415406598263376,City of Memphis,city_residual,city: no state-route overlap,N WATKINS ST,False,False,True,City of Memphis,True,5262,7.4,False,yes
301053991,12/4/2025,12/4/2025 15:40,2025,12,Thursday,15,35.054268,-90.024994,Suspected Serious Injury,Pedestrian,Intersection-On Roadway not in Crosswalk,Intersection-Related,Daylight,Not Collision with Motor Vehicle in Transport,Pedestrian,1,True,ELVIS PRESLEY BLVD,Principal Arterial,40.0,6.0,3,6.0,0.425799266,ELVIS PRESLEY BLVD,0.028561616,40,7,B,MEMPHIS,SHELBY,46508,0.028561616166333,TDOT state route,state_route_overlap,"state route: 100% overlap, name=ELVIS PRESLEY",ELVIS PRESLEY BLVD,False,False,False,TDOT state route,True,3666,26.1,False,yes
301023499,6/15/2025,6/15/2025 1:30,2025,6,Sunday,1,35.065025,-89.92737,Suspected Minor Injury,Pedestrian,Intersection-On Roadway not in Crosswalk,Intersection,Dark-Lighted,Not Collision with Motor Vehicle in Transport,Pedestrian,1,True,,,,,,,450.6804939,ASHWOOD ST,25.12766016,30,2,B,MEMPHIS,SHELBY,79267,25.12766016050759,City of Memphis,city_residual,city: no state-route overlap,ASHWOOD ST,False,False,False,City of Memphis,True,,498.3,True,no_signal_coverage
301051473,11/20/2025,11/20/2025 18:47,2025,11,Thursday,18,35.220684,-89.89256,Suspected Serious Injury,Pedestrian,Not Intersection-On Roadway Not In Crosswalk,AccelDecelLane,Dark-Lighted,Not Collision with Motor Vehicle in Transport,Pedestrian,1,True,,,,,,,151.0859857,YALE RD,39.21078189,40,5,B,MEMPHIS,SHELBY,50048,39.21078189360033,City of Memphis,city_residual,city: no state-route overlap,YALE RD,False,False,False,City of Memphis,False,,143.2,False,
301052724,11/24/2025,11/24/2025 17:10,2025,11,Monday,17,35.202858,-89.762054,Possible Injury,Pedestrian,Not Intersection-Other Not On Roadway,Non-Junction,Dark-Lighted,Angle,Other,1,True,,,,,,,168.4671795,FLETCHER PARK CIR N,124.8755942,30,2,B,MEMPHIS,SHELBY,9045,124.87559417307678,City of Memphis,city_residual,city: no state-route overlap,FLETCHER PARK CIR N,False,False,False,City of Memphis,False,,686.3,False,
301052173,11/24/2025,11/24/2025 14:25,2025,11,Monday,14,35.09104,-89.97626,No Injury,Pedestrian,Unknown,Non-Junction,Daylight,Angle,Other,1,True,,,,,,,715.5656292,DUNN AVE,21.00974188,35,2,B,MEMPHIS,SHELBY,5313,21.009741884853455,City of Memphis,city_residual,city: no state-route overlap,DUNN AVE,False,False,False,City of Memphis,False,,711.5,False,
301054243,12/5/2025,12/5/2025 15:30,2025,12,Friday,15,35.225365,-90.0149,Suspected Serious Injury,Pedestrian,Intersection-On Roadway not in Crosswalk,Intersection,Daylight,Not Collision with Motor Vehicle in Transport,Pedestrian,1,True,,,,,,,629.7389748,CORNING AVE,0.212951924,35,2,B,MEMPHIS,SHELBY,2749,0.2129519239044127,City of Memphis,city_residual,city: no state-route overlap,CORNING AVE,False,False,False,City of Memphis,True,,1197.2,False,no_signal_coverage
301055168,12/10/2025,12/10/2025 14:29,2025,12,Wednesday,14,35.14758,-89.972,Possible Injury,Pedestrian,Intersection-In Crosswalk,Intersection,Daylight,Not Collision with Motor Vehicle in Transport,Pedestrian,1,True,,,,,,,279.6764845,COLLINS ST,1.256655966,35,2,B,MEMPHIS,SHELBY,81801,1.2566559660777892,City of Memphis,city_residual,city: no state-route overlap,COLLINS ST,False,False,False,City of Memphis,True,,288.9,False,no_signal_coverage
301052190,11/24/2025,11/24/2025 18:09,2025,11,Monday,18,35.149635,-89.95802,Possible Injury,Pedestrian,Intersection-On Roadway not in Crosswalk,Intersection,Dark-Lighted,Not Collision with Motor Vehicle in Transport,Pedestrian,1,True,SUMMER AVE,Principal Arterial,35.0,5.0,1,5.0,16.92369379,BALTIC ST,11.5034984,30,2,B,MEMPHIS,SHELBY,82944,11.503498400939153,City of Memphis,city_residual,city: no state-route overlap,BALTIC ST,False,False,False,City of Memphis,True,8994,183.6,False,no
300990561,12/11/2024,12/11/2024 12:05,2024,12,Wednesday,12,35.086437,-90.052216,Fatal,Pedestrian,Not Intersection-On Roadway Not In Crosswalk,Intersection-Related,Daylight,Not Collision with Motor Vehicle in Transport,Pedestrian,1,True,,,,,,,415.7307035,LATHAM ST,0.281406817,35,2,B,MEMPHIS,SHELBY,82079,0.2814068167703406,City of Memphis,city_residual,city: no state-route overlap,LATHAM ST,False,False,False,City of Memphis,False,,399.9,False,
301054684,12/8/2025,12/8/2025 17:36,2025,12,Monday,17,35.048786,-89.85183,Possible Injury,Pedestrian,Not Intersection-On Roadway Not In Crosswalk,AccelDecelLane,Dark-Lighted,Not Collision with Motor Vehicle in Transport,Pedestrian,2,True,,,,,,,1878.533825,SALMON DR,27.63143954,30,2,B,MEMPHIS,SHELBY,33591,27.631439539273853,City of Memphis,city_residual,city: no state-route overlap,SALMON DR,False,False,False,City of Memphis,False,,327.0,False,
301056323,12/17/2025,12/17/2025 15:45,2025,12,Wednesday,15,35.132732,-90.02082,Possible Injury,Pedestrian,Intersection-In Crosswalk,Intersection,Daylight,Not Collision with Motor Vehicle in Transport,Pedestrian,1,True,S BELLEVUE BLVD,Major Collector,35.0,4.0,3,6.0,0.174271163,S BELLEVUE BLVD,0.071606715,35,4,B,MEMPHIS,SHELBY,46757,0.071606714845045,TDOT state route,state_route_overlap,"state route: 100% overlap, name=S BELLEVUE",S BELLEVUE BLVD,False,False,False,TDOT state route,True,,390.7,False,no_signal_coverage
301051801,11/21/2025,11/21/2025 8:44,2025,11,Friday,8,35.211243,-90.003685,Possible Injury,Pedestrian,Intersection-Unknown,Unknown,Daylight,HeadOn,Other,1,True,,,,,,,2357.67457,WARNER DR,0.129627934,30,2,B,MEMPHIS,SHELBY,27789,0.1296279336138485,City of Memphis,city_residual,city: no state-route overlap,WARNER DR,False,False,False,City of Memphis,True,6113,2033.2,False,no
301051244,11/19/2025,11/19/2025 18:50,2025,11,Wednesday,18,35.059425,-89.933105,Possible Injury,Pedestrian,Not Intersection-Other Not On Roadway,OtherLocation,Dark-Lighted,Not Collision with Motor Vehicle in Transport,Pedestrian,1,True,,,,,,,133.6929838,OLD GETWELL RD,40.34343827,30,2,B,MEMPHIS,SHELBY,71148,40.34343827494884,City of Memphis,city_residual,city: no state-route overlap,OLD GETWELL RD,False,False,False,City of Memphis,False,,210.9,False,
301053066,11/29/2025,11/29/2025 23:30,2025,11,Saturday,23,35.10252,-89.95032,No Injury,Pedestrian,Not Intersection-Other Not On Roadway,"Driveway, Alley Access, etc",Dark-Lighted,Not Collision with Motor Vehicle in Transport,Other,1,True,,,,,,,1945.136497,HOSKINS RD,17.26555604,30,2,B,MEMPHIS,SHELBY,73603,17.26555604100659,City of Memphis,city_residual,city: no state-route overlap,HOSKINS RD,False,False,False,City of Memphis,False,,1984.0,False,
301051261,11/17/2025,11/17/2025 14:00,2025,11,Monday,14,35.21121,-89.92298,Possible Injury,Pedestrian,Intersection-On Roadway Crosswalk Not Available,Intersection-Related,Daylight,Not Collision with Motor Vehicle in Transport,Pedestrian,1,True,,,,,,,276.8811528,JONES RD,0.127026207,30,2,B,MEMPHIS,SHELBY,72795,0.1270262071267628,City of Memphis,city_residual,city: no state-route overlap,JONES RD,False,False,False,City of Memphis,True,,351.8,False,no_signal_coverage
301044384,10/12/2025,10/12/2025 19:54,2025,10,Sunday,19,35.176033,-90.02306,Suspected Minor Injury,Pedestrian,Intersection-On Roadway Crosswalk Not Available,Through Roadway,Dark-Not Lighted,Not Collision with Motor Vehicle in Transport,Pedestrian,1,True,,,,,,,1162.515074,DECATUR ST,10.18765302,30,2,B,MEMPHIS,SHELBY,80924,10.187653023798552,City of Memphis,city_residual,city: no state-route overlap,DECATUR ST,False,False,False,City of Memphis,True,,409.6,False,no_signal_coverage
301057693,12/25/2025,12/25/2025 20:05,2025,12,Thursday,20,35.074375,-89.87543,Possible Injury,Pedestrian,Intersection-On Roadway not in Crosswalk,Non-Junction,Dark-Lighted,Not Collision with Motor Vehicle in Transport,Pedestrian,1,True,,,,,,,577.3385761,CLARKE RD,0.091267804,35,2,B,MEMPHIS,SHELBY,76955,0.0912678041465226,City of Memphis,city_residual,city: no state-route overlap,CLARKE RD,False,False,False,City of Memphis,True,14558,18.4,False,yes
301059757,1/8/2026,1/8/2026 15:21,2026,1,Thursday,15,35.145103,-90.04395,Possible Injury,Pedestrian,Intersection-On Roadway not in Crosswalk,Intersection,Daylight,Not Collision with Motor Vehicle in Transport,Pedestrian,1,True,N DANNY THOMAS BLVD,Principal Arterial,35.0,3.0,1,6.0,1.36957621,N DANNY THOMAS BLVD,0.042830621,35,3,TF,MEMPHIS,SHELBY,48015,0.0428306213968011,TDOT state route,state_route_overlap,"state route: 100% overlap, name=N DANNY THOMAS",N DANNY THOMAS BLVD,False,False,False,TDOT state route,True,,118.7,False,no_signal_coverage
301058874,1/3/2026,1/3/2026 19:20,2026,1,Saturday,19,35.161633,-89.86254,Possible Injury,Pedestrian,Intersection-On Roadway Crosswalk availability Unknown,Non-Junction,Dark-Lighted,Not Collision with Motor Vehicle in Transport,Pedestrian,1,True,,,,,,,1151.937485,MCREE ST,57.83666484,30,2,B,MEMPHIS,SHELBY,83569,57.83666484313618,City of Memphis,city_residual,city: no state-route overlap,MCREE ST,False,False,False,City of Memphis,True,,359.8,True,no_signal_coverage
301057361,12/22/2025,12/22/2025 20:30,2025,12,Monday,20,35.06371,-90.05863,Suspected Serious Injury,Pedestrian,Intersection-On Roadway not in Crosswalk,Intersection,Dawn,Not Collision with Motor Vehicle in Transport,Pedestrian,1,True,,,,,,,46.7550592,S THIRD ST,46.11878776,45,7,B,MEMPHIS,SHELBY,46476,46.11878776033479,TDOT state route,state_route_overlap,"state route: 100% overlap, name=S THIRD",S THIRD ST,False,False,False,TDOT state route,True,,77.0,True,no_signal_coverage
301057976,12/27/2025,12/27/2025 19:10,2025,12,Saturday,19,35.148262,-90.043564,Possible Injury,Pedestrian,Intersection-In Crosswalk,Intersection-Related,Dark-Lighted,Not Collision with Motor Vehicle in Transport,Pedestrian,1,True,N DANNY THOMAS BLVD,Principal Arterial,35.0,7.0,1,7.0,1.328284309,POPLAR AVE,0.034022355,35,5,B,MEMPHIS,SHELBY,50319,0.0340223547950888,City of Memphis,city_residual,city: no state-route overlap,POPLAR AVE,False,False,False,City of Memphis,True,2634,25.2,False,yes
301057091,12/21/2025,12/21/2025 18:10,2025,12,Sunday,18,35.143856,-90.03177,Suspected Serious Injury,Pedestrian,Intersection-Not on Roadway,Unknown,Dark-Lighted,Not Collision with Motor Vehicle in Transport,Pedestrian,1,True,,,,,,,599.7343869,ADAMS AVE,45.11226209,30,2,B,MEMPHIS,SHELBY,3598,45.11226209159889,City of Memphis,city_residual,city: no state-route overlap,ADAMS AVE,False,False,False,City of Memphis,True,,209.4,True,no_signal_coverage
301008385,3/25/2025,3/25/2025 15:35,2025,3,Tuesday,15,35.137856,-90.001114,Fatal,Pedestrian,Not Intersection-Adjacent to Roadway,Intersection-Related,Daylight,Not Collision with Motor Vehicle in Transport,Pedestrian,1,True,,,,,,,277.5347872,MADISON AVE,0.238611177,35,3,B,MEMPHIS,SHELBY,53393,0.2386111766481334,City of Memphis,city_residual,city: no state-route overlap,MADISON AVE,False,False,False,City of Memphis,False,,312.1,False,
301057712,12/26/2025,12/26/2025 2:00,2025,12,Friday,2,35.119633,-89.99188,Possible Injury,Pedestrian,Not Intersection-On Roadway Crosswalk Availability Unknown,Intersection-Related,Dark-Lighted,Not Collision with Motor Vehicle in Transport,Pedestrian,1,True,,,,,,,683.9435341,YOUNG AVE,0.606622034,35,2,B,MEMPHIS,SHELBY,4248,0.6066220340129184,City of Memphis,city_residual,city: no state-route overlap,YOUNG AVE,False,False,False,City of Memphis,False,,391.4,False,
301058917,1/2/2026,1/2/2026 0:20,2026,1,Friday,0,35.13988,-90.02668,No Injury,Pedestrian,Intersection-On Roadway not in Crosswalk,Intersection,Dark-Lighted,Not Collision with Motor Vehicle in Transport,Pedestrian,1,True,,,,,,,220.9613363,MADISON AVE,0.041582378,35,5,B,MEMPHIS,SHELBY,52640,0.041582378419528,City of Memphis,city_residual,city: no state-route overlap,MADISON AVE,False,False,False,City of Memphis,True,,237.0,False,no_signal_coverage
301058919,1/3/2026,1/3/2026 23:42,2026,1,Saturday,23,35.1548,-89.886604,Possible Injury,Pedestrian,Intersection-In Crosswalk,Entrance/Exit Ramp Related,Dark-Lighted,Not Collision with Motor Vehicle in Transport,Pedestrian,1,True,SUMMER AVE,Principal Arterial,40.0,5.0,1,5.0,10.0599193,SUMMER AVE,6.777529504,40,5,B,MEMPHIS,SHELBY,48494,6.77752950407644,TDOT state route,state_route_overlap,"state route: 100% overlap, name=SUMMER",SUMMER AVE,False,False,False,TDOT state route,True,14033,29.9,False,yes
301061600,1/20/2026,1/20/2026 17:24,2026,1,Tuesday,17,35.036057,-90.069336,Possible Injury,Pedestrian,Intersection-On Roadway not in Crosswalk,Intersection,Dark-Lighted,Unknown,Other,1,True,,,,,,,230.147748,HORN LAKE RD,49.92814758,40,5,B,MEMPHIS,SHELBY,49623,49.92814757561681,City of Memphis,city_residual,city: no state-route overlap,HORN LAKE RD,False,False,False,City of Memphis,True,,327.4,True,no_signal_coverage
301060621,1/14/2026,1/14/2026 4:36,2026,1,Wednesday,4,35.1033,-89.992615,Unknown,Pedestrian,Not Intersection-Unknown,Unknown,Dark-Lighted,Not Collision with Motor Vehicle in Transport,Pedestrian,1,True,,,,,,,628.7991021,S COOPER ST,4.463174312,30,2,B,MEMPHIS,SHELBY,81466,4.463174311503812,City of Memphis,city_residual,city: no state-route overlap,S COOPER ST,False,False,False,City of Memphis,False,,605.3,False,
301059376,1/6/2026,1/6/2026 12:20,2026,1,Tuesday,12,35.02266,-89.9345,Possible Injury,Pedestrian,Intersection-On Roadway Crosswalk Not Available,Intersection-Related,Daylight,Not Collision with Motor Vehicle in Transport,Pedestrian,1,True,,,,,,,220.1952842,GETWELL RD,221.0201007,45,7,B,MEMPHIS,SHELBY,46409,221.02010070411893,TDOT state route,state_route_overlap,"state route: 100% overlap, name=GETWELL",GETWELL RD,False,False,False,TDOT state route,True,,261.3,True,no_signal_coverage
301058765,1/2/2026,1/2/2026 17:30,2026,1,Friday,17,35.046204,-89.79473,Possible Injury,Pedestrian,Not Intersection-On Roadway Not In Crosswalk,AccelDecelLane,Dark-Lighted,Not Collision with Motor Vehicle in Transport,Pedestrian,1,True,,,,,,,1237.583388,HACKS CROSS RD,111.0290798,45,7,B,MEMPHIS,SHELBY,48999,111.0290798299276,City of Memphis,city_residual,city: no state-route overlap,HACKS CROSS RD,False,False,False,City of Memphis,False,,221.4,False,
301058414,12/20/2025,12/20/2025 18:55,2025,12,Saturday,18,35.242894,-89.920229,Fatal,Pedestrian,Not Intersection-On Roadway Crosswalk not Available,Non-Junction,Dark-Lighted,Not Collision with Motor Vehicle in Transport,Pedestrian,1,True,,,,,,,2302.057528,EGYPT CENTRAL RD,10.97036545,45,2,B,MEMPHIS,SHELBY,52822,10.970365447390927,City of Memphis,city_residual,city: no state-route overlap,EGYPT CENTRAL RD,False,False,False,City of Memphis,False,,2071.0,False,
301057473,12/23/2025,12/23/2025 17:33,2025,12,Tuesday,17,35.213696,-90.00357,Possible Injury,Pedestrian,Not Intersection-On Roadway Not In Crosswalk,AccelDecelLane,Dark-Lighted,Not Collision with Motor Vehicle in Transport,Pedestrian,1,True,,,,,,,2210.546972,N WATKINS ST,0.075357352,40,5,B,MEMPHIS,SHELBY,49876,0.0753573519684981,City of Memphis,city_residual,city: no state-route overlap,N WATKINS ST,False,False,False,City of Memphis,False,6128,2302.4,True,
301059414,1/5/2026,1/5/2026 19:17,2026,1,Monday,19,35.163197,-89.85637,Possible Injury,Pedestrian,Intersection-On Roadway not in Crosswalk,Non-Junction,Dawn,Not Collision with Motor Vehicle in Transport,Pedestrian,1,True,,,,,,,1473.089396,GILLHAM DR,4.679930074,30,2,B,MEMPHIS,SHELBY,28700,4.679930073673862,City of Memphis,city_residual,city: no state-route overlap,GILLHAM DR,False,False,False,City of Memphis,True,,439.1,False,no_signal_coverage
301057899,12/27/2025,12/27/2025 17:20,2025,12,Saturday,17,35.035698,-90.007935,Suspected Serious Injury,Pedestrian,Not Intersection-On Roadway Crosswalk not Available,Non-Junction,Dark-Lighted,Not Collision with Motor Vehicle in Transport,Pedestrian,1,True,,,,,,,1571.874254,E RAINES RD,13.0382807,40,5,B,MEMPHIS,SHELBY,49751,13.03828069728301,City of Memphis,city_residual,city: no state-route overlap,E RAINES RD,False,False,False,City of Memphis,False,,1556.9,False,
301057002,12/20/2025,12/20/2025 22:00,2025,12,Saturday,22,35.20964,-90.02685,Possible Injury,Pedestrian,Intersection-On Roadway Crosswalk Not Available,Intersection,Dark-Unknown Lighting,Not Collision with Motor Vehicle in Transport,Pedestrian,1,True,,,,,,,524.1460561,WHITNEY AVE,8.790298472,45,2,B,MEMPHIS,SHELBY,2689,8.790298471896485,City of Memphis,city_residual,city: no state-route overlap,WHITNEY AVE,False,False,False,City of Memphis,True,,509.8,True,no_signal_coverage
301061277,1/18/2026,1/18/2026 13:08,2026,1,Sunday,13,35.139084,-89.785225,Possible Injury,Pedestrian,Intersection-On Roadway Crosswalk Not Available,Non-Junction,Daylight,Not Collision with Motor Vehicle in Transport,Pedestrian,1,True,,,,,,,959.811288,N WALNUT BEND RD,52.43141059,30,2,B,MEMPHIS,SHELBY,70326,52.43141059032656,City of Memphis,city_residual,city: no state-route overlap,N WALNUT BEND RD,False,False,False,City of Memphis,True,,934.6,True,no_signal_coverage
301056819,12/19/2025,12/19/2025 17:45,2025,12,Friday,17,35.103554,-89.98652,Suspected Minor Injury,Pedestrian,Intersection-In Crosswalk,Intersection,Daylight,Not Collision with Motor Vehicle in Transport,Pedestrian,1,True,,,,,,,207.7087872,AIRWAYS BLVD,25.58625582,40,7,B,MEMPHIS,SHELBY,53409,25.586255823040595,City of Memphis,city_residual,city: no state-route overlap,AIRWAYS BLVD,False,False,False,City of Memphis,True,,213.4,True,no_signal_coverage
301061287,1/17/2026,1/17/2026 19:00,2026,1,Saturday,19,35.09897,-89.86536,Possible Injury,Pedestrian,Intersection-On Roadway Crosswalk availability Unknown,Intersection,Dark-Lighted,Not Collision with Motor Vehicle in Transport,Pedestrian,1,True,,,,,,,365.955005,JULIAN CT,62.7010247,30,2,B,MEMPHIS,SHELBY,11058,62.70102470320893,City of Memphis,city_residual,city: no state-route overlap,JULIAN CT,False,False,False,City of Memphis,True,,393.2,True,no_signal_coverage
301059924,1/9/2026,1/9/2026 18:25,2026,1,Friday,18,35.107418,-90.04249,Possible Injury,Pedestrian,Intersection-Unknown,Intersection,Dark-Lighted,Not Collision with Motor Vehicle in Transport,Pedestrian,1,True,,,,,,,1170.991229,S PARKWAY E,11.43768583,35,5,B,MEMPHIS,SHELBY,50893,11.437685826760518,City of Memphis,city_residual,city: no state-route overlap,S PARKWAY E,False,False,False,City of Memphis,True,2563,1114.7,False,no
301059929,1/9/2026,1/9/2026 17:48,2026,1,Friday,17,35.135468,-90.00271,Possible Injury,Pedestrian,Intersection-On Roadway Crosswalk availability Unknown,AccelDecelLane,Dark-Lighted,Not Collision with Motor Vehicle in Transport,Pedestrian,1,True,UNION AVE,Principal Arterial,35.0,6.0,23,5.0,4.432506165,S AUBURNDALE ST,0.046532577,30,2,B,MEMPHIS,SHELBY,81306,0.0465325772268714,City of Memphis,city_residual,city: no state-route overlap,S AUBURNDALE ST,False,False,True,City of Memphis,True,,237.8,False,no_signal_coverage