MstrRecNbrTxt,CollisionDate,CollisionDteTime,YearNmb,Month,DayOfWeek,Hour,Latitude,Longitude,InjuryClass,PersonType,NonMotoristLocation,RelationToJunction,LightCondition,MannerOfCollision,FirstHarmfulEvent,VictimsInCrash,InMemphis,StateRoute_NAME,StateRoute_F_System,StateRoute_SPDLIMIT,StateRoute_LANES,StateRoute_ALTNAME_1,StateRoute_Council_District,DistToStateRoute_m,Street_Name,DistToStreet_m,Street_SPDLIMIT,Street_LANES,Street_ONEWAY,Street_CITY_L,Street_COUNTY_L,Seg_OBJECTID,DistToSeg_m,Ownership,Rule_Fired,Classification_Basis,Matched_Street,is_limited_access,is_override,is_corner_case,Jurisdiction_prev,at_intersection,intersection_node_id,nearest_ped_signal_m,is_ambiguous_intersection,intersection_signalized
301057661,12/22/2025,12/22/2025 18:38,2025,12,Monday,18,35.1079,-89.94604,Possible Injury,Pedestrian,Intersection-In Crosswalk,Intersection,Dark-Lighted,Not Collision with Motor Vehicle in Transport,Pedestrian,1,True,,,,,,,2159.788804,PARK AVE,0.026743684,40,4,B,MEMPHIS,SHELBY,51196,0.0267436842718795,City of Memphis,city_residual,city: no state-route overlap,PARK AVE,False,False,False,City of Memphis,True,9665,2188.9,False,no
301060538,1/13/2026,1/13/2026 15:53,2026,1,Tuesday,15,35.10859,-89.946175,Possible Injury,Pedestrian,Not Intersection-On Roadway Crosswalk not Available,Intersection-Related,Daylight,Not Collision with Motor Vehicle in Transport,Pedestrian,1,True,,,,,,,2088.793627,S HIGHLAND ST,15.09543943,35,4,B,MEMPHIS,SHELBY,51197,15.095439427023022,City of Memphis,city_residual,city: no state-route overlap,S HIGHLAND ST,False,False,False,City of Memphis,False,,2112.9,False,
301062053,1/22/2026,1/22/2026 15:58,2026,1,Thursday,15,35.13786,-90.016525,Possible Injury,Pedestrian,Intersection-On Roadway not in Crosswalk,"Driveway, Alley Access, etc",Daylight,Not Collision with Motor Vehicle in Transport,Pedestrian,1,True,,,,,,,108.8755665,MONROE AVE,0.161699133,30,2,B,MEMPHIS,SHELBY,7315,0.161699133112767,City of Memphis,city_residual,city: no state-route overlap,MONROE AVE,False,False,False,City of Memphis,True,4692,113.0,False,no
301061771,1/21/2026,1/21/2026 18:15,2026,1,Wednesday,18,35.19937,-90.00779,Possible Injury,Pedestrian,Intersection-On Roadway not in Crosswalk,Intersection-Related,Dark-Lighted,Not Collision with Motor Vehicle in Transport,Pedestrian,1,True,,,,,,,2415.315228,N WATKINS ST,0.355152438,40,4,B,MEMPHIS,SHELBY,49857,0.3551524377911551,City of Memphis,city_residual,city: no state-route overlap,N WATKINS ST,False,False,False,City of Memphis,True,5738,675.8,False,no
301062344,1/20/2026,1/20/2026 19:20,2026,1,Tuesday,19,35.179695,-89.97139,Possible Injury,Pedestrian,Not Intersection-On Roadway Crosswalk Availability Unknown,Intersection,Daylight,Not Collision with Motor Vehicle in Transport,Pedestrian,1,True,,,,,,,2306.010167,PRIVATE DR,18.58351155,30,2,B,MEMPHIS,SHELBY,35167,18.58351154625512,City of Memphis,city_residual,city: no state-route overlap,PRIVATE DR,False,False,False,City of Memphis,False,,1209.1,False,
301014726,4/28/2025,4/28/2025 1:39,2025,4,Monday,1,35.108875,-89.98901,Fatal,Pedestrian,Not Intersection-Unknown,Non-Junction,Dark-Lighted,Not Collision with Motor Vehicle in Transport,Pedestrian,1,True,LAMAR AVE,Principal Arterial,40.0,7.0,4,4.0,2.494598878,LAMAR AVE,6.059858988,40,7,B,MEMPHIS,SHELBY,48603,6.059858988155315,TDOT state route,state_route_overlap,"state route: 100% overlap, name=LAMAR",LAMAR AVE,False,False,False,TDOT state route,False,6797,321.0,True,
301062486,1/27/2026,1/27/2026 9:30,2026,1,Tuesday,9,35.180393,-89.783936,No Injury,Pedestrian,Not Intersection-Outside Traffic,Non-Junction,Daylight,Not Collision with Motor Vehicle in Transport,Pedestrian,1,True,,,,,,,814.5639605,CHIMNEYROCK BLVD,33.04020781,30,4,B,MEMPHIS,SHELBY,49137,33.04020780720896,City of Memphis,city_residual,city: no state-route overlap,CHIMNEYROCK BLVD,False,False,False,City of Memphis,False,,804.8,False,
301061942,1/22/2026,1/22/2026 13:28,2026,1,Thursday,13,35.193665,-89.792496,Possible Injury,Pedestrian,Intersection-On Roadway Crosswalk Not Available,Intersection,Daylight,Not Collision with Motor Vehicle in Transport,Pedestrian,1,True,N GERMANTOWN PKWY,Principal Arterial,45.0,7.0,177,1.0,5.527935758,N GERMANTOWN PKWY,5.838538038,45,7,B,MEMPHIS,SHELBY,46618,5.838538037976518,TDOT state route,state_route_overlap,"state route: 100% overlap, name=N GERMANTOWN",N GERMANTOWN PKWY,False,False,False,TDOT state route,True,,186.3,True,no_signal_coverage
301062364,1/25/2026,1/25/2026 14:52,2026,1,Sunday,14,35.143955,-90.01564,Possible Injury,Pedestrian,Intersection-In Crosswalk,Intersection-Related,Daylight,Not Collision with Motor Vehicle in Transport,Pedestrian,1,True,,,,,,,789.8753669,POPLAR AVE,0.133218996,40,7,B,MEMPHIS,SHELBY,50416,0.1332189960499262,City of Memphis,city_residual,city: no state-route overlap,POPLAR AVE,False,False,False,City of Memphis,True,4822,6.9,False,yes
301066633,2/23/2026,2/23/2026 15:40,2026,2,Monday,15,35.2196,-90.00334,Suspected Serious Injury,Pedestrian,Not Intersection-On Roadway Not In Crosswalk,AccelDecelLane,Daylight,Not Collision with Motor Vehicle in Transport,Pedestrian,1,True,,,,,,,1858.78806,N WATKINS ST,0.112457168,40,5,B,MEMPHIS,SHELBY,49879,0.1124571683348399,City of Memphis,city_residual,city: no state-route overlap,N WATKINS ST,False,False,False,City of Memphis,False,6179,2069.0,True,
301034236,8/16/2025,8/16/2025 22:39,2025,8,Saturday,22,35.187468,-89.809193,Fatal,Pedestrian,Not Intersection-On Roadway Not In Crosswalk,Entrance/Exit Ramp Related,Dark-Not Lighted,Not Collision with Motor Vehicle in Transport,Pedestrian,1,True,,,,,,,1507.056675,INTERSTATE 40 W,9.389255888,65,4,TF,MEMPHIS,SHELBY,39465,9.389255887576814,Interstate (TDOT),interstate_mainline,interstate: MTFCC S1100,INTERSTATE 40 W,True,False,False,Interstate (TDOT),False,,386.8,False,
301063761,2/5/2026,2/5/2026 22:30,2026,2,Thursday,22,35.20396,-89.91622,Possible Injury,Pedestrian,Not Intersection-On Roadway Not In Crosswalk,Intersection-Related,Dark-Lighted,Not Collision with Motor Vehicle in Transport,Pedestrian,1,True,,,,,,,180.259589,BEVERLY HILL ST,26.09664641,30,2,B,MEMPHIS,SHELBY,84889,26.096646414419144,City of Memphis,city_residual,city: no state-route overlap,BEVERLY HILL ST,False,False,False,City of Memphis,False,,283.6,False,
301045948,10/20/2025,10/20/2025 11:15,2025,10,Monday,11,35.137028,-89.973434,Fatal,Pedestrian,Not Intersection-On Roadway Not In Crosswalk,Non-Junction,Daylight,"Sideswipe, Same Direction",Other,1,True,POPLAR AVE,Principal Arterial,40.0,7.0,57,5.0,4.27252574,POPLAR AVE,0.059930165,40,7,B,MEMPHIS,SHELBY,48600,0.0599301647576361,TDOT state route,state_route_overlap,"state route: 100% overlap, name=POPLAR",POPLAR AVE,False,False,False,TDOT state route,False,7922,12.7,True,
301065903,2/18/2026,2/18/2026 18:40,2026,2,Wednesday,18,35.143955,-90.01564,Fatal,Pedestrian,Not Intersection-On Roadway Not In Crosswalk,Non-Junction,Dark-Lighted,Not Collision with Motor Vehicle in Transport,Pedestrian,1,True,,,,,,,789.8753669,POPLAR AVE,0.133218996,40,7,B,MEMPHIS,SHELBY,50416,0.1332189960499262,City of Memphis,city_residual,city: no state-route overlap,POPLAR AVE,False,False,False,City of Memphis,False,4822,6.9,True,
301066918,2/24/2026,2/24/2026 18:25,2026,2,Tuesday,18,35.079853,-90.01907,Possible Injury,Pedestrian,Intersection-On Roadway not in Crosswalk,Intersection,Dark-Not Lighted,Not Collision with Motor Vehicle in Transport,Pedestrian,1,True,ELVIS PRESLEY BLVD,Minor Arterial,40.0,4.0,3,6.0,1.623649434,ELVIS PRESLEY BLVD,0.507565643,40,4,B,MEMPHIS,SHELBY,46953,0.5075656429191983,TDOT state route,state_route_overlap,"state route: 100% overlap, name=ELVIS PRESLEY",ELVIS PRESLEY BLVD,False,False,False,TDOT state route,True,4229,199.2,False,no
301065910,2/17/2026,2/17/2026 23:53,2026,2,Tuesday,23,35.16971,-89.93218,No Injury,Other Non-Motorist,Not Intersection-Unknown,Through Roadway,Dark-Lighted,Not Collision with Motor Vehicle in Transport,Other,1,True,,,,,,,943.8955298,BAYLISS AVE,0.243954578,35,2,B,MEMPHIS,SHELBY,5979,0.2439545775931425,City of Memphis,city_residual,city: no state-route overlap,BAYLISS AVE,False,False,False,City of Memphis,False,,1030.3,False,
301063378,2/3/2026,2/3/2026 20:18,2026,2,Tuesday,20,35.11533,-90.02302,Possible Injury,Pedestrian,Intersection-Unknown,AccelDecelLane,Dark-Lighted,Not Collision with Motor Vehicle in Transport,Pedestrian,1,True,,,,,,,124.3920837,E MCLEMORE AVE,0.040933433,35,2,B,MEMPHIS,SHELBY,50973,0.0409334327177004,City of Memphis,city_residual,city: no state-route overlap,E MCLEMORE AVE,False,False,False,City of Memphis,True,,753.2,False,no_signal_coverage
301049296,11/4/2025,11/4/2025 9:55,2025,11,Tuesday,9,35.17046,-90.018524,Possible Injury,Pedestrian,Not Intersection-Outside Traffic,Non-Junction,Daylight,Unknown,Other,2,True,,,,,,,1315.004523,INTERSTATE 40 W,0.023589811,65,3,TF,MEMPHIS,SHELBY,39538,0.0235898111699789,Interstate (TDOT),interstate_mainline,interstate: MTFCC S1100,INTERSTATE 40 W,True,False,False,Interstate (TDOT),False,,66.0,False,
301065744,2/17/2026,2/17/2026 18:05,2026,2,Tuesday,18,35.077816,-90.02018,Possible Injury,Pedestrian,Intersection-On Roadway Crosswalk availability Unknown,"Driveway, Alley Access, etc",Dark-Lighted,Not Collision with Motor Vehicle in Transport,Pedestrian,1,True,,,,,,,54.19519727,E ALCY RD,32.12378255,35,2,B,MEMPHIS,SHELBY,75728,32.12378254781003,City of Memphis,city_residual,city: no state-route overlap,E ALCY RD,False,False,False,City of Memphis,True,,69.1,True,no_signal_coverage
301065922,2/18/2026,2/18/2026 19:25,2026,2,Wednesday,19,35.136402,-90.01229,Suspected Serious Injury,Pedestrian,Intersection-In Crosswalk,Intersection,Dark-Lighted,Not Collision with Motor Vehicle in Transport,Pedestrian,1,True,UNION AVE,Principal Arterial,35.0,6.0,23,5.0,4.462121402,S MCNEIL ST,0.016071738,30,2,B,MEMPHIS,SHELBY,81079,0.0160717377245748,City of Memphis,city_residual,city: no state-route overlap,S MCNEIL ST,False,False,True,City of Memphis,True,,2.6,False,no_signal_coverage
301065945,2/12/2026,2/12/2026 18:40,2026,2,Thursday,18,35.234871,-89.893177,Possible Injury,Pedestrian,Not Intersection-On Roadway Not In Crosswalk,Non-Junction,Dark-Not Lighted,Not Collision with Motor Vehicle in Transport,Pedestrian,1,True,,,,,,,121.9806696,NEW COVINGTON PIKE,125.1158197,45,5,B,MEMPHIS,SHELBY,48076,125.11581969094992,TDOT state route,state_route_overlap,"state route: 100% overlap, name=NEW COVINGTON",NEW COVINGTON PIKE,False,False,False,TDOT state route,False,,152.9,False,
301064945,2/10/2026,2/10/2026 6:15,2026,2,Tuesday,6,35.108124,-89.97131,Possible Injury,Pedestrian,Not Intersection-On Roadway Not In Crosswalk,Intersection,Dawn,Not Collision with Motor Vehicle in Transport,Pedestrian,1,True,,,,,,,1016.686877,PARK AVE,1.259755145,35,4,B,MEMPHIS,SHELBY,51048,1.2597551445327484,City of Memphis,city_residual,city: no state-route overlap,PARK AVE,False,False,False,City of Memphis,False,7973,1239.0,True,
301056159,12/16/2025,12/16/2025 17:34,2025,12,Tuesday,17,35.053406,-89.88612,Possible Injury,Pedestrian,Not Intersection-On Roadway Crosswalk not Available,Non-Junction,Dark-Lighted,Not Collision with Motor Vehicle in Transport,Pedestrian,2,True,,,,,,,3091.771993,S MENDENHALL RD,0.415066693,40,7,B,MEMPHIS,SHELBY,51903,0.4150666930662237,City of Memphis,city_residual,city: no state-route overlap,S MENDENHALL RD,False,False,False,City of Memphis,False,13705,317.4,True,
301066210,2/20/2026,2/20/2026 12:00,2026,2,Friday,12,35.108547,-89.98474,Possible Injury,Pedestrian,Intersection-In Crosswalk,Intersection-Related,Daylight,Not Collision with Motor Vehicle in Transport,Pedestrian,1,True,AIRWAYS BLVD,Principal Arterial,35.0,5.0,277,4.0,14.71977981,PARK AVE,0.711219121,35,4,B,MEMPHIS,SHELBY,51017,0.7112191208750932,City of Memphis,city_residual,city: no state-route overlap,PARK AVE,False,False,False,City of Memphis,True,7054,13.7,False,yes
301064679,2/11/2026,2/11/2026 19:00,2026,2,Wednesday,19,35.116024,-90.05953,Possible Injury,Pedestrian,Not Intersection-Outside Traffic,Non-Junction,Dark-Lighted,Not Collision with Motor Vehicle in Transport,Pedestrian,1,True,,,,,,,392.9112415,S MAIN ST,6.851429071,30,2,B,MEMPHIS,SHELBY,82077,6.851429071259271,City of Memphis,city_residual,city: no state-route overlap,S MAIN ST,False,False,False,City of Memphis,False,,393.3,False,
301064069,2/7/2026,2/7/2026 17:00,2026,2,Saturday,17,35.108543,-89.98489,Possible Injury,Pedestrian,Intersection-In Crosswalk,Intersection,Daylight,Not Collision with Motor Vehicle in Transport,Pedestrian,1,True,AIRWAYS BLVD,Principal Arterial,35.0,5.0,277,4.0,1.08401125,PARK AVE,0.058236371,35,4,B,MEMPHIS,SHELBY,51017,0.0582363706776887,City of Memphis,city_residual,city: no state-route overlap,PARK AVE,False,False,True,City of Memphis,True,7054,0.1,False,yes
300964552,7/2/2024,7/2/2024 22:59,2024,7,Tuesday,22,35.063282,-90.07291,Suspected Serious Injury,Pedestrian,Not Intersection-On Roadway Crosswalk not Available,SharedUsePathOrTrail,Dark-Lighted,Not Collision with Motor Vehicle in Transport,Pedestrian,1,True,,,,,,,1247.0468,W BROOKS RD,0.147919809,35,4,B,MEMPHIS,SHELBY,49609,0.1479198087718156,City of Memphis,city_residual,city: no state-route overlap,W BROOKS RD,False,False,False,City of Memphis,False,,1231.1,False,
301065988,2/19/2026,2/19/2026 8:40,2026,2,Thursday,8,35.104794,-90.00043,Suspected Minor Injury,Pedestrian,Intersection-Not on Roadway,Through Roadway,Daylight,Not Collision with Motor Vehicle in Transport,Pedestrian,1,True,,,,,,,993.5494444,S BARKSDALE ST,23.36113209,30,2,B,MEMPHIS,SHELBY,81286,23.361132088814884,City of Memphis,city_residual,city: no state-route overlap,S BARKSDALE ST,False,False,False,City of Memphis,True,,511.8,True,no_signal_coverage
301066234,2/20/2026,2/20/2026 19:48,2026,2,Friday,19,35.05938,-89.92223,Suspected Minor Injury,Pedestrian,Intersection-On Roadway Crosswalk Not Available,Intersection,Dark-Lighted,Not Collision with Motor Vehicle in Transport,Pedestrian,1,True,,,,,,,796.05053,FOREST VIEW DR,0.269458568,30,2,B,MEMPHIS,SHELBY,26037,0.2694585678097962,City of Memphis,city_residual,city: no state-route overlap,FOREST VIEW DR,False,False,False,City of Memphis,True,,852.8,False,no_signal_coverage
301066238,2/20/2026,2/20/2026 19:00,2026,2,Friday,19,35.243095,-89.92586,Possible Injury,Pedestrian,Intersection-On Roadway not in Crosswalk,Intersection-Related,Dark-Lighted,Not Collision with Motor Vehicle in Transport,Pedestrian,2,True,,,,,,,2712.985733,EGYPT CENTRAL RD,0.145188736,45,5,B,MEMPHIS,SHELBY,53112,0.1451887355926036,City of Memphis,city_residual,city: no state-route overlap,EGYPT CENTRAL RD,False,False,False,City of Memphis,True,,2583.9,False,no_signal_coverage
301064481,2/10/2026,2/10/2026 18:45,2026,2,Tuesday,18,35.13938,-89.95824,Possible Injury,Pedestrian,Not Intersection-On Roadway Not In Crosswalk,Non-Junction,Dark-Lighted,Not Collision with Motor Vehicle in Transport,Pedestrian,1,True,,,,,,,513.9671138,BALTIC ST,19.518282,30,2,B,MEMPHIS,SHELBY,82869,19.5182819956526,City of Memphis,city_residual,city: no state-route overlap,BALTIC ST,False,False,False,City of Memphis,False,,801.7,False,
301042813,10/2/2025,10/2/2025 20:05,2025,10,Thursday,20,35.11538,-89.99917,Fatal,Pedestrian,Intersection-Not on Roadway,Intersection,Dark-Lighted,Not Collision with Motor Vehicle in Transport,Pedestrian,2,True,LAMAR AVE,Principal Arterial,40.0,4.0,4,4.0,3.790706623,LAMAR AVE,0.303656439,40,4,B,MEMPHIS,SHELBY,46820,0.3036564390949042,TDOT state route,state_route_overlap,"state route: 100% overlap, name=LAMAR",LAMAR AVE,False,False,False,TDOT state route,True,6090,14.3,False,yes
301066599,2/23/2026,2/23/2026 10:10,2026,2,Monday,10,35.148514,-90.04872,Possible Injury,Pedestrian,Intersection-Not on Roadway,Intersection-Related,Daylight,Not Collision with Motor Vehicle in Transport,Pedestrian,1,True,N THIRD ST,Minor Arterial,35.0,3.0,3,6.0,1.810046264,N B B KING BLVD,0.09170961,35,3,FT,MEMPHIS,SHELBY,53242,0.0917096103461619,TDOT state route,state_route_overlap,"state route: 100% overlap, name=N B B KING",N B B KING BLVD,False,False,False,TDOT state route,True,,160.0,False,no_signal_coverage
301064499,2/10/2026,2/10/2026 17:00,2026,2,Tuesday,17,35.15055,-89.97693,Possible Injury,Pedestrian,Intersection-In Crosswalk,Intersection,Daylight,Not Collision with Motor Vehicle in Transport,Pedestrian,2,True,SUMMER AVE,Principal Arterial,35.0,5.0,1,5.0,4.809049076,N HOLLYWOOD ST,0.121126569,35,2,B,MEMPHIS,SHELBY,53539,0.1211265686968115,City of Memphis,city_residual,city: no state-route overlap,N HOLLYWOOD ST,False,False,True,City of Memphis,True,7711,0.6,False,yes
301068787,3/7/2026,3/7/2026 21:25,2026,3,Saturday,21,35.107857,-89.962135,Suspected Serious Injury,Pedestrian,Not Intersection-On Roadway Not In Crosswalk,Non-Junction,Dark-Unknown Lighting,Not Collision with Motor Vehicle in Transport,Pedestrian,1,True,,,,,,,1471.317336,PARK AVE,0.311772277,35,4,B,MEMPHIS,SHELBY,51103,0.3117722774087954,City of Memphis,city_residual,city: no state-route overlap,PARK AVE,False,False,False,City of Memphis,False,,1562.7,False,
301068410,3/5/2026,3/5/2026 15:47,2026,3,Thursday,15,35.137707,-89.999671,Fatal,Pedestrian,Not Intersection-In Crosswalk,Non-Junction,Daylight,Not Collision with Motor Vehicle in Transport,Pedestrian,1,True,,,,,,,278.0915883,MADISON AVE,1.096040219,35,3,B,MEMPHIS,SHELBY,50548,1.0960402190859904,City of Memphis,city_residual,city: no state-route overlap,MADISON AVE,False,False,False,City of Memphis,False,,283.7,False,
301065286,2/15/2026,2/15/2026 1:30,2026,2,Sunday,1,35.136803,-89.99027,Suspected Minor Injury,Pedestrian,Intersection-On Roadway not in Crosswalk,Intersection,Dark-Lighted,Not Collision with Motor Vehicle in Transport,Pedestrian,1,True,,,,,,,286.2720483,N COOPER ST,17.02728991,35,4,B,MEMPHIS,SHELBY,84243,17.027289906449326,City of Memphis,city_residual,city: no state-route overlap,N COOPER ST,False,False,False,City of Memphis,True,6830,292.2,False,no
301039285,9/14/2025,9/14/2025 1:09,2025,9,Sunday,1,35.059162,-89.93354,Fatal,Pedestrian,Not Intersection-On Roadway Crosswalk not Available,Non-Junction,Dark-Lighted,Not Collision with Motor Vehicle in Transport,Pedestrian,1,True,,,,,,,84.94960679,OLD GETWELL RD,10.67343509,30,2,B,MEMPHIS,SHELBY,71148,10.6734350876734,City of Memphis,city_residual,city: no state-route overlap,OLD GETWELL RD,False,False,False,City of Memphis,False,,195.2,False,
300996151,1/12/2025,1/12/2025 19:16,2025,1,Sunday,19,35.122568,-90.054533,Fatal,Pedestrian,Intersection-On Roadway not in Crosswalk,Intersection-Related,Dark-Lighted,Not Collision with Motor Vehicle in Transport,Pedestrian,1,True,,,,,,,41.74652639,MARYLAND AVE,25.20312862,30,2,B,MEMPHIS,SHELBY,7189,25.20312861605821,City of Memphis,city_residual,city: no state-route overlap,MARYLAND AVE,False,False,False,City of Memphis,True,,225.2,True,no_signal_coverage
301050532,11/15/2025,11/15/2025 9:00,2025,11,Saturday,9,35.182857,-89.856219,Fatal,Pedestrian,Intersection-Not on Roadway,Non-Junction,Daylight,Not Collision with Motor Vehicle in Transport,Pedestrian,1,True,,,,,,,85.60819612,SUMMER HILLS CIR,15.15091508,25,2,B,MEMPHIS,SHELBY,9884,15.150915082075125,City of Memphis,city_residual,city: no state-route overlap,SUMMER HILLS CIR,False,False,False,City of Memphis,True,,366.3,True,no_signal_coverage
301067720,3/1/2026,3/1/2026 20:47,2026,3,Sunday,20,35.242843,-89.919394,Suspected Minor Injury,Pedestrian,Not Intersection-On Roadway Crosswalk not Available,Non-Junction,Dark-Not Lighted,Not Collision with Motor Vehicle in Transport,Pedestrian,1,True,,,,,,,2239.635078,EGYPT CENTRAL RD,14.35475921,45,2,B,MEMPHIS,SHELBY,52822,14.354759208516484,City of Memphis,city_residual,city: no state-route overlap,EGYPT CENTRAL RD,False,False,False,City of Memphis,False,,1994.8,False,
301068022,3/3/2026,3/3/2026 16:42,2026,3,Tuesday,16,35.051945,-90.00755,Possible Injury,Pedestrian,Not Intersection-On Roadway Crosswalk Availability Unknown,AccelDecelLane,Daylight,Not Collision with Motor Vehicle in Transport,Pedestrian,1,True,,,,,,,1596.370347,MILLBRANCH RD,8.093302504,40,4,B,MEMPHIS,SHELBY,49792,8.093302504014517,City of Memphis,city_residual,city: no state-route overlap,MILLBRANCH RD,False,False,False,City of Memphis,False,,187.4,False,
301067817,3/2/2026,3/2/2026 12:10,2026,3,Monday,12,35.143955,-90.01564,Suspected Minor Injury,Pedestrian,Intersection-In Crosswalk,Intersection-Related,Daylight,Not Collision with Motor Vehicle in Transport,Pedestrian,1,True,,,,,,,789.8753669,POPLAR AVE,0.133218996,40,7,B,MEMPHIS,SHELBY,50416,0.1332189960499262,City of Memphis,city_residual,city: no state-route overlap,POPLAR AVE,False,False,False,City of Memphis,True,4822,6.9,False,yes
301068051,3/3/2026,3/3/2026 20:00,2026,3,Tuesday,20,35.160507,-90.03022,Possible Injury,Pedestrian,Not Intersection-On Roadway Not In Crosswalk,Unknown,Dawn,Not Collision with Motor Vehicle in Transport,Pedestrian,1,True,,,,,,,379.9663692,N DUNLAP ST,0.096662593,30,2,B,MEMPHIS,SHELBY,80838,0.0966625931130215,City of Memphis,city_residual,city: no state-route overlap,N DUNLAP ST,False,False,False,City of Memphis,False,,416.0,False,
301069129,3/10/2026,3/10/2026 7:20,2026,3,Tuesday,7,35.21943,-89.97326,Possible Injury,Pedestrian,Intersection-In Crosswalk,Intersection,Dawn,Not Collision with Motor Vehicle in Transport,Pedestrian,1,True,,,,,,,4109.482549,MCGREGOR AVE,21.16384652,30,2,B,MEMPHIS,SHELBY,2990,21.163846515253766,City of Memphis,city_residual,city: no state-route overlap,MCGREGOR AVE,False,False,False,City of Memphis,True,,2903.4,True,no_signal_coverage
301069855,3/13/2026,3/13/2026 19:00,2026,3,Friday,19,35.01912,-90.04311,Possible Injury,Pedestrian,Not Intersection-On Roadway Not In Crosswalk,"Driveway, Alley Access, etc",Dark-Lighted,Not Collision with Motor Vehicle in Transport,Pedestrian,1,True,,,,,,,200.0510677,HAVEN CT,1.160751687,30,2,B,MEMPHIS,SHELBY,11230,1.1607516867318726,City of Memphis,city_residual,city: no state-route overlap,HAVEN CT,False,False,False,City of Memphis,False,,1639.0,False,
301025278,6/25/2025,6/25/2025 22:21,2025,6,Wednesday,22,35.083027,-89.92271,Fatal,Pedestrian,Intersection-On Roadway not in Crosswalk,Intersection,Dark-Lighted,Not Collision with Motor Vehicle in Transport,Other,1,True,,,,,,,833.0628299,E MALLORY AVE,10.92301568,35,2,B,MEMPHIS,SHELBY,6202,10.923015675259675,City of Memphis,city_residual,city: no state-route overlap,E MALLORY AVE,False,False,False,City of Memphis,True,,785.4,False,no_signal_coverage
301069704,3/13/2026,3/13/2026 8:00,2026,3,Friday,8,35.075638,-89.92319,Possible Injury,Pedestrian,Intersection-On Roadway Crosswalk Not Available,Non-Junction,Daylight,Not Collision with Motor Vehicle in Transport,Pedestrian,2,True,,,,,,,764.5854043,COLONY PARK DR,38.53321823,30,2,B,MEMPHIS,SHELBY,26038,38.5332182287053,City of Memphis,city_residual,city: no state-route overlap,COLONY PARK DR,False,False,False,City of Memphis,True,,745.3,True,no_signal_coverage
301074929,4/12/2026,4/12/2026 23:00,2026,4,Sunday,23,35.099876,-89.86282,Possible Injury,Pedestrian,Intersection-In Crosswalk,Intersection,Dark-Lighted,Not Collision with Motor Vehicle in Transport,Pedestrian,1,True,,,,,,,275.533204,PARK AVE,10.63229221,40,4,B,MEMPHIS,SHELBY,53655,10.63229220982627,City of Memphis,city_residual,city: no state-route overlap,PARK AVE,False,False,False,City of Memphis,True,15560,289.1,False,no
301066701,2/23/2026,2/23/2026 22:18,2026,2,Monday,22,35.19489,-89.79239,Fatal,Pedestrian,Not Intersection-On Roadway Crosswalk not Available,Non-Junction,Dark-Not Lighted,Not Collision with Motor Vehicle in Transport,Pedestrian,1,True,N GERMANTOWN PKWY,Principal Arterial,45.0,7.0,177,1.0,0.409870365,N GERMANTOWN PKWY,0.067718686,45,7,B,MEMPHIS,SHELBY,47654,0.0677186861915323,TDOT state route,state_route_overlap,"state route: 100% overlap, name=N GERMANTOWN",N GERMANTOWN PKWY,False,False,False,TDOT state route,False,,320.8,False,
301073157,4/2/2026,4/2/2026 20:32,2026,4,Thursday,20,35.051453,-90.00747,Suspected Serious Injury,Pedestrian,Not Intersection-On Roadway Crosswalk not Available,Intersection-Related,Dark-Lighted,Not Collision with Motor Vehicle in Transport,Pedestrian,1,True,,,,,,,1604.027424,MILLBRANCH RD,0.392388187,40,4,B,MEMPHIS,SHELBY,49792,0.3923881869255088,City of Memphis,city_residual,city: no state-route overlap,MILLBRANCH RD,False,False,False,City of Memphis,False,,241.8,False,
301072316,3/28/2026,3/28/2026 16:50,2026,3,Saturday,16,35.09949,-89.86321,Possible Injury,Pedestrian,Not Intersection-On Roadway Not In Crosswalk,Non-Junction,Daylight,Not Collision with Motor Vehicle in Transport,Pedestrian,1,True,,,,,,,324.3276548,PARK AVE,51.67506179,40,4,B,MEMPHIS,SHELBY,53655,51.6750617940444,City of Memphis,city_residual,city: no state-route overlap,PARK AVE,False,False,False,City of Memphis,False,,323.1,False,
301009788,4/1/2025,4/1/2025 21:16,2025,4,Tuesday,21,35.14281,-89.95136,Fatal,Pedestrian,Intersection-On Roadway Crosswalk Not Available,Intersection,Dark-Lighted,Not Collision with Motor Vehicle in Transport,Pedestrian,1,True,,,,,,,731.4388336,N HOLMES ST,21.78706167,40,4,B,MEMPHIS,SHELBY,84679,21.787061669414644,City of Memphis,city_residual,city: no state-route overlap,N HOLMES ST,False,False,False,City of Memphis,True,,789.2,False,no_signal_coverage