MstrRecNbrTxt,CollisionDate,CollisionDteTime,YearNmb,Month,DayOfWeek,Hour,Latitude,Longitude,InjuryClass,PersonType,NonMotoristLocation,RelationToJunction,LightCondition,MannerOfCollision,FirstHarmfulEvent,VictimsInCrash,InMemphis,StateRoute_NAME,StateRoute_F_System,StateRoute_SPDLIMIT,StateRoute_LANES,StateRoute_ALTNAME_1,StateRoute_Council_District,DistToStateRoute_m,Street_Name,DistToStreet_m,Street_SPDLIMIT,Street_LANES,Street_ONEWAY,Street_CITY_L,Street_COUNTY_L,Seg_OBJECTID,DistToSeg_m,Ownership,Rule_Fired,Classification_Basis,Matched_Street,is_limited_access,is_override,is_corner_case,Jurisdiction_prev,at_intersection,intersection_node_id,nearest_ped_signal_m,is_ambiguous_intersection,intersection_signalized
301073793,4/5/2026,4/5/2026 16:34,2026,4,Sunday,16,35.104935,-90.04287,Possible Injury,Pedestrian,Intersection-In Crosswalk,Intersection,Daylight,Not Collision with Motor Vehicle in Transport,Pedestrian,1,True,,,,,,,1144.459677,MCMILLAN ST,17.59459764,30,2,B,MEMPHIS,SHELBY,82215,17.5945976387023,City of Memphis,city_residual,city: no state-route overlap,MCMILLAN ST,False,False,False,City of Memphis,True,,1164.5,True,no_signal_coverage
301071113,3/22/2026,3/22/2026 1:30,2026,3,Sunday,1,35.020687,-89.95011,Suspected Serious Injury,Pedestrian,Not Intersection-Bike Path,Intersection-Related,Dark-Lighted,Not Collision with Motor Vehicle in Transport,Pedestrian,1,True,E SHELBY DR,Principal Arterial,45.0,7.0,175,3.0,8.96042429,CHEVRON RD,1.231569398,35,2,B,MEMPHIS,SHELBY,71089,1.2315693982874278,City of Memphis,city_residual,city: no state-route overlap,CHEVRON RD,False,False,False,City of Memphis,False,9098,389.7,True,
301074948,4/12/2026,4/12/2026 21:32,2026,4,Sunday,21,35.125786,-90.00115,Suspected Serious Injury,Pedestrian,Not Intersection-Outside Traffic,"Driveway, Alley Access, etc",Dark-Lighted,Not Collision with Motor Vehicle in Transport,Pedestrian,1,True,,,,,,,794.3394383,S MCLEAN BLVD,22.49432928,35,4,B,MEMPHIS,SHELBY,50543,22.494329282847,City of Memphis,city_residual,city: no state-route overlap,S MCLEAN BLVD,False,False,False,City of Memphis,False,,815.2,False,
301075525,4/15/2026,4/15/2026 19:39,2026,4,Wednesday,19,35.11159,-90.05228,Possible Injury,Pedestrian,Not Intersection-On Roadway Not In Crosswalk,Through Roadway,Dark-Lighted,Not Collision with Motor Vehicle in Transport,Pedestrian,1,True,,,,,,,271.4963901,LATHAM ST,0.511585968,30,2,B,MEMPHIS,SHELBY,82134,0.5115859679138832,City of Memphis,city_residual,city: no state-route overlap,LATHAM ST,False,False,False,City of Memphis,False,,495.5,False,
301074651,4/10/2026,4/10/2026 15:57,2026,4,Friday,15,35.107227,-89.98316,No Injury,Pedestrian,Not Intersection-On Roadway Crosswalk Availability Unknown,OtherLocation,Daylight,Not Collision with Motor Vehicle in Transport,Pedestrian,1,True,,,,,,,166.3334628,ETHEL ST,15.46908326,30,2,B,MEMPHIS,SHELBY,84527,15.46908326059921,City of Memphis,city_residual,city: no state-route overlap,ETHEL ST,False,False,False,City of Memphis,False,,215.1,False,
301033012,8/10/2025,8/10/2025 1:02,2025,8,Sunday,1,35.054753,-89.8291,Fatal,Pedestrian,Not Intersection-Outside Traffic,Non-Junction,Dark-Lighted,Rear to Side,Other,1,True,STATE ROUTE 385,Freeway and Expressway,65.0,3.0,NONCONNAH PKWY,2.0,3.657847971,RIVERDALE RD,0.002695828,45,6,B,MEMPHIS,SHELBY,52550,0.0026958282234095,TDOT state route,state_route_overlap,"state route: 100% overlap, name=RIVERDALE",RIVERDALE RD,False,False,False,TDOT state route,False,,30.3,False,
301076080,4/18/2026,4/18/2026 23:25,2026,4,Saturday,23,35.115795,-90.04454,Suspected Serious Injury,Pedestrian,Not Intersection-On Roadway Not In Crosswalk,Non-Junction,Dark-Lighted,Not Collision with Motor Vehicle in Transport,Pedestrian,1,True,,,,,,,948.319444,E MCLEMORE AVE,1.973015051,35,2,B,MEMPHIS,SHELBY,50890,1.9730150513633928,City of Memphis,city_residual,city: no state-route overlap,E MCLEMORE AVE,False,False,False,City of Memphis,False,,944.6,False,
301006644,3/16/2025,3/16/2025 1:59,2025,3,Sunday,1,35.168148,-89.86397,Fatal,Pedestrian,Not Intersection-On Roadway Not In Crosswalk,Non-Junction,Dark-Lighted,Not Collision with Motor Vehicle in Transport,Pedestrian,1,True,,,,,,,589.5564987,SYCAMORE VIEW RD,30.06608097,45,7,B,MEMPHIS,SHELBY,51746,30.066080972040005,City of Memphis,city_residual,city: no state-route overlap,SYCAMORE VIEW RD,False,False,False,City of Memphis,False,,29.1,False,
301075323,4/14/2026,4/14/2026 1:40,2026,4,Tuesday,1,35.09949,-89.86321,Possible Injury,Pedestrian,Not Intersection-On Roadway Not In Crosswalk,OtherLocation,Dark-Lighted,Not Collision with Motor Vehicle in Transport,Pedestrian,1,True,,,,,,,324.3276548,PARK AVE,51.67506179,40,4,B,MEMPHIS,SHELBY,53655,51.6750617940444,City of Memphis,city_residual,city: no state-route overlap,PARK AVE,False,False,False,City of Memphis,False,,323.1,False,
301075328,4/14/2026,4/14/2026 17:39,2026,4,Tuesday,17,35.064632,-89.86523,Possible Injury,Pedestrian,Intersection-On Roadway not in Crosswalk,Non-Junction,Daylight,Not Collision with Motor Vehicle in Transport,Pedestrian,1,True,,,,,,,1110.341799,FOX RIDGE DR,1.259532438,30,2,B,MEMPHIS,SHELBY,26229,1.2595324381176634,City of Memphis,city_residual,city: no state-route overlap,FOX RIDGE DR,False,False,False,City of Memphis,True,,390.4,False,no_signal_coverage
301071963,3/26/2026,3/26/2026 16:00,2026,3,Thursday,16,35.031788,-90.03665,Possible Injury,Pedestrian,Intersection-On Roadway Crosswalk Not Available,Intersection,Daylight,Not Collision with Motor Vehicle in Transport,Pedestrian,1,True,,,,,,,1047.270817,BROWNLEE RD,99.22097028,35,2,B,MEMPHIS,SHELBY,72272,99.220970283863,City of Memphis,city_residual,city: no state-route overlap,BROWNLEE RD,False,False,False,City of Memphis,True,,1077.5,True,no_signal_coverage
301074437,4/9/2026,4/9/2026 20:00,2026,4,Thursday,20,35.21758,-89.994064,Possible Injury,Pedestrian,Not Intersection-On Roadway Crosswalk not Available,Intersection-Related,Dawn,Angle,Other,1,True,,,,,,,2677.898009,FRAYSER BLVD,36.29735802,40,5,B,MEMPHIS,SHELBY,53098,36.297358017277126,City of Memphis,city_residual,city: no state-route overlap,FRAYSER BLVD,False,False,False,City of Memphis,False,,2736.0,False,
301071051,3/21/2026,3/21/2026 21:20,2026,3,Saturday,21,35.064884,-89.93243,Fatal,Pedestrian,Intersection-Unknown,Intersection,Dark-Lighted,Not Collision with Motor Vehicle in Transport,Pedestrian,1,True,NEW GETWELL RD,Principal Arterial,40.0,2.0,176,3.0,0.318357572,GETWELL RD,0.018675577,40,2,FT,MEMPHIS,SHELBY,47309,0.0186755769238648,TDOT state route,state_route_overlap,"state route: 100% overlap, name=GETWELL",GETWELL RD,False,False,False,TDOT state route,True,,36.6,False,no_signal_coverage
301074447,4/9/2026,4/9/2026 19:18,2026,4,Thursday,19,35.221107,-89.97553,Suspected Minor Injury,Pedestrian,Not Intersection-On Roadway Not In Crosswalk,AccelDecelLane,Daylight,Not Collision with Motor Vehicle in Transport,Pedestrian,1,True,,,,,,,3833.442739,FRAYSER BLVD,0.092920821,40,4,B,MEMPHIS,SHELBY,49933,0.0929208205289068,City of Memphis,city_residual,city: no state-route overlap,FRAYSER BLVD,False,False,False,City of Memphis,False,,3080.8,False,
301071977,3/26/2026,3/26/2026 21:05,2026,3,Thursday,21,35.07205,-89.93236,Suspected Serious Injury,Pedestrian,Not Intersection-On Roadway Not In Crosswalk,AccelDecelLane,Dark-Lighted,Not Collision with Motor Vehicle in Transport,Pedestrian,1,True,,,,,,,38.20977952,ARROWHEAD AVE,30.22995327,30,2,B,MEMPHIS,SHELBY,7555,30.22995326713981,City of Memphis,city_residual,city: no state-route overlap,ARROWHEAD AVE,False,False,False,City of Memphis,False,,309.5,False,
301076761,4/22/2026,4/22/2026 13:07,2026,4,Wednesday,13,35.00787,-90.046455,No Injury,Pedestrian,Not Intersection-Adjacent to Roadway,SharedUsePathOrTrail,Daylight,Not Collision with Motor Vehicle in Transport,Other,2,True,,,,,,,1445.189311,BERTA RD,30.90977488,35,2,B,MEMPHIS,SHELBY,72172,30.90977488039649,City of Memphis,city_residual,city: no state-route overlap,BERTA RD,False,False,False,City of Memphis,False,,1917.5,False,
301075347,4/14/2026,4/14/2026 20:20,2026,4,Tuesday,20,35.20799,-89.91052,Suspected Serious Injury,Pedestrian,Not Intersection-On Roadway Crosswalk not Available,Through Roadway,Dark-Unknown Lighting,Not Collision with Motor Vehicle in Transport,Pedestrian,1,True,,,,,,,179.2365747,SCHEIBLER RD,58.20073227,35,2,B,MEMPHIS,SHELBY,50008,58.20073227143519,City of Memphis,city_residual,city: no state-route overlap,SCHEIBLER RD,False,False,False,City of Memphis,False,,384.3,False,
301028565,7/15/2025,7/15/2025 20:00,2025,7,Tuesday,20,35.101875,-89.859383,Fatal,Pedestrian,Not Intersection-On Roadway Not In Crosswalk,Non-Junction,Dusk,Not Collision with Motor Vehicle in Transport,Pedestrian,1,True,POPLAR AVE,Principal Arterial,40.0,7.0,57,2.0,4.482872766,S SHADY GROVE RD,0.00855124,35,5,B,MEMPHIS,SHELBY,52758,0.0085512398481789,City of Memphis,city_residual,city: no state-route overlap,S SHADY GROVE RD,False,False,False,City of Memphis,False,15758,20.2,True,
301069679,3/10/2026,3/10/2026 12:20,2026,3,Tuesday,12,35.035515,-90.02516,Suspected Minor Injury,Pedestrian,Intersection-In Crosswalk,Intersection,Daylight,Not Collision with Motor Vehicle in Transport,Pedestrian,1,True,ELVIS PRESLEY BLVD,Principal Arterial,40.0,5.0,3,6.0,0.316757545,ELVIS PRESLEY BLVD,0.090663257,40,6,B,MEMPHIS,SHELBY,48140,0.0906632569155174,TDOT state route,state_route_overlap,"state route: 100% overlap, name=ELVIS PRESLEY",ELVIS PRESLEY BLVD,False,False,False,TDOT state route,True,3593,15.1,False,yes
301073009,4/1/2026,4/1/2026 8:53,2026,4,Wednesday,8,35.148502,-89.92846,Possible Injury,Pedestrian,Intersection-On Roadway Crosswalk Not Available,Non-Junction,Daylight,Not Collision with Motor Vehicle in Transport,Pedestrian,1,True,,,,,,,73.70705206,N GRAHAM ST,37.32616322,40,5,B,MEMPHIS,SHELBY,51368,37.32616322060165,City of Memphis,city_residual,city: no state-route overlap,N GRAHAM ST,False,False,False,City of Memphis,True,,80.0,True,no_signal_coverage
301069106,3/10/2026,3/10/2026 5:00,2026,3,Tuesday,5,35.175415,-89.97533,Fatal,Pedestrian,Not Intersection-On Roadway Not In Crosswalk,Non-Junction,Dark-Lighted,Not Collision with Motor Vehicle in Transport,Pedestrian,1,True,,,,,,,1932.251999,N HOLLYWOOD ST,8.232795788,40,4,B,MEMPHIS,SHELBY,50751,8.232795788043813,City of Memphis,city_residual,city: no state-route overlap,N HOLLYWOOD ST,False,False,False,City of Memphis,False,,1610.7,False,
301073690,4/4/2026,4/4/2026 13:00,2026,4,Saturday,13,35.142082,-90.03187,Possible Injury,Pedestrian,Not Intersection-On Roadway Not In Crosswalk,Intersection-Related,Daylight,Not Collision with Motor Vehicle in Transport,Pedestrian,1,True,,,,,,,403.4662993,JEFFERSON AVE,60.6754548,40,4,B,MEMPHIS,SHELBY,7296,60.67545480235469,City of Memphis,city_residual,city: no state-route overlap,JEFFERSON AVE,False,False,False,City of Memphis,False,,394.2,False,
301073359,4/4/2026,4/4/2026 4:13,2026,4,Saturday,4,35.105015,-90.02044,Possible Injury,Pedestrian,Intersection-On Roadway not in Crosswalk,Intersection,Dark-Unknown Lighting,Not Collision with Motor Vehicle in Transport,Pedestrian,1,True,ELVIS PRESLEY BLVD,Minor Arterial,40.0,4.0,3,4.0,25.16058696,ELVIS PRESLEY BLVD,26.0642382,40,4,B,MEMPHIS,SHELBY,46959,26.064238199962244,TDOT state route,state_route_overlap,"state route: 100% overlap, name=ELVIS PRESLEY",ELVIS PRESLEY BLVD,False,False,False,TDOT state route,True,,221.2,True,no_signal_coverage
301072003,3/26/2026,3/26/2026 18:23,2026,3,Thursday,18,35.148026,-90.05299,Possible Injury,Pedestrian,Intersection-On Roadway not in Crosswalk,Intersection,Daylight,Not Collision with Motor Vehicle in Transport,Pedestrian,1,True,,,,,,,232.6702927,N FRONT ST,10.65897104,30,5,B,MEMPHIS,SHELBY,80521,10.658971038429256,City of Memphis,city_residual,city: no state-route overlap,N FRONT ST,False,False,False,City of Memphis,True,,350.5,True,no_signal_coverage
301021460,5/31/2025,5/31/2025 23:45,2025,5,Saturday,23,35.0613,-90.05918,Fatal,Pedestrian,Not Intersection-On Roadway Not In Crosswalk,Non-Junction,Dark-Lighted,Not Collision with Motor Vehicle in Transport,Pedestrian,1,True,S THIRD ST,Principal Arterial,45.0,7.0,14,6.0,19.46794584,S THIRD ST,18.85257464,45,7,B,MEMPHIS,SHELBY,46474,18.852574636440583,TDOT state route,state_route_overlap,"state route: 100% overlap, name=S THIRD",S THIRD ST,False,False,False,TDOT state route,False,,199.2,False,
301073827,4/6/2026,4/6/2026 23:34,2026,4,Monday,23,35.215113,-90.003464,Fatal,Pedestrian,Not Intersection-On Roadway Crosswalk not Available,Intersection,Dark-Lighted,Not Collision with Motor Vehicle in Transport,Pedestrian,1,True,,,,,,,2132.310258,N WATKINS ST,3.982324007,40,5,B,MEMPHIS,SHELBY,49877,3.9823240073221258,City of Memphis,city_residual,city: no state-route overlap,N WATKINS ST,False,False,False,City of Memphis,False,6137,2310.3,True,
301002080,2/16/2025,2/16/2025 3:05,2025,2,Sunday,3,35.088028,-89.931046,Fatal,Pedestrian,Intersection-Unknown,Intersection,Dark-Lighted,Not Collision with Motor Vehicle in Transport,Pedestrian,1,True,,,,,,,837.5490918,GETWELL RD,9.230402774,40,5,B,MEMPHIS,SHELBY,51328,9.230402773848066,City of Memphis,city_residual,city: no state-route overlap,GETWELL RD,False,False,False,City of Memphis,True,,721.0,False,no_signal_coverage
301070937,3/20/2026,3/20/2026 19:45,2026,3,Friday,19,35.000706,-90.015594,Possible Injury,Pedestrian,Intersection-On Roadway Crosswalk Not Available,Intersection-Related,Dark-Lighted,Not Collision with Motor Vehicle in Transport,Pedestrian,1,True,,,,,,,890.5950382,WINFIELD AVE,2.741352969,35,2,B,MEMPHIS,SHELBY,2529,2.741352968914564,City of Memphis,city_residual,city: no state-route overlap,WINFIELD AVE,False,False,False,City of Memphis,True,,1062.4,False,no_signal_coverage
301076569,4/21/2026,4/21/2026 17:43,2026,4,Tuesday,17,35.155178,-89.97616,Possible Injury,Pedestrian,Intersection-On Roadway not in Crosswalk,Through Roadway,Daylight,Not Collision with Motor Vehicle in Transport,Pedestrian,1,True,,,,,,,311.9939495,N HOLLYWOOD ST,22.55644118,35,2,B,MEMPHIS,SHELBY,81769,22.556441180847926,City of Memphis,city_residual,city: no state-route overlap,N HOLLYWOOD ST,False,False,False,City of Memphis,True,,321.3,True,no_signal_coverage
301071209,3/23/2026,3/23/2026 3:18,2026,3,Monday,3,35.183582,-89.87671,Fatal,Pedestrian,Not Intersection-On Roadway Not In Crosswalk,Non-Junction,Dark-Lighted,Not Collision with Motor Vehicle in Transport,Pedestrian,1,True,,,,,,,1399.298723,RALEIGH LAGRANGE RD,2.018318585,45,6,B,MEMPHIS,SHELBY,51825,2.0183185854886414,City of Memphis,city_residual,city: no state-route overlap,RALEIGH LAGRANGE RD,False,False,False,City of Memphis,False,,475.9,False,
301073322,4/3/2026,4/3/2026 18:02,2026,4,Friday,18,35.061916,-89.885826,Possible Injury,Pedestrian,Not Intersection-On Roadway Not In Crosswalk,Through Roadway,Daylight,Not Collision with Motor Vehicle in Transport,Pedestrian,1,True,,,,,,,2249.988601,KNIGHT ARNOLD RD,0.021483898,40,4,B,MEMPHIS,SHELBY,52839,0.021483898101557,City of Memphis,city_residual,city: no state-route overlap,KNIGHT ARNOLD RD,False,False,False,City of Memphis,False,13758,1261.9,True,
301076345,4/20/2026,4/20/2026 8:40,2026,4,Monday,8,35.06133,-89.928825,Suspected Serious Injury,Pedestrian,Not Intersection-Outside Traffic,Non-Junction,Daylight,Not Collision with Motor Vehicle in Transport,Pedestrian,1,True,,,,,,,197.0861937,CAMELOT LN,18.7037815,30,2,B,MEMPHIS,SHELBY,44967,18.70378150128473,City of Memphis,city_residual,city: no state-route overlap,CAMELOT LN,False,False,False,City of Memphis,False,,539.0,False,
301070742,3/19/2026,3/19/2026 17:18,2026,3,Thursday,17,35.040314,-89.82702,Possible Injury,Pedestrian,Intersection-In Crosswalk,Intersection,Daylight,Not Collision with Motor Vehicle in Transport,Pedestrian,1,True,,,,,,,1374.526831,FROSTY MEADOW DR,84.40756792,30,2,B,MEMPHIS,SHELBY,26731,84.4075679236584,City of Memphis,city_residual,city: no state-route overlap,FROSTY MEADOW DR,False,False,False,City of Memphis,True,,685.2,True,no_signal_coverage
301049362,11/8/2025,11/8/2025 17:03,2025,11,Saturday,17,35.14743,-90.02614,Fatal,Pedestrian,Not Intersection-Outside Traffic,Intersection,Daylight,Not Collision with Motor Vehicle in Transport,Pedestrian,1,True,,,,,,,810.6376369,DECATUR ST,0.084108339,30,2,B,MEMPHIS,SHELBY,80875,0.0841083394590821,City of Memphis,city_residual,city: no state-route overlap,DECATUR ST,False,False,False,City of Memphis,False,,263.0,False,
301072428,3/29/2026,3/29/2026 15:35,2026,3,Sunday,15,35.05159,-90.00781,Possible Injury,Pedestrian,Intersection-Not on Roadway,Non-Junction,Daylight,Angle,Other,1,True,,,,,,,1572.908512,BELLBRANCH DR,16.06512171,30,2,B,MEMPHIS,SHELBY,33264,16.06512171321707,City of Memphis,city_residual,city: no state-route overlap,BELLBRANCH DR,False,False,False,City of Memphis,True,,227.3,True,no_signal_coverage
301074031,4/7/2026,4/7/2026 8:15,2026,4,Tuesday,8,35.145485,-90.04989,Possible Injury,Pedestrian,Intersection-In Crosswalk,Intersection,Daylight,Not Collision with Motor Vehicle in Transport,Pedestrian,1,True,N THIRD ST,Minor Arterial,35.0,3.0,3,6.0,5.498988553,COURT AVE,2.90000762,30,2,B,MEMPHIS,SHELBY,3361,2.9000076198285463,City of Memphis,city_residual,city: no state-route overlap,COURT AVE,False,False,True,City of Memphis,True,,272.1,False,no_signal_coverage
301081667,5/18/2026,5/18/2026 12:54,2026,5,Monday,12,35.07929,-89.98485,Fatal,Pedestrian,Intersection-On Roadway not in Crosswalk,Non-Junction,Daylight,Not Collision with Motor Vehicle in Transport,Pedestrian,1,True,,,,,,,2111.968854,AIRWAYS BLVD,0.012566027,40,7,B,MEMPHIS,SHELBY,52437,0.0125660271065151,City of Memphis,city_residual,city: no state-route overlap,AIRWAYS BLVD,False,False,False,City of Memphis,True,6975,17.8,False,yes
301079968,5/9/2026,5/9/2026 15:00,2026,5,Saturday,15,35.10211,-89.865555,Possible Injury,Pedestrian,Not Intersection-Other Not On Roadway,Non-Junction,Daylight,Not Collision with Motor Vehicle in Transport,Pedestrian,1,True,,,,,,,36.59636522,POPLAR AVE,32.14270456,40,5,FT,MEMPHIS,SHELBY,6863,32.14270455971229,TDOT state route,state_route_overlap,"state route: 100% overlap, name=POPLAR",POPLAR AVE,False,False,False,TDOT state route,False,,144.7,False,
301079472,5/7/2026,5/7/2026 9:04,2026,5,Thursday,9,35.14011,-89.96166,Possible Injury,Pedestrian,Intersection-On Roadway not in Crosswalk,Through Roadway,Daylight,Not Collision with Motor Vehicle in Transport,Pedestrian,1,True,,,,,,,486.0395621,MCADOO AVE,0.013386151,30,2,B,MEMPHIS,SHELBY,5508,0.0133861511791218,City of Memphis,city_residual,city: no state-route overlap,MCADOO AVE,False,False,False,City of Memphis,True,,750.8,False,no_signal_coverage
301077119,4/23/2026,4/23/2026 20:40,2026,4,Thursday,20,35.1334,-89.980545,Fatal,Pedestrian,Not Intersection-On Roadway Not In Crosswalk,Non-Junction,Dark-Lighted,Front to Rear,Other,1,True,UNION AVE,Principal Arterial,35.0,7.0,23,5.0,4.59161192,UNION AVE,0.05613304,35,7,B,MEMPHIS,SHELBY,46880,0.0561330398460095,TDOT state route,state_route_overlap,"state route: 100% overlap, name=UNION",UNION AVE,False,False,False,TDOT state route,False,,258.2,False,
301018340,5/15/2025,5/15/2025 22:10,2025,5,Thursday,22,35.142204,-90.03157,Fatal,Pedestrian,Not Intersection-On Roadway Not In Crosswalk,Non-Junction,Dark-Lighted,Not Collision with Motor Vehicle in Transport,Pedestrian,1,True,,,,,,,420.5362772,JEFFERSON AVE,47.13312526,40,4,B,MEMPHIS,SHELBY,7296,47.1331252586254,City of Memphis,city_residual,city: no state-route overlap,JEFFERSON AVE,False,False,False,City of Memphis,False,,370.7,False,
301032468,8/7/2025,8/7/2025 4:07,2025,8,Thursday,4,35.15228,-90.04579,Fatal,Pedestrian,Not Intersection-On Roadway Crosswalk not Available,Non-Junction,Dark-Lighted,Not Collision with Motor Vehicle in Transport,Pedestrian,1,True,,,,,,,123.5358709,INTERSTATE 40 E,0.732566842,65,3,FT,MEMPHIS,SHELBY,39700,0.7325668420573141,Interstate (TDOT),interstate_mainline,interstate: MTFCC S1100,INTERSTATE 40 E,True,False,False,Interstate (TDOT),False,,135.9,False,
301052594,11/26/2025,11/26/2025 5:37,2025,11,Wednesday,5,35.074295,-90.00193,Fatal,Pedestrian,Not Intersection-Adjacent to Roadway,Non-Junction,Dark-Lighted,Front to Rear,Other,2,True,,,,,,,1654.653218,INTERSTATE 240 E,0.179545124,65,3,FT,MEMPHIS,SHELBY,39493,0.1795451244930996,Interstate (TDOT),interstate_mainline,interstate: MTFCC S1100,INTERSTATE 240 E,True,False,False,Interstate (TDOT),False,,600.1,False,
300933529,1/3/2024,1/3/2024 18:25,2024,1,Wednesday,18,35.048794,-89.92077,Fatal,Pedestrian,Not Intersection-On Roadway Not In Crosswalk,Non-Junction,Dark-Lighted,Not Collision with Motor Vehicle in Transport,Pedestrian,1,True,,,,,,,100.282174,MOUNT HOOD ST,28.82512055,30,2,B,MEMPHIS,SHELBY,83963,28.82512055165657,City of Memphis,city_residual,city: no state-route overlap,MOUNT HOOD ST,False,False,False,City of Memphis,False,,308.5,False,
301078671,5/3/2026,5/3/2026 19:10,2026,5,Sunday,19,35.161133,-89.917366,Suspected Serious Injury,Pedestrian,Intersection-On Roadway Crosswalk Not Available,Intersection,Daylight,Not Collision with Motor Vehicle in Transport,Pedestrian,1,True,,,,,,,1350.859328,EMILY AVE,0.022969606,30,2,B,MEMPHIS,SHELBY,6121,0.0229696056588374,City of Memphis,city_residual,city: no state-route overlap,EMILY AVE,False,False,False,City of Memphis,True,,1364.0,False,no_signal_coverage
301079833,5/8/2026,5/8/2026 20:48,2026,5,Friday,20,35.221107,-89.97553,Suspected Serious Injury,Pedestrian,Intersection-Unknown,Intersection,Dusk,Not Collision with Motor Vehicle in Transport,Pedestrian,1,True,,,,,,,3833.442739,FRAYSER BLVD,0.092920821,40,4,B,MEMPHIS,SHELBY,49933,0.0929208205289068,City of Memphis,city_residual,city: no state-route overlap,FRAYSER BLVD,False,False,False,City of Memphis,True,,3080.8,False,no_signal_coverage
301078016,4/29/2026,4/29/2026 10:55,2026,4,Wednesday,10,35.144867,-90.05153,Possible Injury,Pedestrian,Not Intersection-On Roadway Crosswalk not Available,AccelDecelLane,Daylight,Not Collision with Motor Vehicle in Transport,Other,1,True,S SECOND ST,Minor Arterial,35.0,3.0,3,6.0,1.60458689,MADISON AVE,0.003646037,30,3,B,MEMPHIS,SHELBY,3335,0.0036460371978028,City of Memphis,city_residual,city: no state-route overlap,MADISON AVE,False,False,False,City of Memphis,False,,127.7,False,
301061148,1/17/2026,1/17/2026 10:00,2026,1,Saturday,10,35.07157,-90.0211,Fatal,Pedestrian,Not Intersection-On Roadway Crosswalk not Available,Non-Junction,Daylight,Not Collision with Motor Vehicle in Transport,Pedestrian,1,True,ELVIS PRESLEY BLVD,Minor Arterial,40.0,4.0,3,6.0,1.585842619,INTERSTATE 240 W,0.035867591,65,3,TF,MEMPHIS,SHELBY,39484,0.0358675906749751,Interstate (TDOT),interstate_mainline,interstate: MTFCC S1100,INTERSTATE 240 W,True,False,False,Interstate (TDOT),False,,738.2,False,
301078947,5/3/2026,5/3/2026 12:01,2026,5,Sunday,12,35.106583,-89.89539,Suspected Serious Injury,Pedestrian,Intersection-In Crosswalk,Intersection-Related,Daylight,Not Collision with Motor Vehicle in Transport,Pedestrian,1,True,,,,,,,588.4932749,PARK AVE,0.006995507,40,5,B,MEMPHIS,SHELBY,51599,0.0069955067629267,City of Memphis,city_residual,city: no state-route overlap,PARK AVE,False,False,False,City of Memphis,True,13286,587.5,False,no
301077034,4/23/2026,4/23/2026 22:42,2026,4,Thursday,22,35.10871,-89.97572,Fatal,Pedestrian,Not Intersection-On Roadway Not In Crosswalk,Non-Junction,Dark-Lighted,Not Collision with Motor Vehicle in Transport,Pedestrian,1,True,,,,,,,834.7511734,DALLAS ST,38.13646761,30,2,B,MEMPHIS,SHELBY,82611,38.13646760587259,City of Memphis,city_residual,city: no state-route overlap,DALLAS ST,False,False,False,City of Memphis,False,,836.3,False,
301047539,10/29/2025,10/29/2025 15:22,2025,10,Wednesday,15,35.23621,-90.00019,Suspected Serious Injury,Pedestrian,Intersection-On Roadway not in Crosswalk,Intersection,Daylight,Not Collision with Motor Vehicle in Transport,Pedestrian,1,True,,,,,,,1033.361469,WELLONS AVE,0.085545182,30,2,B,MEMPHIS,SHELBY,7036,0.085545181958917,City of Memphis,city_residual,city: no state-route overlap,WELLONS AVE,False,False,False,City of Memphis,True,,1245.9,False,no_signal_coverage
301081746,5/18/2026,5/18/2026 17:39,2026,5,Monday,17,35.104298,-89.97926,No Injury,Pedestrian,Unknown,Non-Junction,Daylight,Not Collision with Motor Vehicle in Transport,Other,1,True,,,,,,,265.7646404,CELLA ST,18.92083552,30,2,B,MEMPHIS,SHELBY,82562,18.92083551791508,City of Memphis,city_residual,city: no state-route overlap,CELLA ST,False,False,False,City of Memphis,False,,483.1,False,
301061695,1/20/2026,1/20/2026 12:50,2026,1,Tuesday,12,35.07659,-89.951195,Fatal,Pedestrian,Intersection-In Crosswalk,Entrance/Exit Ramp Related,Daylight,Not Collision with Motor Vehicle in Transport,Pedestrian,1,True,LAMAR AVE,Principal Arterial,40.0,7.0,4,4.0,3.52097497,AMERICAN WAY,0.148252489,45,7,B,MEMPHIS,SHELBY,51744,0.1482524889545472,City of Memphis,city_residual,city: no state-route overlap,AMERICAN WAY,False,False,True,City of Memphis,True,9218,19.9,False,yes
301077017,4/23/2026,4/23/2026 20:20,2026,4,Thursday,20,35.01894,-90.04959,Suspected Serious Injury,Pedestrian,Not Intersection-On Roadway Not In Crosswalk,Through Roadway,Dark-Lighted,Not Collision with Motor Vehicle in Transport,Pedestrian,1,True,,,,,,,212.1897442,HODGE RD,0.983064071,30,2,B,MEMPHIS,SHELBY,72144,0.9830640714699044,City of Memphis,city_residual,city: no state-route overlap,HODGE RD,False,False,False,City of Memphis,False,,2224.8,False,
301077018,4/23/2026,4/23/2026 22:00,2026,4,Thursday,22,35.209473,-90.03271,Possible Injury,Pedestrian,Intersection-Unknown,Intersection,Dark-Lighted,Not Collision with Motor Vehicle in Transport,Pedestrian,1,True,THOMAS ST,,40.0,2.0,3,7.0,1.07868232,THOMAS ST,0.021598478,40,2,B,MEMPHIS,SHELBY,46521,0.0215984777537107,TDOT state route,state_route_overlap,"state route: 100% overlap, name=THOMAS",THOMAS ST,False,False,False,TDOT state route,True,,17.0,False,no_signal_coverage