MstrRecNbrTxt,CollisionDate,CollisionDteTime,YearNmb,Month,DayOfWeek,Hour,Latitude,Longitude,InjuryClass,PersonType,NonMotoristLocation,RelationToJunction,LightCondition,MannerOfCollision,FirstHarmfulEvent,VictimsInCrash,InMemphis,StateRoute_NAME,StateRoute_F_System,StateRoute_SPDLIMIT,StateRoute_LANES,StateRoute_ALTNAME_1,StateRoute_Council_District,DistToStateRoute_m,Street_Name,DistToStreet_m,Street_SPDLIMIT,Street_LANES,Street_ONEWAY,Street_CITY_L,Street_COUNTY_L,Seg_OBJECTID,DistToSeg_m,Ownership,Rule_Fired,Classification_Basis,Matched_Street,is_limited_access,is_override,is_corner_case,Jurisdiction_prev,at_intersection,intersection_node_id,nearest_ped_signal_m,is_ambiguous_intersection,intersection_signalized
301072422,3/29/2026,3/29/2026 20:40,2026,3,Sunday,20,35.14176,-90.04817,Fatal,Pedestrian,Not Intersection-On Roadway Not In Crosswalk,Intersection,Dawn,Not Collision with Motor Vehicle in Transport,Pedestrian,1,True,UNION AVE,Minor Arterial,35.0,5.0,3,6.0,4.231060327,UNION AVE,0.07914698,35,5,B,MEMPHIS,SHELBY,52016,0.0791469795124046,TDOT state route,state_route_overlap,"state route: 100% overlap, name=UNION",UNION AVE,False,False,False,TDOT state route,False,,231.2,False,
301079340,5/6/2026,5/6/2026 15:55,2026,5,Wednesday,15,35.08793,-89.946815,Possible Injury,Pedestrian,Not Intersection-Outside Traffic,"Driveway, Alley Access, etc",Daylight,Not Collision with Motor Vehicle in Transport,Pedestrian,1,True,,,,,,,1162.599757,S HIGHLAND ST,45.16652788,30,2,B,MEMPHIS,SHELBY,83058,45.166527875092896,City of Memphis,city_residual,city: no state-route overlap,S HIGHLAND ST,False,False,False,City of Memphis,False,,814.9,False,
301081352,5/16/2026,5/16/2026 17:51,2026,5,Saturday,17,35.134354,-89.83459,Possible Injury,Pedestrian,Intersection-On Roadway Crosswalk Not Available,Non-Junction,Daylight,Not Collision with Motor Vehicle in Transport,Pedestrian,1,True,,,,,,,3045.529287,WALNUT GROVE RD,0.197242953,55,2,FT,MEMPHIS,SHELBY,47915,0.1972429534434492,City of Memphis,city_residual,city: no state-route overlap,WALNUT GROVE RD,False,False,False,City of Memphis,True,,2384.2,True,no_signal_coverage
301078082,4/28/2026,4/28/2026 20:00,2026,4,Tuesday,20,35.0536,-90.019104,Possible Injury,Pedestrian,Intersection-On Roadway not in Crosswalk,Intersection,Dark-Lighted,Not Collision with Motor Vehicle in Transport,Pedestrian,1,True,,,,,,,540.2223372,HERMITAGE DR,43.07284578,35,2,B,MEMPHIS,SHELBY,27399,43.072845784191614,City of Memphis,city_residual,city: no state-route overlap,HERMITAGE DR,False,False,False,City of Memphis,True,,523.6,True,no_signal_coverage
301078876,5/4/2026,5/4/2026 16:01,2026,5,Monday,16,35.156944,-90.04743,Fatal,Pedestrian,Not Intersection-On Roadway Not In Crosswalk,AccelDecelLane,Daylight,Not Collision with Motor Vehicle in Transport,Pedestrian,1,True,,,,,,,61.26872083,A W WILLIS AVE,3.073933189,35,5,B,MEMPHIS,SHELBY,3411,3.0739331893801003,City of Memphis,city_residual,city: no state-route overlap,A W WILLIS AVE,False,False,False,City of Memphis,False,,55.3,False,
301014888,4/28/2025,4/28/2025 22:48,2025,4,Monday,22,35.06494,-89.90679,Fatal,Pedestrian,Intersection-On Roadway not in Crosswalk,Non-Junction,Dark-Lighted,Not Collision with Motor Vehicle in Transport,Pedestrian,1,True,,,,,,,2246.139861,ALOHA AVE,84.10363159,30,2,B,MEMPHIS,SHELBY,2163,84.10363158741114,City of Memphis,city_residual,city: no state-route overlap,ALOHA AVE,False,False,False,City of Memphis,True,,304.2,True,no_signal_coverage
301057819,12/26/2025,12/26/2025 21:42,2025,12,Friday,21,35.072655,-89.98633,Fatal,Pedestrian,Not Intersection-Unknown,Intersection,Dark-Lighted,Not Collision with Motor Vehicle in Transport,Pedestrian,1,True,,,,,,,2634.500982,AIRWAYS BLVD,0.255541439,40,3,FT,MEMPHIS,SHELBY,47938,0.2555414390511817,City of Memphis,city_residual,city: no state-route overlap,AIRWAYS BLVD,False,False,False,City of Memphis,False,6863,449.0,True,
301079367,4/29/2026,4/29/2026 11:45,2026,4,Wednesday,11,35.11443,-89.943054,Possible Injury,Pedestrian,Intersection-In Crosswalk,Intersection,Daylight,Not Collision with Motor Vehicle in Transport,Pedestrian,1,True,,,,,,,1390.543357,BRISTER ST,27.63455699,30,2,B,MEMPHIS,SHELBY,83159,27.634556993706564,City of Memphis,city_residual,city: no state-route overlap,BRISTER ST,False,False,False,City of Memphis,True,,1474.0,True,no_signal_coverage
301036961,9/1/2025,9/1/2025 23:10,2025,9,Monday,23,35.177515,-89.861159,Suspected Serious Injury,Pedestrian,Not Intersection-On Roadway Crosswalk not Available,Non-Junction,Dark-Lighted,Not Collision with Motor Vehicle in Transport,Pedestrian,1,True,,,,,,,119.8559684,SUMMER AVE,116.7051765,45,4,B,MEMPHIS,SHELBY,47491,116.7051764531498,TDOT state route,state_route_overlap,"state route: 100% overlap, name=SUMMER",SUMMER AVE,False,False,False,TDOT state route,False,,394.4,False,
301079037,5/5/2026,5/5/2026 6:00,2026,5,Tuesday,6,35.051704,-90.01452,No Injury,Pedestrian,Intersection-Not on Roadway,AccelDecelLane,Dawn,Not Collision with Motor Vehicle in Transport,Other,1,True,,,,,,,960.6554348,GRACELAND DR,0.195142916,35,2,B,MEMPHIS,SHELBY,27457,0.1951429160961583,City of Memphis,city_residual,city: no state-route overlap,GRACELAND DR,False,False,False,City of Memphis,True,,665.2,False,no_signal_coverage
301078384,4/30/2026,4/30/2026 20:49,2026,4,Thursday,20,35.150913,-89.98125,Suspected Serious Injury,Pedestrian,Intersection-In Crosswalk,Intersection,Daylight,Not Collision with Motor Vehicle in Transport,Pedestrian,1,True,E PARKWAY,Principal Arterial,40.0,7.0,57,5.0,5.887332979,E PARKWAY N,5.011341286,40,7,B,MEMPHIS,SHELBY,48235,5.011341285587654,TDOT state route,state_route_overlap,"state route: 100% overlap, name=E PARKWAY",E PARKWAY N,False,False,False,TDOT state route,True,7429,18.8,False,yes
301019499,5/22/2025,5/22/2025 21:48,2025,5,Thursday,21,35.167316,-89.94523,Fatal,Pedestrian,Not Intersection-On Roadway Crosswalk not Available,Non-Junction,Dark-Lighted,Not Collision with Motor Vehicle in Transport,Pedestrian,1,True,,,,,,,274.7968933,NATIONAL ST,0.695872166,40,4,B,MEMPHIS,SHELBY,51292,0.695872165992882,City of Memphis,city_residual,city: no state-route overlap,NATIONAL ST,False,False,False,City of Memphis,False,,783.3,False,
301077875,4/25/2026,4/25/2026 16:50,2026,4,Saturday,16,35.160507,-90.03022,Possible Injury,Pedestrian,Intersection-On Roadway not in Crosswalk,Intersection,Daylight,Not Collision with Motor Vehicle in Transport,Pedestrian,1,True,,,,,,,379.9663692,N DUNLAP ST,0.096662593,30,2,B,MEMPHIS,SHELBY,80838,0.0966625931130215,City of Memphis,city_residual,city: no state-route overlap,N DUNLAP ST,False,False,False,City of Memphis,True,,416.0,True,no_signal_coverage
301081368,5/16/2026,5/16/2026 23:43,2026,5,Saturday,23,35.138874,-90.058,Possible Injury,Pedestrian,Not Intersection-Outside Traffic,Intersection-Related,Dark-Lighted,Angle,Other,1,True,,,,,,,314.2209279,PONTOTOC AVE,3.1511166,30,2,B,MEMPHIS,SHELBY,3290,3.151116600396241,City of Memphis,city_residual,city: no state-route overlap,PONTOTOC AVE,False,False,False,City of Memphis,False,,332.5,False,
301077901,4/28/2026,4/28/2026 16:00,2026,4,Tuesday,16,35.079296,-90.05733,Suspected Minor Injury,Pedestrian,Not Intersection-Unknown,AccelDecelLane,Daylight,Angle,Other,1,True,S THIRD ST,Principal Arterial,40.0,5.0,14,6.0,0.082273052,S THIRD ST,0.089943916,40,5,B,MEMPHIS,SHELBY,47780,0.0899439157171573,TDOT state route,state_route_overlap,"state route: 100% overlap, name=S THIRD",S THIRD ST,False,False,False,TDOT state route,False,,804.9,False,
301077651,4/28/2026,4/28/2026 0:25,2026,4,Tuesday,0,35.06306,-89.905334,Suspected Minor Injury,Pedestrian,Not Intersection-On Roadway Crosswalk Availability Unknown,OtherLocation,Dark-Lighted,Not Collision with Motor Vehicle in Transport,Pedestrian,1,True,,,,,,,2215.009111,S PERKINS RD,37.44222672,40,7,B,MEMPHIS,SHELBY,49377,37.44222671905197,City of Memphis,city_residual,city: no state-route overlap,S PERKINS RD,False,False,False,City of Memphis,False,,78.5,False,
301065830,2/18/2026,2/18/2026 6:52,2026,2,Wednesday,6,35.109688,-90.02922,Fatal,Pedestrian,Not Intersection-On Roadway Crosswalk not Available,Non-Junction,Dawn,Not Collision with Motor Vehicle in Transport,Pedestrian,1,True,,,,,,,679.0105178,S PARKWAY E,0.025081712,35,3,FT,MEMPHIS,SHELBY,53253,0.0250817123559015,City of Memphis,city_residual,city: no state-route overlap,S PARKWAY E,False,False,False,City of Memphis,False,,119.6,False,
301078187,4/30/2026,4/30/2026 18:35,2026,4,Thursday,18,35.14742,-89.88427,No Injury,Pedestrian,Not Intersection-Outside Traffic,Non-Junction,Daylight,Angle,Other,1,True,,,,,,,719.7211402,PODESTA ST,0.242150955,30,2,B,MEMPHIS,SHELBY,83531,0.2421509551910371,City of Memphis,city_residual,city: no state-route overlap,PODESTA ST,False,False,False,City of Memphis,False,,722.2,False,
301082844,5/25/2026,5/25/2026 0:00,2026,5,Monday,99,35.108906,-90.00335,Suspected Serious Injury,Pedestrian,Intersection-Unknown,Unknown,Unknown,Unknown,Other,1,True,,,,,,,802.8813078,S PARKWAY E,10.03172747,35,4,B,MEMPHIS,SHELBY,50500,10.031727468613417,City of Memphis,city_residual,city: no state-route overlap,S PARKWAY E,False,False,False,City of Memphis,True,5703,447.5,False,no
301017287,5/11/2025,5/11/2025 23:42,2025,5,Sunday,23,35.151276,-89.94446,Suspected Serious Injury,Pedestrian,Not Intersection-On Roadway Crosswalk not Available,Non-Junction,Dark-Lighted,Not Collision with Motor Vehicle in Transport,Pedestrian,1,True,,,,,,,195.9419232,N HIGHLAND ST,1.413069856,40,4,B,MEMPHIS,SHELBY,51278,1.4130698559084791,City of Memphis,city_residual,city: no state-route overlap,N HIGHLAND ST,False,False,False,City of Memphis,False,,186.0,False,
301082549,5/22/2026,5/22/2026 2:50,2026,5,Friday,2,35.17474,-89.979675,Suspected Serious Injury,Pedestrian,Not Intersection-Unknown,Through Roadway,Dark-Lighted,Not Collision with Motor Vehicle in Transport,Pedestrian,1,True,,,,,,,1795.739063,CHELSEA AVE,2.400917619,40,4,B,MEMPHIS,SHELBY,50719,2.400917619096377,City of Memphis,city_residual,city: no state-route overlap,CHELSEA AVE,False,False,False,City of Memphis,False,7597,1718.0,True,
301082557,5/22/2026,5/22/2026 19:42,2026,5,Friday,19,35.150623,-89.97994,Suspected Minor Injury,Pedestrian,Not Intersection-On Roadway Crosswalk not Available,Intersection-Related,Dark-Lighted,Not Collision with Motor Vehicle in Transport,Pedestrian,1,True,SUMMER AVE,Principal Arterial,35.0,6.0,1,5.0,29.05353656,SUMMER AVE,24.48151025,35,6,B,MEMPHIS,SHELBY,46884,24.48151025435863,TDOT state route,state_route_overlap,"state route: 100% overlap, name=SUMMER",SUMMER AVE,False,False,False,TDOT state route,False,,110.6,False,
300966431,7/16/2024,7/16/2024 20:56,2024,7,Tuesday,20,35.07365,-89.900955,Fatal,Pedestrian,Not Intersection-On Roadway Not In Crosswalk,AccelDecelLane,Dark-Lighted,Not Collision with Motor Vehicle in Transport,Pedestrian,1,True,,,,,,,2386.830724,FAIRBROOK AVE,106.7600134,30,2,B,MEMPHIS,SHELBY,2212,106.76001343067912,City of Memphis,city_residual,city: no state-route overlap,FAIRBROOK AVE,False,False,False,City of Memphis,False,,626.8,False,
301083087,5/26/2026,5/26/2026 17:59,2026,5,Tuesday,17,35.073963,-89.91918,Possible Injury,Pedestrian,Not Intersection-On Roadway Not In Crosswalk,AccelDecelLane,Dawn,Not Collision with Motor Vehicle in Transport,Pedestrian,1,True,,,,,,,1143.980488,AMERICAN WAY,0.129667723,45,6,B,MEMPHIS,SHELBY,49363,0.1296677225939361,City of Memphis,city_residual,city: no state-route overlap,AMERICAN WAY,False,False,False,City of Memphis,False,11371,1139.1,True,
301069623,3/12/2026,3/12/2026 16:20,2026,3,Thursday,16,35.208828,-90.011665,Fatal,Pedestrian,Not Intersection-On Roadway Not In Crosswalk,Intersection-Related,Daylight,Not Collision with Motor Vehicle in Transport,Pedestrian,1,True,,,,,,,1902.347589,WHITNEY AVE,0.192522735,40,4,B,MEMPHIS,SHELBY,2742,0.1925227349457349,City of Memphis,city_residual,city: no state-route overlap,WHITNEY AVE,False,False,False,City of Memphis,False,,1754.0,False,
301083130,5/26/2026,5/26/2026 17:18,2026,5,Tuesday,17,35.064816,-89.929436,Suspected Serious Injury,Pedestrian,Not Intersection-On Roadway Not In Crosswalk,AccelDecelLane,Daylight,Angle,Other,1,True,,,,,,,263.4609108,KNIGHT ARNOLD RD,0.124558434,40,5,B,MEMPHIS,SHELBY,49339,0.1245584338160652,City of Memphis,city_residual,city: no state-route overlap,KNIGHT ARNOLD RD,False,False,False,City of Memphis,False,,309.8,False,
301083138,5/26/2026,5/26/2026 22:14,2026,5,Tuesday,22,35.175045,-89.952995,Possible Injury,Pedestrian,Intersection-On Roadway Crosswalk Not Available,AccelDecelLane,Dark-Lighted,Not Collision with Motor Vehicle in Transport,Pedestrian,1,True,,,,,,,836.637744,MOUNT OLIVE RD,13.92527535,25,2,B,MEMPHIS,SHELBY,73618,13.92527535138562,City of Memphis,city_residual,city: no state-route overlap,MOUNT OLIVE RD,False,False,False,City of Memphis,True,,811.3,False,no_signal_coverage
301050619,11/16/2025,11/16/2025 21:23,2025,11,Sunday,21,35.135696,-90.00856,Fatal,Pedestrian,Intersection-On Roadway Crosswalk Not Available,Intersection,Dark-Not Lighted,Not Collision with Motor Vehicle in Transport,Pedestrian,1,True,,,,,,,43.07817473,S AVALON ST,29.31878061,35,2,B,MEMPHIS,SHELBY,81152,29.318780607740617,City of Memphis,city_residual,city: no state-route overlap,S AVALON ST,False,False,False,City of Memphis,True,,297.6,True,no_signal_coverage
300922722,11/9/2023,11/9/2023 17:35,2023,11,Thursday,17,35.02193,-89.85966,Fatal,Pedestrian,Intersection-On Roadway Crosswalk availability Unknown,Intersection-Related,Dark-Lighted,Not Collision with Motor Vehicle in Transport,Pedestrian,1,True,,,,,,,170.0635485,CRUMP RD,1.084419108,30,2,B,MEMPHIS,SHELBY,71323,1.084419107747441,City of Memphis,city_residual,city: no state-route overlap,CRUMP RD,False,False,False,City of Memphis,True,,599.5,False,no_signal_coverage
301082802,5/24/2026,5/24/2026 20:30,2026,5,Sunday,20,35.07397,-89.905876,Suspected Serious Injury,Pedestrian,Not Intersection-On Roadway Not In Crosswalk,Non-Junction,Dusk,Not Collision with Motor Vehicle in Transport,Pedestrian,1,True,,,,,,,2353.495592,S PERKINS RD,0.06875222,40,7,B,MEMPHIS,SHELBY,49379,0.0687522200021117,City of Memphis,city_residual,city: no state-route overlap,S PERKINS RD,False,False,False,City of Memphis,False,12318,420.8,True,
300939947,2/7/2024,2/7/2024 15:30,2024,2,Wednesday,15,35.14416,-90.01663,Possible Injury,Pedestrian,Not Intersection-Outside Traffic,"Driveway, Alley Access, etc",Daylight,Not Collision with Motor Vehicle in Transport,Pedestrian,1,True,,,,,,,801.5166507,POPLAR AVE,13.02203677,40,7,B,MEMPHIS,SHELBY,50416,13.02203676776044,City of Memphis,city_residual,city: no state-route overlap,POPLAR AVE,False,False,False,City of Memphis,False,,87.4,False,
300942228,2/20/2024,2/20/2024 21:52,2024,2,Tuesday,21,35.2166,-90.02861,Possible Injury,Pedestrian,Not Intersection-Outside Traffic,Unknown,Dark-Not Lighted,Not Collision with Motor Vehicle in Transport,Pedestrian,1,True,,,,,,,148.1779158,MILLINGTON ST,0.113959996,40,2,B,MEMPHIS,SHELBY,79776,0.1139599959481277,City of Memphis,city_residual,city: no state-route overlap,MILLINGTON ST,False,False,False,City of Memphis,False,,136.7,False,
300941389,2/16/2024,2/16/2024 8:28,2024,2,Friday,8,35.03523,-90.00727,Possible Injury,Pedestrian,Intersection-In Crosswalk,Intersection-Related,Daylight,Not Collision with Motor Vehicle in Transport,Pedestrian,1,True,,,,,,,1571.307056,MILLBRANCH RD,22.11634693,40,4,B,MEMPHIS,SHELBY,49779,22.116346933160152,City of Memphis,city_residual,city: no state-route overlap,MILLBRANCH RD,False,False,False,City of Memphis,True,,1559.1,True,no_signal_coverage
300939738,2/7/2024,2/7/2024 14:47,2024,2,Wednesday,14,35.116596,-89.90878,Possible Injury,Pedestrian,Intersection-Unknown,AccelDecelLane,Daylight,Not Collision with Motor Vehicle in Transport,Pedestrian,1,True,,,,,,,43.71230622,PERKINS ROAD EXT,33.58815287,35,5,B,MEMPHIS,SHELBY,53658,33.58815286542588,City of Memphis,city_residual,city: no state-route overlap,PERKINS ROAD EXT,False,False,False,City of Memphis,True,,33.4,True,no_signal_coverage
300939951,2/4/2024,2/4/2024 11:00,2024,2,Sunday,11,35.23399,-89.89301,Suspected Serious Injury,Pedestrian,Not Intersection-Unknown,Unknown,Daylight,Not Collision with Motor Vehicle in Transport,Pedestrian,1,True,,,,,,,62.98969239,NEW COVINGTON PIKE,65.95150793,45,5,B,MEMPHIS,SHELBY,48076,65.95150792571387,TDOT state route,state_route_overlap,"state route: 100% overlap, name=NEW COVINGTON",NEW COVINGTON PIKE,False,False,False,TDOT state route,False,,56.9,False,
300941629,2/13/2024,2/13/2024 20:59,2024,2,Tuesday,20,35.11744,-89.94505,Possible Injury,Pedestrian,Intersection-In Crosswalk,Intersection,Dark-Not Lighted,Not Collision with Motor Vehicle in Transport,Pedestrian,1,True,,,,,,,1112.697406,MYNDERS AVE,39.44862639,30,2,B,MEMPHIS,SHELBY,5747,39.44862639312838,City of Memphis,city_residual,city: no state-route overlap,MYNDERS AVE,False,False,False,City of Memphis,True,,1128.6,True,no_signal_coverage
300937885,1/28/2024,1/28/2024 12:25,2024,1,Sunday,12,35.088028,-89.89613,Suspected Minor Injury,Pedestrian,Intersection-On Roadway Crosswalk Not Available,Intersection,Daylight,Not Collision with Motor Vehicle in Transport,Pedestrian,1,True,,,,,,,1925.111855,HELENE RD,0.09173331,30,2,B,MEMPHIS,SHELBY,74294,0.0917333096586743,City of Memphis,city_residual,city: no state-route overlap,HELENE RD,False,False,False,City of Memphis,True,13152,439.4,False,no
300939243,2/3/2024,2/3/2024 19:00,2024,2,Saturday,19,35.156513,-90.035866,Possible Injury,Pedestrian,Intersection-Not on Roadway,OtherLocation,Dark-Lighted,Not Collision with Motor Vehicle in Transport,Pedestrian,1,True,JACKSON AVE,Principal Arterial,35.0,4.0,14,7.0,4.662758874,JACKSON AVE,0.031142896,35,4,B,MEMPHIS,SHELBY,47863,0.031142895618125,TDOT state route,state_route_overlap,"state route: 100% overlap, name=JACKSON",JACKSON AVE,False,False,False,TDOT state route,True,3238,120.7,False,no
300942024,2/20/2024,2/20/2024 9:45,2024,2,Tuesday,9,35.04483,-90.05732,Suspected Serious Injury,Pedestrian,Intersection-On Roadway Crosswalk Not Available,Intersection-Related,Daylight,Not Collision with Motor Vehicle in Transport,Pedestrian,1,True,,,,,,,589.680402,E FAIRWAY AVE,6.492848385,30,2,B,MEMPHIS,SHELBY,6990,6.492848385165231,City of Memphis,city_residual,city: no state-route overlap,E FAIRWAY AVE,False,False,False,City of Memphis,True,,573.3,False,no_signal_coverage
300938415,1/30/2024,1/30/2024 21:27,2024,1,Tuesday,21,35.00638,-90.02528,Possible Injury,Pedestrian,Not Intersection-On Roadway Not In Crosswalk,AccelDecelLane,Dark-Not Lighted,Other,Other,1,True,ELVIS PRESLEY BLVD,Principal Arterial,40.0,5.0,3,3.0,0.037717588,E HOLMES RD,0.078982063,40,4,B,MEMPHIS,SHELBY,53039,0.0789820631082459,City of Memphis,city_residual,city: no state-route overlap,E HOLMES RD,False,False,False,City of Memphis,False,3468,23.2,True,
300939087,1/29/2024,1/29/2024 0:00,2024,1,Monday,0,35.145138,-90.031746,Possible Injury,Pedestrian,Intersection-On Roadway not in Crosswalk,Intersection,Dark-Not Lighted,Not Collision with Motor Vehicle in Transport,Pedestrian,1,True,,,,,,,740.9813599,POPLAR AVE,34.89043561,40,7,B,MEMPHIS,SHELBY,50350,34.890435607312114,City of Memphis,city_residual,city: no state-route overlap,POPLAR AVE,False,False,False,City of Memphis,True,,97.7,True,no_signal_coverage
300937709,1/26/2024,1/26/2024 21:58,2024,1,Friday,21,35.107098,-89.98816,Possible Injury,Pedestrian,Intersection-On Roadway not in Crosswalk,OtherLocation,Dark-Lighted,Not Collision with Motor Vehicle in Transport,Pedestrian,1,True,,,,,,,63.96653405,LAMAR AVE,61.90741737,40,5,B,MEMPHIS,SHELBY,46915,61.90741737032526,TDOT state route,state_route_overlap,"state route: 100% overlap, name=LAMAR",LAMAR AVE,False,False,False,TDOT state route,True,,125.4,True,no_signal_coverage
300941663,2/17/2024,2/17/2024 0:00,2024,2,Saturday,99,35.177235,-89.78453,No Injury,Other Non-Motorist,Unknown,Non-Junction,Unknown,Rear to Side,Other,1,True,,,,,,,767.9350559,KINGS TRAIL CV,26.68037303,25,2,B,MEMPHIS,SHELBY,13897,26.680373027090265,City of Memphis,city_residual,city: no state-route overlap,KINGS TRAIL CV,False,False,False,City of Memphis,False,,741.8,False,
300941851,2/19/2024,2/19/2024 9:30,2024,2,Monday,9,35.150013,-89.965576,Possible Injury,Pedestrian,Not Intersection-Outside Traffic,Non-Junction,Daylight,Not Collision with Motor Vehicle in Transport,Pedestrian,1,True,,,,,,,44.04257464,LESTER ST,36.96924261,30,2,B,MEMPHIS,SHELBY,82771,36.96924260831789,City of Memphis,city_residual,city: no state-route overlap,LESTER ST,False,False,False,City of Memphis,False,,398.6,False,
300938173,1/30/2024,1/30/2024 3:43,2024,1,Tuesday,3,35.16954,-89.986885,Possible Injury,Pedestrian,Intersection-Unknown,Unknown,Dark-Lighted,Not Collision with Motor Vehicle in Transport,Pedestrian,1,True,,,,,,,1114.039631,HUNTER AVE,0.259429949,30,2,B,MEMPHIS,SHELBY,6469,0.2594299494362684,City of Memphis,city_residual,city: no state-route overlap,HUNTER AVE,False,False,False,City of Memphis,True,,1143.4,False,no_signal_coverage
300914146,9/30/2023,9/30/2023 1:08,2023,9,Saturday,1,35.10479,-89.97786,Suspected Serious Injury,Pedestrian,Intersection-On Roadway Crosswalk Not Available,Intersection,Dark-Lighted,Not Collision with Motor Vehicle in Transport,Pedestrian,1,True,,,,,,,384.4709813,DEADRICK AVE,0.147434316,35,2,B,MEMPHIS,SHELBY,5327,0.1474343161092665,City of Memphis,city_residual,city: no state-route overlap,DEADRICK AVE,False,False,False,City of Memphis,True,,609.7,False,no_signal_coverage
300929665,12/13/2023,12/13/2023 18:07,2023,12,Wednesday,18,35.11741,-89.94256,Possible Injury,Pedestrian,Intersection-On Roadway Crosswalk availability Unknown,Intersection,Dark-Lighted,Not Collision with Motor Vehicle in Transport,Pedestrian,1,True,,,,,,,1058.909464,MYNDERS AVE,35.7414507,30,2,B,MEMPHIS,SHELBY,5805,35.74145069577835,City of Memphis,city_residual,city: no state-route overlap,MYNDERS AVE,False,False,False,City of Memphis,True,,1154.7,True,no_signal_coverage
300934493,1/8/2024,1/8/2024 18:00,2024,1,Monday,18,35.137287,-90.02113,Unknown,Pedestrian,Not Intersection-On Roadway Not In Crosswalk,AccelDecelLane,Dark-Lighted,Not Collision with Motor Vehicle in Transport,Pedestrian,1,True,UNION AVE,Principal Arterial,35.0,6.0,3,6.0,4.647149302,UNION AVE,0.066849976,35,6,B,MEMPHIS,SHELBY,46758,0.0668499760326738,TDOT state route,state_route_overlap,"state route: 100% overlap, name=UNION",UNION AVE,False,False,False,TDOT state route,False,,49.6,False,
300932272,12/26/2023,12/26/2023 17:42,2023,12,Tuesday,17,35.10049,-89.8543,Suspected Minor Injury,Pedestrian,Not Intersection-On Roadway Not In Crosswalk,Non-Junction,Dark-Lighted,Not Collision with Motor Vehicle in Transport,Pedestrian,1,True,,,,,,,53.69253984,POPLAR AVE,49.17032126,40,7,B,MEMPHIS,SHELBY,46250,49.17032125726213,TDOT state route,state_route_overlap,"state route: 100% overlap, name=POPLAR",POPLAR AVE,False,False,False,TDOT state route,False,,220.6,False,
300935624,1/11/2024,1/11/2024 7:30,2024,1,Thursday,7,35.10098,-90.01408,Possible Injury,Pedestrian,Not Intersection-Adjacent to Roadway,Non-Junction,Daylight,Angle,Other,1,True,,,,,,,417.7739355,E PERSON AVE,25.12693243,35,4,B,MEMPHIS,SHELBY,50989,25.12693242583998,City of Memphis,city_residual,city: no state-route overlap,E PERSON AVE,False,False,False,City of Memphis,False,,541.8,False,
300932453,12/24/2023,12/24/2023 21:35,2023,12,Sunday,21,35.171764,-90.03605,Possible Injury,Pedestrian,Not Intersection-On Roadway Not In Crosswalk,Intersection,Dark-Lighted,Not Collision with Motor Vehicle in Transport,Pedestrian,1,True,THOMAS ST,Minor Arterial,35.0,4.0,3,7.0,0.055769435,ARRINGTON AVE,0.325359814,30,2,B,MEMPHIS,SHELBY,3575,0.3253598136351789,City of Memphis,city_residual,city: no state-route overlap,ARRINGTON AVE,False,False,False,City of Memphis,False,,670.9,False,
300930370,12/16/2023,12/16/2023 21:50,2023,12,Saturday,21,35.140656,-90.05613,Possible Injury,Pedestrian,Intersection-On Roadway Crosswalk availability Unknown,Intersection,Dark-Lighted,Unknown,Other,1,True,,,,,,,249.259543,BEALE ST,0.047459935,30,3,B,MEMPHIS,SHELBY,80494,0.0474599354201634,City of Memphis,city_residual,city: no state-route overlap,BEALE ST,False,False,False,City of Memphis,True,,463.4,False,no_signal_coverage
300932015,12/24/2023,12/24/2023 23:50,2023,12,Sunday,23,35.055607,-89.85654,Possible Injury,Pedestrian,Not Intersection-On Roadway Not In Crosswalk,SharedUsePathOrTrail,Dark-Unknown Lighting,Not Collision with Motor Vehicle in Transport,Pedestrian,1,True,,,,,,,1612.134521,RIDGEWAY RD,67.69569431,45,5,B,MEMPHIS,SHELBY,71373,67.69569431447906,City of Memphis,city_residual,city: no state-route overlap,RIDGEWAY RD,False,False,False,City of Memphis,False,,631.2,False,
300932772,12/29/2023,12/29/2023 17:00,2023,12,Friday,17,35.073807,-89.94823,Possible Injury,Pedestrian,Intersection-Not on Roadway,Non-Junction,Dark-Lighted,Not Collision with Motor Vehicle in Transport,Pedestrian,1,True,LAMAR AVE,Principal Arterial,40.0,7.0,4,4.0,3.45261473,LAMAR AVE,0.932736102,40,7,B,MEMPHIS,SHELBY,47856,0.9327361015168796,TDOT state route,state_route_overlap,"state route: 100% overlap, name=LAMAR",LAMAR AVE,False,False,False,TDOT state route,True,,131.1,True,no_signal_coverage