MstrRecNbrTxt,CollisionDate,CollisionDteTime,YearNmb,Month,DayOfWeek,Hour,Latitude,Longitude,InjuryClass,PersonType,NonMotoristLocation,RelationToJunction,LightCondition,MannerOfCollision,FirstHarmfulEvent,VictimsInCrash,InMemphis,StateRoute_NAME,StateRoute_F_System,StateRoute_SPDLIMIT,StateRoute_LANES,StateRoute_ALTNAME_1,StateRoute_Council_District,DistToStateRoute_m,Street_Name,DistToStreet_m,Street_SPDLIMIT,Street_LANES,Street_ONEWAY,Street_CITY_L,Street_COUNTY_L,Seg_OBJECTID,DistToSeg_m,Ownership,Rule_Fired,Classification_Basis,Matched_Street,is_limited_access,is_override,is_corner_case,Jurisdiction_prev,at_intersection,intersection_node_id,nearest_ped_signal_m,is_ambiguous_intersection,intersection_signalized
300930392,12/17/2023,12/17/2023 0:48,2023,12,Sunday,0,35.2081,-90.00367,Possible Injury,Pedestrian,Intersection-On Roadway Crosswalk availability Unknown,Non-Junction,Dark-Lighted,Not Collision with Motor Vehicle in Transport,Pedestrian,1,True,,,,,,,2559.436076,N WATKINS ST,13.07778113,40,2,B,MEMPHIS,SHELBY,49872,13.077781132356463,City of Memphis,city_residual,city: no state-route overlap,N WATKINS ST,False,False,False,City of Memphis,True,6089,1693.3,False,no
300940726,2/13/2024,2/13/2024 8:00,2024,2,Tuesday,8,35.034355,-90.01449,Possible Injury,Pedestrian,Intersection-In Crosswalk,Intersection,Daylight,Not Collision with Motor Vehicle in Transport,Pedestrian,1,True,,,,,,,974.5784402,GRACELAND DR,42.18893174,30,2,B,MEMPHIS,SHELBY,27426,42.18893174134491,City of Memphis,city_residual,city: no state-route overlap,GRACELAND DR,False,False,False,City of Memphis,True,,962.3,True,no_signal_coverage
300935903,1/7/2024,1/7/2024 14:21,2024,1,Sunday,14,35.02445,-90.0263,No Injury,Pedestrian,Not Intersection-Unknown,Non-Junction,Daylight,Not Collision with Motor Vehicle in Transport,Other,1,True,,,,,,,100.3001052,BLANCHARD RD,28.83072011,30,2,B,MEMPHIS,SHELBY,72299,28.830720105825883,City of Memphis,city_residual,city: no state-route overlap,BLANCHARD RD,False,False,False,City of Memphis,False,,602.1,False,
300925149,11/20/2023,11/20/2023 13:00,2023,11,Monday,13,35.080994,-90.022575,No Injury,Pedestrian,Not Intersection-Unknown,Non-Junction,Daylight,Not Collision with Motor Vehicle in Transport,Other,1,True,,,,,,,334.1866038,PRATT ST,24.19423516,30,2,B,MEMPHIS,SHELBY,82348,24.19423516498562,City of Memphis,city_residual,city: no state-route overlap,PRATT ST,False,False,False,City of Memphis,False,,426.9,False,
300931656,12/22/2023,12/22/2023 13:17,2023,12,Friday,13,35.166477,-89.95006,Possible Injury,Pedestrian,Not Intersection-Adjacent to Roadway,Non-Junction,Daylight,Not Collision with Motor Vehicle in Transport,Pedestrian,1,True,,,,,,,43.02052613,FARMVILLE AVE,33.11720447,30,2,B,MEMPHIS,SHELBY,5716,33.117204474832455,City of Memphis,city_residual,city: no state-route overlap,FARMVILLE AVE,False,False,False,City of Memphis,False,,357.0,False,
300937256,1/24/2024,1/24/2024 18:33,2024,1,Wednesday,18,35.21021,-90.03286,Possible Injury,Pedestrian,Not Intersection-On Roadway Not In Crosswalk,AccelDecelLane,Dawn,Not Collision with Motor Vehicle in Transport,Pedestrian,1,True,THOMAS ST,,40.0,2.0,3,7.0,25.980641,THOMAS ST,27.07119662,40,2,B,MEMPHIS,SHELBY,46522,27.071196621024857,TDOT state route,state_route_overlap,"state route: 100% overlap, name=THOMAS",THOMAS ST,False,False,False,TDOT state route,False,,67.2,False,
300936215,1/16/2024,1/16/2024 19:00,2024,1,Tuesday,19,35.1721,-89.916954,Possible Injury,Pedestrian,Intersection-On Roadway Crosswalk availability Unknown,Non-Junction,Dark-Not Lighted,Not Collision with Motor Vehicle in Transport,Pedestrian,1,True,,,,,,,1368.813603,GREY RD,0.033555394,30,2,B,MEMPHIS,SHELBY,73842,0.03355539385196,City of Memphis,city_residual,city: no state-route overlap,GREY RD,False,False,False,City of Memphis,True,,1311.7,False,no_signal_coverage
300935698,1/13/2024,1/13/2024 10:29,2024,1,Saturday,10,35.245056,-90.00627,Suspected Minor Injury,Pedestrian,Intersection-On Roadway not in Crosswalk,Intersection-Related,Daylight,Not Collision with Motor Vehicle in Transport,Pedestrian,1,True,N US HIGHWAY 51,Principal Arterial,55.0,2.0,3,7.0,24.21606155,N US HIGHWAY 51,4.934403353,55,2,FT,MEMPHIS,SHELBY,48344,4.934403353414655,City of Memphis,city_residual,city: no state-route overlap,N US HIGHWAY 51,False,False,False,City of Memphis,True,,1208.2,True,no_signal_coverage
300929530,12/12/2023,12/12/2023 9:50,2023,12,Tuesday,9,35.178947,-90.021279,Possible Injury,Pedestrian,Not Intersection-Adjacent to Roadway,Non-Junction,Daylight,Other,Other,1,True,,,,,,,1311.927928,BREEDLOVE ST,0.41357053,35,2,B,MEMPHIS,SHELBY,80962,0.4135705300191401,City of Memphis,city_residual,city: no state-route overlap,BREEDLOVE ST,False,False,False,City of Memphis,False,,521.2,False,
300932285,12/26/2023,12/26/2023 18:46,2023,12,Tuesday,18,35.05005,-89.86638,Possible Injury,Pedestrian,Intersection-On Roadway not in Crosswalk,Non-Junction,Dusk,Not Collision with Motor Vehicle in Transport,Pedestrian,1,True,,,,,,,2541.817242,WINCHESTER RD,0.097590836,45,7,B,MEMPHIS,SHELBY,49448,0.0975908360395385,City of Memphis,city_residual,city: no state-route overlap,WINCHESTER RD,False,False,False,City of Memphis,True,15093,26.5,False,yes
300931438,12/21/2023,12/21/2023 22:20,2023,12,Thursday,22,35.163002,-89.87765,Suspected Serious Injury,Pedestrian,Not Intersection-Adjacent to Roadway,Intersection,Dark-Lighted,Not Collision with Motor Vehicle in Transport,Pedal-cycle,1,True,SUMMER AVE,Principal Arterial,45.0,4.0,1,1.0,3.038036805,SUMMER AVE,0.160835283,45,4,B,MEMPHIS,SHELBY,48460,0.1608352833289896,TDOT state route,state_route_overlap,"state route: 100% overlap, name=SUMMER",SUMMER AVE,False,False,False,TDOT state route,False,14703,18.7,True,
300930743,12/15/2023,12/15/2023 14:15,2023,12,Friday,14,35.217148,-89.98453,Unknown,Pedestrian,Intersection-Unknown,Intersection,Daylight,Not Collision with Motor Vehicle in Transport,Pedestrian,1,True,,,,,,,3416.306295,FRAYSER BLVD,0.003757657,40,4,B,MEMPHIS,SHELBY,49912,0.0037576567632139,City of Memphis,city_residual,city: no state-route overlap,FRAYSER BLVD,False,False,False,City of Memphis,True,,2760.5,False,no_signal_coverage
300935426,1/12/2024,1/12/2024 7:40,2024,1,Friday,7,35.050167,-89.88562,Possible Injury,Pedestrian,Intersection-On Roadway Crosswalk availability Unknown,Intersection,Dark-Lighted,Not Collision with Motor Vehicle in Transport,Pedestrian,1,True,,,,,,,2886.151095,WINCHESTER RD,40.57344338,45,7,B,MEMPHIS,SHELBY,51852,40.5734433832462,City of Memphis,city_residual,city: no state-route overlap,WINCHESTER RD,False,False,False,City of Memphis,True,,69.1,True,no_signal_coverage
300929787,12/13/2023,12/13/2023 21:49,2023,12,Wednesday,21,35.11906,-89.94067,Possible Injury,Pedestrian,Intersection-In Crosswalk,Intersection,Dark-Not Lighted,Not Collision with Motor Vehicle in Transport,Pedestrian,1,True,,,,,,,839.0854176,MIDLAND AVE,0.275807412,35,2,B,MEMPHIS,SHELBY,5808,0.2758074117991055,City of Memphis,city_residual,city: no state-route overlap,MIDLAND AVE,False,False,False,City of Memphis,True,,1029.9,False,no_signal_coverage
300909242,9/5/2023,9/5/2023 20:00,2023,9,Tuesday,20,35.26113,-89.927155,No Injury,Pedestrian,Unknown,Non-Junction,Dark-Lighted,Not Collision with Motor Vehicle in Transport,Other,1,True,,,,,,,4059.610044,KINARD CV,31.17520578,25,2,B,MEMPHIS,SHELBY,17259,31.17520577528488,City of Memphis,city_residual,city: no state-route overlap,KINARD CV,False,False,False,City of Memphis,False,,3390.3,False,
300931181,12/20/2023,12/20/2023 20:08,2023,12,Wednesday,20,35.18957,-89.92806,Suspected Serious Injury,Pedestrian,Not Intersection-On Roadway Not In Crosswalk,Non-Junction,Dark-Lighted,Not Collision with Motor Vehicle in Transport,Pedestrian,1,True,,,,,,,37.76091773,JACKSON AVE,40.57588833,40,7,B,MEMPHIS,SHELBY,46538,40.57588833400592,TDOT state route,state_route_overlap,"state route: 100% overlap, name=JACKSON",JACKSON AVE,False,False,False,TDOT state route,False,,524.3,False,
300932221,12/22/2023,12/22/2023 8:15,2023,12,Friday,8,35.079124,-90.01563,Possible Injury,Pedestrian,Intersection-On Roadway Crosswalk Not Available,Unknown,Daylight,Not Collision with Motor Vehicle in Transport,Pedestrian,1,True,,,,,,,325.0464524,RALSTON AVE,22.81945479,30,2,B,MEMPHIS,SHELBY,5138,22.81945478597049,City of Memphis,city_residual,city: no state-route overlap,RALSTON AVE,False,False,False,City of Memphis,True,,371.1,True,no_signal_coverage
300930678,12/17/2023,12/17/2023 20:30,2023,12,Sunday,20,35.090458,-89.93107,Possible Injury,Pedestrian,Not Intersection-On Roadway Not In Crosswalk,AccelDecelLane,Dark-Lighted,Not Collision with Motor Vehicle in Transport,Pedestrian,1,True,,,,,,,1107.022776,GETWELL RD,1.517175437,40,5,B,MEMPHIS,SHELBY,51331,1.5171754370009225,City of Memphis,city_residual,city: no state-route overlap,GETWELL RD,False,False,False,City of Memphis,False,,990.2,False,
300935626,1/13/2024,1/13/2024 5:45,2024,1,Saturday,5,35.051266,-90.00558,Possible Injury,Pedestrian,Intersection-In Crosswalk,AccelDecelLane,Dark-Lighted,Not Collision with Motor Vehicle in Transport,Pedestrian,1,True,,,,,,,1776.593987,COMMONWEALTH DR,16.52215629,30,2,B,MEMPHIS,SHELBY,33229,16.52215629228865,City of Memphis,city_residual,city: no state-route overlap,COMMONWEALTH DR,False,False,False,City of Memphis,True,,304.5,False,no_signal_coverage
300922681,11/8/2023,11/8/2023 20:42,2023,11,Wednesday,20,35.143936,-89.89806,Fatal,Pedestrian,Not Intersection-On Roadway Not In Crosswalk,Non-Junction,Dark-Lighted,Not Collision with Motor Vehicle in Transport,Pedestrian,1,True,,,,,,,518.6939325,N MENDENHALL RD,2.011575881,40,4,B,MEMPHIS,SHELBY,51585,2.0115758813047706,City of Memphis,city_residual,city: no state-route overlap,N MENDENHALL RD,False,False,False,City of Memphis,False,,503.5,False,
300930135,12/15/2023,12/15/2023 18:17,2023,12,Friday,18,35.006474,-89.98989,Suspected Serious Injury,Pedestrian,Not Intersection-On Roadway Crosswalk not Available,AccelDecelLane,Dark-Lighted,Not Collision with Motor Vehicle in Transport,Pedestrian,1,True,,,,,,,1621.065832,E HOLMES RD,0.073745028,40,2,B,MEMPHIS,SHELBY,49819,0.0737450282028369,City of Memphis,city_residual,city: no state-route overlap,E HOLMES RD,False,False,False,City of Memphis,False,6449,1597.3,True,
300929636,12/12/2023,12/12/2023 18:00,2023,12,Tuesday,18,35.0687,-89.98752,Possible Injury,Pedestrian,Intersection-On Roadway not in Crosswalk,Intersection,Dark-Lighted,Not Collision with Motor Vehicle in Transport,Pedestrian,1,True,,,,,,,2993.713055,DEMOCRAT RD,0.138116568,35,7,B,MEMPHIS,SHELBY,72538,0.1381165683334524,City of Memphis,city_residual,city: no state-route overlap,DEMOCRAT RD,False,False,False,City of Memphis,True,6778,17.8,False,yes
300933726,1/5/2024,1/5/2024 6:40,2024,1,Friday,6,35.21489,-89.894775,Possible Injury,Pedestrian,Intersection-In Crosswalk,Intersection,Daylight,Not Collision with Motor Vehicle in Transport,Pedestrian,1,True,,,,,,,34.3819841,CRAIGMONT DR,32.08515751,35,2,B,MEMPHIS,SHELBY,50042,32.08515750614878,City of Memphis,city_residual,city: no state-route overlap,CRAIGMONT DR,False,False,False,City of Memphis,True,,35.5,True,no_signal_coverage
300898436,7/13/2023,7/13/2023 0:52,2023,7,Thursday,0,35.20091,-89.912476,Fatal,Pedestrian,Not Intersection-On Roadway Not In Crosswalk,Non-Junction,Dark-Lighted,Not Collision with Motor Vehicle in Transport,Pedestrian,1,True,,,,,,,566.0014016,RALEIGH LAGRANGE RD,0.210134277,35,4,B,MEMPHIS,SHELBY,51806,0.2101342772518869,City of Memphis,city_residual,city: no state-route overlap,RALEIGH LAGRANGE RD,False,False,False,City of Memphis,False,,545.2,False,
300935901,1/14/2024,1/14/2024 5:00,2024,1,Sunday,5,35.09865,-89.91224,Possible Injury,Pedestrian,Intersection-In Crosswalk,Intersection,Dark-Not Lighted,Not Collision with Motor Vehicle in Transport,Pedestrian,1,True,,,,,,,1976.398399,FAIR MEADOW RD,0.889869683,30,2,B,MEMPHIS,SHELBY,74104,0.8898696834286746,City of Memphis,city_residual,city: no state-route overlap,FAIR MEADOW RD,False,False,False,City of Memphis,True,,1986.6,False,no_signal_coverage
300930948,12/18/2023,12/18/2023 21:40,2023,12,Monday,21,35.140484,-89.98288,Suspected Minor Injury,Pedestrian,Intersection-On Roadway not in Crosswalk,Intersection-Related,Dark-Lighted,Other,Other,1,True,E PARKWAY,Principal Arterial,40.0,3.0,277,5.0,3.423257972,E PARKWAY N,0.103057416,40,3,TF,MEMPHIS,SHELBY,48117,0.1030574163878771,TDOT state route,state_route_overlap,"state route: 100% overlap, name=E PARKWAY",E PARKWAY N,False,False,False,TDOT state route,True,7273,10.7,False,yes
300926176,11/24/2023,11/24/2023 9:22,2023,11,Friday,9,35.086906,-89.92768,Fatal,Pedestrian,Not Intersection-On Roadway Crosswalk not Available,Non-Junction,Daylight,Not Collision with Motor Vehicle in Transport,Pedestrian,1,True,,,,,,,785.6250291,NEW WILLOW RD,28.55674114,35,2,B,MEMPHIS,SHELBY,53320,28.5567411369534,City of Memphis,city_residual,city: no state-route overlap,NEW WILLOW RD,False,False,False,City of Memphis,False,,677.5,False,
300941070,2/14/2024,2/14/2024 16:10,2024,2,Wednesday,16,35.0104,-90.02526,Possible Injury,Pedestrian,Intersection-On Roadway not in Crosswalk,Intersection-Related,Daylight,Not Collision with Motor Vehicle in Transport,Pedestrian,1,True,ELVIS PRESLEY BLVD,Principal Arterial,40.0,5.0,3,3.0,0.256312378,HESTER RD,0.14986971,35,2,B,MEMPHIS,SHELBY,72336,0.1498697098748787,City of Memphis,city_residual,city: no state-route overlap,HESTER RD,False,False,True,City of Memphis,True,3487,427.3,False,no
300940514,2/11/2024,2/11/2024 18:07,2024,2,Sunday,18,35.219906,-89.97871,Suspected Serious Injury,Pedestrian,Intersection-On Roadway Crosswalk availability Unknown,Intersection,Daylight,Not Collision with Motor Vehicle in Transport,Pedestrian,1,True,,,,,,,3673.448261,FRAYSER BLVD,0.373347381,40,4,B,MEMPHIS,SHELBY,49920,0.3733473805879249,City of Memphis,city_residual,city: no state-route overlap,FRAYSER BLVD,False,False,False,City of Memphis,True,,2960.0,False,no_signal_coverage
300939622,2/6/2024,2/6/2024 13:51,2024,2,Tuesday,13,35.206627,-89.90824,Possible Injury,Pedestrian,Intersection-On Roadway not in Crosswalk,Intersection,Daylight,Not Collision with Motor Vehicle in Transport,Pedestrian,1,True,STAGE RD,Principal Arterial,45.0,6.0,15,1.0,4.608335798,ROBBIEDON ST,0.00642127,30,2,B,MEMPHIS,SHELBY,80213,0.0064212700911883,City of Memphis,city_residual,city: no state-route overlap,ROBBIEDON ST,False,False,True,City of Memphis,True,,527.4,False,no_signal_coverage
300938545,1/31/2024,1/31/2024 19:36,2024,1,Wednesday,19,35.099407,-89.93087,Possible Injury,Pedestrian,Intersection-In Crosswalk,Intersection,Dark-Lighted,Not Collision with Motor Vehicle in Transport,Pedestrian,1,True,,,,,,,2100.043579,RHODES AVE,0.203312085,35,4,B,MEMPHIS,SHELBY,51318,0.2033120850265409,City of Memphis,city_residual,city: no state-route overlap,RHODES AVE,False,False,False,City of Memphis,True,,1983.1,False,no_signal_coverage
300927558,12/2/2023,12/2/2023 23:54,2023,12,Saturday,23,35.208508,-89.99435,Fatal,Pedestrian,Not Intersection-Other Not On Roadway,Intersection,Dark-Lighted,Not Collision with Motor Vehicle in Transport,Other,2,True,,,,,,,3228.421977,OVERTON CROSSING ST,9.621888473,40,2,B,MEMPHIS,SHELBY,79956,9.621888473208145,City of Memphis,city_residual,city: no state-route overlap,OVERTON CROSSING ST,False,False,False,City of Memphis,False,,2104.5,False,
300937595,1/26/2024,1/26/2024 18:00,2024,1,Friday,18,35.082268,-89.97191,Suspected Minor Injury,Pedestrian,Not Intersection-Bike Path,OtherLocation,Dark-Lighted,Not Collision with Motor Vehicle in Transport,Pedestrian,1,True,,,,,,,943.0101409,PENDLETON ST,0.67890403,35,2,B,MEMPHIS,SHELBY,82579,0.6789040301589698,City of Memphis,city_residual,city: no state-route overlap,PENDLETON ST,False,False,False,City of Memphis,False,,948.1,False,
300940372,2/11/2024,2/11/2024 2:05,2024,2,Sunday,2,35.115723,-89.96846,No Injury,Other Non-Motorist,Unknown,OtherLocation,Dark-Not Lighted,Not Collision with Motor Vehicle in Transport,Other,1,True,,,,,,,1460.603852,SOUTHERN AVE,15.05776893,35,3,B,MEMPHIS,SHELBY,51068,15.057768932576655,City of Memphis,city_residual,city: no state-route overlap,SOUTHERN AVE,False,False,False,City of Memphis,False,,1473.1,False,
300940554,2/12/2024,2/12/2024 11:28,2024,2,Monday,11,35.030006,-90.02422,Possible Injury,Pedestrian,Not Intersection-Other Not On Roadway,Non-Junction,Daylight,Not Collision with Motor Vehicle in Transport,Pedestrian,1,True,,,,,,,87.68376938,FINLEY RD,29.93311667,35,2,B,MEMPHIS,SHELBY,72343,29.933116670414964,City of Memphis,city_residual,city: no state-route overlap,FINLEY RD,False,False,False,City of Memphis,False,,83.7,False,
300938377,1/30/2024,1/30/2024 0:00,2024,1,Tuesday,99,35.13146,-90.02999,Unknown,Other Non-Motorist,Intersection-Unknown,AccelDecelLane,Unknown,Angle,Other,1,True,,,,,,,43.14217674,E E H CRUMP BLVD,38.51633784,40,7,B,MEMPHIS,SHELBY,47413,38.51633784143005,TDOT state route,state_route_overlap,"state route: 100% overlap, name=E E H CRUMP",E E H CRUMP BLVD,False,False,False,TDOT state route,True,,108.1,True,no_signal_coverage
300966598,7/17/2024,7/17/2024 7:20,2024,7,Wednesday,7,35.1367,-90.019356,Possible Injury,Pedestrian,Intersection-In Crosswalk,Unknown,Daylight,Not Collision with Motor Vehicle in Transport,Pedestrian,1,True,,,,,,,49.9393679,UNION AVE,45.35767036,35,6,B,MEMPHIS,SHELBY,46770,45.3576703572038,TDOT state route,state_route_overlap,"state route: 100% overlap, name=UNION",UNION AVE,False,False,False,TDOT state route,True,,133.3,True,no_signal_coverage
300966573,7/17/2024,7/17/2024 0:00,2024,7,Wednesday,99,35.138954,-90.0459,Suspected Serious Injury,Pedestrian,Intersection-In Crosswalk,Intersection,Unknown,Not Collision with Motor Vehicle in Transport,Pedestrian,1,True,S DANNY THOMAS BLVD,Principal Arterial,35.0,4.0,1,6.0,0.702097618,BEALE ST,0.191986761,35,2,B,MEMPHIS,SHELBY,84354,0.1919867609931346,City of Memphis,city_residual,city: no state-route overlap,BEALE ST,False,False,True,City of Memphis,True,2438,19.8,False,yes
300858189,1/1/2023,1/1/2023 10:08,2023,1,Sunday,10,35.08672,-89.931175,Suspected Serious Injury,Pedestrian,Intersection-In Crosswalk,Intersection,Daylight,Not Collision with Motor Vehicle in Transport,Pedestrian,1,True,,,,,,,692.2017551,ELLISTON RD,0.378589659,35,3,B,MEMPHIS,SHELBY,73694,0.3785896588862153,City of Memphis,city_residual,city: no state-route overlap,ELLISTON RD,False,False,False,City of Memphis,True,,575.5,False,no_signal_coverage
300861245,1/16/2023,1/16/2023 19:03,2023,1,Monday,19,35.05556,-90.07048,Suspected Serious Injury,Pedestrian,Intersection-In Crosswalk,Intersection,Dark-Lighted,Not Collision with Motor Vehicle in Transport,Pedestrian,1,True,,,,,,,934.9515192,W MITCHELL RD,0.472884467,35,2,B,MEMPHIS,SHELBY,49608,0.4728844667474702,City of Memphis,city_residual,city: no state-route overlap,W MITCHELL RD,False,False,False,City of Memphis,True,,921.8,False,no_signal_coverage
300858766,1/4/2023,1/4/2023 0:00,2023,1,Wednesday,0,35.209473,-90.032715,Suspected Serious Injury,Pedestrian,Intersection-On Roadway not in Crosswalk,Non-Junction,Dark-Not Lighted,Not Collision with Motor Vehicle in Transport,Pedestrian,1,True,THOMAS ST,,40.0,2.0,3,7.0,0.629225987,WHITNEY AVE,0.133075034,35,2,B,MEMPHIS,SHELBY,2672,0.1330750336933865,City of Memphis,city_residual,city: no state-route overlap,WHITNEY AVE,False,False,True,City of Memphis,True,,16.6,False,no_signal_coverage
300859362,1/6/2023,1/6/2023 16:45,2023,1,Friday,16,35.0261,-90.00753,Possible Injury,Pedestrian,Not Intersection-On Roadway Not In Crosswalk,AccelDecelLane,Daylight,Not Collision with Motor Vehicle in Transport,Pedestrian,3,True,,,,,,,558.3440889,MILL STREAM DR,0.25352457,30,2,B,MEMPHIS,SHELBY,34846,0.2535245695473865,City of Memphis,city_residual,city: no state-route overlap,MILL STREAM DR,False,False,False,City of Memphis,False,,546.0,False,
300860362,1/11/2023,1/11/2023 19:58,2023,1,Wednesday,19,35.1757,-89.89697,Suspected Serious Injury,Pedestrian,Not Intersection-On Roadway Crosswalk not Available,AccelDecelLane,Dark-Not Lighted,Not Collision with Motor Vehicle in Transport,Pedestrian,1,True,COVINGTON PIKE,Principal Arterial,45.0,2.0,204,1.0,1.104491842,COVINGTON PIKE,0.083718326,45,2,FT,MEMPHIS,SHELBY,47968,0.0837183260589635,TDOT state route,state_route_overlap,"state route: 100% overlap, name=COVINGTON",COVINGTON PIKE,False,False,False,TDOT state route,False,13392,16.7,True,
300860817,1/12/2023,1/12/2023 14:00,2023,1,Thursday,14,35.151516,-89.89816,No Injury,Other Non-Motorist,Intersection-Unknown,Intersection,Daylight,Not Collision with Motor Vehicle in Transport,Other,1,True,,,,,,,319.5450832,BOWEN AVE,21.00925471,30,2,B,MEMPHIS,SHELBY,6841,21.009254705996405,City of Memphis,city_residual,city: no state-route overlap,BOWEN AVE,False,False,False,City of Memphis,True,,307.4,True,no_signal_coverage
300861535,1/18/2023,1/18/2023 9:20,2023,1,Wednesday,9,35.086098,-89.9416,Possible Injury,Pedestrian,Unknown,Non-Junction,Daylight,Not Collision with Motor Vehicle in Transport,Other,2,True,,,,,,,1126.938698,SHARPE AVE,20.70109217,35,2,B,MEMPHIS,SHELBY,5723,20.70109216611673,City of Memphis,city_residual,city: no state-route overlap,SHARPE AVE,False,False,False,City of Memphis,False,,1051.9,False,
300858269,1/1/2023,1/1/2023 21:41,2023,1,Sunday,21,35.02959,-90.01794,Possible Injury,Pedestrian,Not Intersection-On Roadway Not In Crosswalk,AccelDecelLane,Dark-Not Lighted,Not Collision with Motor Vehicle in Transport,Pedestrian,1,True,,,,,,,660.7740507,FINLEY RD,21.99465775,35,2,B,MEMPHIS,SHELBY,72380,21.99465774787,City of Memphis,city_residual,city: no state-route overlap,FINLEY RD,False,False,False,City of Memphis,False,,653.5,False,
300860889,1/14/2023,1/14/2023 16:05,2023,1,Saturday,16,35.136528,-90.05566,Possible Injury,Pedestrian,Intersection-In Crosswalk,Intersection-Related,Daylight,Not Collision with Motor Vehicle in Transport,Pedestrian,1,True,S SECOND ST,Minor Arterial,35.0,2.0,14,6.0,2.225379685,VANCE AVE,0.411549567,30,3,B,MEMPHIS,SHELBY,3305,0.4115495671458486,City of Memphis,city_residual,city: no state-route overlap,VANCE AVE,False,False,True,City of Memphis,True,,12.7,False,no_signal_coverage
300859928,1/9/2023,1/9/2023 12:40,2023,1,Monday,12,35.066715,-89.83936,Possible Injury,Pedestrian,Not Intersection-Adjacent to Roadway,SharedUsePathOrTrail,Daylight,Not Collision with Motor Vehicle in Transport,Pedestrian,1,True,,,,,,,201.2033523,QUINCE RD,5.450015158,45,3,B,MEMPHIS,SHELBY,52341,5.450015157916999,City of Memphis,city_residual,city: no state-route overlap,QUINCE RD,False,False,False,City of Memphis,False,,364.1,False,
300859924,1/9/2023,1/9/2023 15:52,2023,1,Monday,15,35.04934,-89.88578,No Injury,Pedestrian,Not Intersection-On Roadway Not In Crosswalk,AccelDecelLane,Daylight,Not Collision with Motor Vehicle in Transport,Pedestrian,1,True,,,,,,,2814.33627,S MENDENHALL RD,42.31899446,45,7,B,MEMPHIS,SHELBY,49405,42.31899446200711,City of Memphis,city_residual,city: no state-route overlap,S MENDENHALL RD,False,False,False,City of Memphis,False,,139.8,False,
300861083,1/15/2023,1/15/2023 3:04,2023,1,Sunday,3,35.19199,-90.007965,Possible Injury,Pedestrian,Not Intersection-Unknown,Unknown,Dark-Not Lighted,Not Collision with Motor Vehicle in Transport,Pedestrian,1,True,,,,,,,2466.161932,N WATKINS ST,0.196787583,50,5,B,MEMPHIS,SHELBY,52585,0.1967875825235923,City of Memphis,city_residual,city: no state-route overlap,N WATKINS ST,False,False,False,City of Memphis,False,,60.1,False,
300861622,1/16/2023,1/16/2023 20:10,2023,1,Monday,20,35.085697,-89.90716,Suspected Serious Injury,Pedestrian,Intersection-On Roadway Crosswalk Not Available,Non-Junction,Dark-Lighted,Front to Rear,Other,1,True,,,,,,,2276.62733,WILLOW RD,0.184857694,35,2,B,MEMPHIS,SHELBY,51486,0.1848576941043426,City of Memphis,city_residual,city: no state-route overlap,WILLOW RD,False,False,False,City of Memphis,True,12279,722.0,False,no
300859656,1/7/2023,1/7/2023 19:40,2023,1,Saturday,19,35.099323,-89.84542,Possible Injury,Pedestrian,Intersection-On Roadway Crosswalk availability Unknown,Intersection,Dark-Lighted,Not Collision with Motor Vehicle in Transport,Pedestrian,2,True,POPLAR AVE,Principal Arterial,40.0,7.0,57,2.0,3.628257374,POPLAR AVE,0.895959671,40,7,B,MEMPHIS,SHELBY,46254,0.8959596712463712,TDOT state route,state_route_overlap,"state route: 100% overlap, name=POPLAR",POPLAR AVE,False,False,False,TDOT state route,True,16960,15.9,False,yes
300859667,1/7/2023,1/7/2023 18:55,2023,1,Saturday,18,35.033012,-90.02144,Possible Injury,Pedestrian,Intersection-On Roadway Crosswalk Not Available,Intersection,Dark-Not Lighted,Not Collision with Motor Vehicle in Transport,Pedestrian,1,True,,,,,,,340.6193833,WESLEY DR,70.68336639,30,2,B,MEMPHIS,SHELBY,27304,70.68336639177299,City of Memphis,city_residual,city: no state-route overlap,WESLEY DR,False,False,False,City of Memphis,True,,344.1,True,no_signal_coverage
300858949,1/4/2023,1/4/2023 15:10,2023,1,Wednesday,15,35.11676,-90.03054,Possible Injury,Pedestrian,Not Intersection-On Roadway Crosswalk not Available,SharedUsePathOrTrail,Daylight,Not Collision with Motor Vehicle in Transport,Pedestrian,1,True,,,,,,,816.8513403,SAXON AVE,17.62857019,30,2,B,MEMPHIS,SHELBY,5066,17.628570194277277,City of Memphis,city_residual,city: no state-route overlap,SAXON AVE,False,False,False,City of Memphis,False,,749.4,False,
300859466,1/7/2023,1/7/2023 0:03,2023,1,Saturday,0,35.14826,-90.043564,Possible Injury,Pedestrian,Intersection-On Roadway Crosswalk availability Unknown,Intersection,Dark-Lighted,Not Collision with Motor Vehicle in Transport,Pedestrian,1,True,N DANNY THOMAS BLVD,Principal Arterial,35.0,7.0,1,7.0,1.394637586,POPLAR AVE,0.178406984,35,5,B,MEMPHIS,SHELBY,50319,0.1784069839519049,City of Memphis,city_residual,city: no state-route overlap,POPLAR AVE,False,False,False,City of Memphis,True,2634,25.1,False,yes