MstrRecNbrTxt,CollisionDate,CollisionDteTime,YearNmb,Month,DayOfWeek,Hour,Latitude,Longitude,InjuryClass,PersonType,NonMotoristLocation,RelationToJunction,LightCondition,MannerOfCollision,FirstHarmfulEvent,VictimsInCrash,InMemphis,StateRoute_NAME,StateRoute_F_System,StateRoute_SPDLIMIT,StateRoute_LANES,StateRoute_ALTNAME_1,StateRoute_Council_District,DistToStateRoute_m,Street_Name,DistToStreet_m,Street_SPDLIMIT,Street_LANES,Street_ONEWAY,Street_CITY_L,Street_COUNTY_L,Seg_OBJECTID,DistToSeg_m,Ownership,Rule_Fired,Classification_Basis,Matched_Street,is_limited_access,is_override,is_corner_case,Jurisdiction_prev,at_intersection,intersection_node_id,nearest_ped_signal_m,is_ambiguous_intersection,intersection_signalized
300858660,1/2/2023,1/2/2023 22:45,2023,1,Monday,22,35.234222,-89.925735,Suspected Serious Injury,Pedestrian,Not Intersection-On Roadway Not In Crosswalk,Intersection,Dark-Lighted,Not Collision with Motor Vehicle in Transport,Pedestrian,1,True,,,,,,,2082.267353,RALEIGH MILLINGTON RD,0.165885862,45,5,B,MEMPHIS,SHELBY,47393,0.1658858623874169,City of Memphis,city_residual,city: no state-route overlap,RALEIGH MILLINGTON RD,False,False,False,City of Memphis,False,,2066.8,False,
300860961,1/14/2023,1/14/2023 18:35,2023,1,Saturday,18,35.06228,-89.88635,Possible Injury,Pedestrian,Not Intersection-On Roadway Not In Crosswalk,Intersection,Dark-Lighted,Not Collision with Motor Vehicle in Transport,Pedestrian,1,True,,,,,,,2241.20886,KNIGHT ARNOLD RD,39.03630844,40,4,B,MEMPHIS,SHELBY,52839,39.0363084419034,City of Memphis,city_residual,city: no state-route overlap,KNIGHT ARNOLD RD,False,False,False,City of Memphis,False,,1301.8,False,
300860031,1/3/2023,1/3/2023 12:00,2023,1,Tuesday,12,35.077984,-90.02098,No Injury,Other Non-Motorist,Unknown,Non-Junction,Daylight,Not Collision with Motor Vehicle in Transport,Other,1,True,,,,,,,129.3996763,E ALCY RD,16.14931404,35,2,B,MEMPHIS,SHELBY,75728,16.149314038032713,City of Memphis,city_residual,city: no state-route overlap,E ALCY RD,False,False,False,City of Memphis,False,,135.5,False,
300860549,1/12/2023,1/12/2023 20:20,2023,1,Thursday,20,35.06016,-89.84379,Possible Injury,Pedestrian,Intersection-In Crosswalk,Intersection-Related,Dark-Not Lighted,Not Collision with Motor Vehicle in Transport,Pedestrian,1,True,,,,,,,561.9511438,KNIGHT ARNOLD RD,0.573344279,40,7,B,MEMPHIS,SHELBY,76434,0.5733442793000103,City of Memphis,city_residual,city: no state-route overlap,KNIGHT ARNOLD RD,False,False,False,City of Memphis,True,16941,696.1,False,no
300859497,1/7/2023,1/7/2023 17:54,2023,1,Saturday,17,35.048244,-90.082054,Unknown,Pedestrian,Intersection-Unknown,Intersection,Dark-Lighted,Not Collision with Motor Vehicle in Transport,Pedestrian,1,True,,,,,,,1525.083564,FORD RD,34.95430274,30,2,B,MEMPHIS,SHELBY,71849,34.95430274269159,City of Memphis,city_residual,city: no state-route overlap,FORD RD,False,False,False,City of Memphis,True,,1511.3,True,no_signal_coverage
300860561,1/11/2023,1/11/2023 20:00,2023,1,Wednesday,20,35.055153,-89.856476,Possible Injury,Pedestrian,Intersection-On Roadway Crosswalk Not Available,Non-Junction,Dawn,Not Collision with Motor Vehicle in Transport,Pedestrian,1,True,,,,,,,1655.883407,VILLAGE GREEN LN,67.36080292,25,2,B,MEMPHIS,SHELBY,44271,67.3608029180101,City of Memphis,city_residual,city: no state-route overlap,VILLAGE GREEN LN,False,False,False,City of Memphis,True,,582.2,True,no_signal_coverage
300864771,2/2/2023,2/2/2023 22:00,2023,2,Thursday,22,35.046165,-90.0574,No Injury,Pedestrian,Not Intersection-Other Not On Roadway,Unknown,Unknown,Not Collision with Motor Vehicle in Transport,Other,1,True,,,,,,,523.3576985,MARTY ST,22.00239693,30,2,B,MEMPHIS,SHELBY,84084,22.00239693341322,City of Memphis,city_residual,city: no state-route overlap,MARTY ST,False,False,False,City of Memphis,False,,506.4,False,
300863294,1/26/2023,1/26/2023 18:44,2023,1,Thursday,18,35.221054,-89.96052,Possible Injury,Pedestrian,Intersection-On Roadway not in Crosswalk,Intersection,Dawn,Not Collision with Motor Vehicle in Transport,Pedestrian,1,True,,,,,,,3781.197387,FRAYSER RALEIGH RD,0.177881197,30,2,B,MEMPHIS,SHELBY,72644,0.1778811969004603,City of Memphis,city_residual,city: no state-route overlap,FRAYSER RALEIGH RD,False,False,False,City of Memphis,True,,3372.3,False,no_signal_coverage
300867899,2/18/2023,2/18/2023 19:47,2023,2,Saturday,19,35.128242,-90.06182,Possible Injury,Pedestrian,Intersection-In Crosswalk,Intersection,Dark-Lighted,Not Collision with Motor Vehicle in Transport,Pedestrian,1,True,,,,,,,394.4880919,W CAROLINA AVE,0.249186242,30,2,B,MEMPHIS,SHELBY,6603,0.2491862420794517,City of Memphis,city_residual,city: no state-route overlap,W CAROLINA AVE,False,False,False,City of Memphis,True,,382.1,False,no_signal_coverage
300862283,1/21/2023,1/21/2023 19:47,2023,1,Saturday,19,35.13463,-90.04869,Possible Injury,Pedestrian,Not Intersection-Bike Path,AccelDecelLane,Dark-Lighted,Not Collision with Motor Vehicle in Transport,Pedestrian,1,True,,,,,,,191.3513972,FOOTE PARK PL,0.229109247,25,2,B,MEMPHIS,SHELBY,55483,0.2291092473891776,City of Memphis,city_residual,city: no state-route overlap,FOOTE PARK PL,False,False,False,City of Memphis,False,,194.0,False,
300866809,2/12/2023,2/12/2023 21:03,2023,2,Sunday,21,35.16381,-90.0092,Possible Injury,Pedestrian,Intersection-On Roadway Crosswalk Not Available,AccelDecelLane,Unknown,Not Collision with Motor Vehicle in Transport,Pedestrian,1,True,,,,,,,538.5587598,GARLAND ST,23.83733268,30,2,B,MEMPHIS,SHELBY,81179,23.83733268125957,City of Memphis,city_residual,city: no state-route overlap,GARLAND ST,False,False,False,City of Memphis,True,,642.4,True,no_signal_coverage
300862071,1/20/2023,1/20/2023 17:00,2023,1,Friday,17,35.061424,-90.023605,Possible Injury,Pedestrian,Intersection-In Crosswalk,Intersection,Dusk,Not Collision with Motor Vehicle in Transport,Pedestrian,1,True,ELVIS PRESLEY BLVD,Principal Arterial,40.0,6.0,3,6.0,1.889895264,ELVIS PRESLEY BLVD,0.793074693,40,6,B,MEMPHIS,SHELBY,46512,0.7930746933887426,TDOT state route,state_route_overlap,"state route: 100% overlap, name=ELVIS PRESLEY",ELVIS PRESLEY BLVD,False,False,False,TDOT state route,True,3794,22.8,False,yes
300868423,2/21/2023,2/21/2023 9:40,2023,2,Tuesday,9,35.124565,-89.90786,Possible Injury,Pedestrian,Not Intersection-Adjacent to Roadway,Intersection,Daylight,Not Collision with Motor Vehicle in Transport,Pedestrian,1,True,,,,,,,728.9457465,WOODMONT DR,6.227763191,30,2,B,MEMPHIS,SHELBY,29639,6.227763191468708,City of Memphis,city_residual,city: no state-route overlap,WOODMONT DR,False,False,False,City of Memphis,False,,728.9,False,
300867695,2/17/2023,2/17/2023 19:00,2023,2,Friday,19,35.06423,-89.845,Suspected Serious Injury,Pedestrian,Not Intersection-On Roadway Not In Crosswalk,Non-Junction,Dawn,Not Collision with Motor Vehicle in Transport,Pedestrian,1,True,,,,,,,307.4659022,MOUNT MORIAH ROAD EXT,6.727475749,45,5,B,MEMPHIS,SHELBY,49519,6.727475749345917,City of Memphis,city_residual,city: no state-route overlap,MOUNT MORIAH ROAD EXT,False,False,False,City of Memphis,False,,283.7,False,
300863323,1/26/2023,1/26/2023 22:40,2023,1,Thursday,22,35.010193,-90.00763,No Injury,Pedestrian,Not Intersection-Unknown,Intersection-Related,Dark-Not Lighted,Angle,Other,1,True,,,,,,,1206.144714,HESTER RD,0.118192854,30,2,B,MEMPHIS,SHELBY,72409,0.1181928535607565,City of Memphis,city_residual,city: no state-route overlap,HESTER RD,False,False,False,City of Memphis,False,,1185.6,False,
300867946,2/19/2023,2/19/2023 0:20,2023,2,Sunday,0,35.15307,-89.88861,Suspected Serious Injury,Pedestrian,Intersection-Unknown,Intersection,Dark-Lighted,Not Collision with Motor Vehicle in Transport,Pedestrian,1,True,SUMMER AVE,Principal Arterial,40.0,7.0,1,5.0,2.927612082,N WHITE STATION RD,0.044724513,40,5,B,MEMPHIS,SHELBY,51458,0.0447245129595817,City of Memphis,city_residual,city: no state-route overlap,N WHITE STATION RD,False,False,True,City of Memphis,True,13895,21.4,False,yes
300862832,1/24/2023,1/24/2023 16:05,2023,1,Tuesday,16,35.02104,-89.98982,Unknown,Pedestrian,Intersection-On Roadway not in Crosswalk,Intersection,Daylight,Not Collision with Motor Vehicle in Transport,Pedestrian,1,True,E SHELBY DR,Principal Arterial,40.0,7.0,175,3.0,5.227872065,AIRWAYS BLVD,0.345976528,45,7,B,MEMPHIS,SHELBY,53447,0.3459765280279479,City of Memphis,city_residual,city: no state-route overlap,AIRWAYS BLVD,False,False,False,City of Memphis,True,6516,24.9,False,yes
300862344,1/22/2023,1/22/2023 1:30,2023,1,Sunday,1,35.083305,-90.01855,Possible Injury,Pedestrian,Not Intersection-On Roadway Not In Crosswalk,Intersection,Dark-Lighted,Not Collision with Motor Vehicle in Transport,Pedestrian,1,True,ELVIS PRESLEY BLVD,Minor Arterial,40.0,4.0,3,6.0,0.025171471,NORRIS RD,0.124507636,40,4,B,MEMPHIS,SHELBY,50977,0.124507636430282,City of Memphis,city_residual,city: no state-route overlap,NORRIS RD,False,False,False,City of Memphis,False,4281,0.9,True,
300861852,1/18/2023,1/18/2023 17:32,2023,1,Wednesday,17,35.085995,-89.96237,Possible Injury,Pedestrian,Intersection-On Roadway Crosswalk availability Unknown,Intersection-Related,Dark-Not Lighted,Not Collision with Motor Vehicle in Transport,Pedestrian,1,True,LAMAR AVE,Principal Arterial,40.0,5.0,4,4.0,3.295591925,SEMMES ST,0.207648042,30,5,B,MEMPHIS,SHELBY,82735,0.2076480421632787,City of Memphis,city_residual,city: no state-route overlap,SEMMES ST,False,False,True,City of Memphis,True,8532,15.5,False,yes
300862589,1/23/2023,1/23/2023 8:00,2023,1,Monday,8,35.057922,-90.08071,Suspected Minor Injury,Other Non-Motorist,Unknown,AccelDecelLane,Daylight,Not Collision with Motor Vehicle in Transport,Pedestrian,2,True,,,,,,,1901.086915,FORD RD,11.83755898,35,2,B,MEMPHIS,SHELBY,71856,11.837558977411094,City of Memphis,city_residual,city: no state-route overlap,FORD RD,False,False,False,City of Memphis,False,,1879.7,False,
300867963,2/16/2023,2/16/2023 18:00,2023,2,Thursday,18,35.145138,-90.031746,Possible Injury,Pedestrian,Intersection-Unknown,Unknown,Unknown,Unknown,Other,1,True,,,,,,,740.9813599,POPLAR AVE,34.89043561,40,7,B,MEMPHIS,SHELBY,50350,34.890435607312114,City of Memphis,city_residual,city: no state-route overlap,POPLAR AVE,False,False,False,City of Memphis,True,,97.7,True,no_signal_coverage
300862887,1/23/2023,1/23/2023 17:48,2023,1,Monday,17,35.062195,-89.85703,Suspected Serious Injury,Pedestrian,Intersection-In Crosswalk,Intersection,Dawn,Not Collision with Motor Vehicle in Transport,Pedestrian,1,True,,,,,,,961.0805312,BELLE FOREST DR,0.994038701,30,2,B,MEMPHIS,SHELBY,26254,0.9940387012963888,City of Memphis,city_residual,city: no state-route overlap,BELLE FOREST DR,False,False,False,City of Memphis,True,15798,811.9,False,no
300867496,2/16/2023,2/16/2023 18:10,2023,2,Thursday,18,35.158142,-90.01176,Suspected Minor Injury,Pedestrian,Intersection-On Roadway not in Crosswalk,AccelDecelLane,Dark-Not Lighted,Not Collision with Motor Vehicle in Transport,Pedestrian,1,True,JACKSON AVE,Principal Arterial,35.0,4.0,14,7.0,4.859198921,JACKSON AVE,0.251910251,35,4,B,MEMPHIS,SHELBY,46790,0.2519102505700054,TDOT state route,state_route_overlap,"state route: 100% overlap, name=JACKSON",JACKSON AVE,False,False,False,TDOT state route,True,5262,6.4,False,yes
300864461,1/21/2023,1/21/2023 23:19,2023,1,Saturday,23,35.083454,-90.02569,Possible Injury,Pedestrian,Not Intersection-Adjacent to Roadway,Entrance/Exit Ramp Related,Dark-Not Lighted,Not Collision with Motor Vehicle in Transport,Pedestrian,1,True,,,,,,,649.863081,NORRIS RD,0.293261225,40,5,B,MEMPHIS,SHELBY,50953,0.2932612253290505,City of Memphis,city_residual,city: no state-route overlap,NORRIS RD,False,False,False,City of Memphis,False,,49.4,False,
300862673,1/23/2023,1/23/2023 19:30,2023,1,Monday,19,35.21309,-90.00359,Possible Injury,Pedestrian,Intersection-In Crosswalk,Intersection,Dark-Lighted,Not Collision with Motor Vehicle in Transport,Pedestrian,1,True,,,,,,,2247.451389,N WATKINS ST,1.40016289,40,5,B,MEMPHIS,SHELBY,49874,1.4001628901699723,City of Memphis,city_residual,city: no state-route overlap,N WATKINS ST,False,False,False,City of Memphis,True,6123,2235.9,False,no
300862268,1/21/2023,1/21/2023 15:50,2023,1,Saturday,15,35.20146,-90.007744,Suspected Minor Injury,Pedestrian,Not Intersection-On Roadway Not In Crosswalk,Intersection-Related,Daylight,Angle,Other,1,True,,,,,,,2386.900657,OBERLE AVE,0.564601813,30,2,B,MEMPHIS,SHELBY,2753,0.5646018125836212,City of Memphis,city_residual,city: no state-route overlap,OBERLE AVE,False,False,False,City of Memphis,False,5750,907.7,True,
300865750,2/8/2023,2/8/2023 0:20,2023,2,Wednesday,0,35.0533,-89.99128,Suspected Serious Injury,Pedestrian,Not Intersection-On Roadway Not In Crosswalk,Non-Junction,Dark-Lighted,Not Collision with Motor Vehicle in Transport,Pedestrian,1,True,,,,,,,3069.112008,WINCHESTER RD,0.243055541,40,7,B,MEMPHIS,SHELBY,49820,0.2430555409906003,City of Memphis,city_residual,city: no state-route overlap,WINCHESTER RD,False,False,False,City of Memphis,False,6526,22.1,True,
300866299,2/10/2023,2/10/2023 14:21,2023,2,Friday,14,35.021023,-90.00753,Possible Injury,Pedestrian,Intersection-Not on Roadway,Intersection,Daylight,Angle,Other,1,True,E SHELBY DR,Minor Arterial,40.0,7.0,175,3.0,4.930182143,MILLBRANCH RD,0.103314559,40,7,B,MEMPHIS,SHELBY,49769,0.1033145587826636,City of Memphis,city_residual,city: no state-route overlap,MILLBRANCH RD,False,False,True,City of Memphis,True,5011,16.3,False,yes
300864254,1/30/2023,1/30/2023 20:40,2023,1,Monday,20,35.1069,-90.02119,Suspected Minor Injury,Pedestrian,Not Intersection-On Roadway Crosswalk Availability Unknown,Intersection,Dark-Lighted,Not Collision with Motor Vehicle in Transport,Pedestrian,1,True,ELVIS PRESLEY BLVD,Minor Arterial,40.0,4.0,3,4.0,1.141694593,KERR AVE,0.055307322,35,3,B,MEMPHIS,SHELBY,5121,0.0553073224608662,City of Memphis,city_residual,city: no state-route overlap,KERR AVE,False,False,False,City of Memphis,False,4169,1.2,True,
300864280,1/28/2023,1/28/2023 14:35,2023,1,Saturday,14,35.0133,-90.09468,Fatal,Pedestrian,Not Intersection-On Roadway Not In Crosswalk,Non-Junction,Daylight,Not Collision with Motor Vehicle in Transport,Pedestrian,1,True,,,,,,,50.20447706,S THIRD ST,47.08365755,45,4,B,MEMPHIS,SHELBY,46461,47.08365754510185,TDOT state route,state_route_overlap,"state route: 100% overlap, name=S THIRD",S THIRD ST,False,False,False,TDOT state route,False,,236.5,False,
300863500,1/27/2023,1/27/2023 19:13,2023,1,Friday,19,35.09297,-89.93103,Suspected Serious Injury,Pedestrian,Intersection-On Roadway not in Crosswalk,AccelDecelLane,Dark-Lighted,Not Collision with Motor Vehicle in Transport,Pedestrian,1,True,,,,,,,1385.738195,KIMBALL AVE,0.352984003,40,2,B,MEMPHIS,SHELBY,5893,0.3529840027682116,City of Memphis,city_residual,city: no state-route overlap,KIMBALL AVE,False,False,False,City of Memphis,True,,1268.9,False,no_signal_coverage
300866060,2/8/2023,2/8/2023 19:00,2023,2,Wednesday,19,35.106213,-89.969765,Possible Injury,Pedestrian,Intersection-On Roadway not in Crosswalk,Non-Junction,Dark-Lighted,Not Collision with Motor Vehicle in Transport,Pedestrian,1,True,,,,,,,913.2343312,SELECT AVE,0.128320597,30,2,B,MEMPHIS,SHELBY,5397,0.1283205971197779,City of Memphis,city_residual,city: no state-route overlap,SELECT AVE,False,False,False,City of Memphis,True,,1188.0,False,no_signal_coverage
300864284,1/31/2023,1/31/2023 17:30,2023,1,Tuesday,17,35.15775,-90.02433,Possible Injury,Pedestrian,Not Intersection-Unknown,Non-Junction,Daylight,Not Collision with Motor Vehicle in Transport,Other,1,True,,,,,,,51.37163207,JACKSON AVE,55.93538956,35,5,B,MEMPHIS,SHELBY,46761,55.93538956051814,TDOT state route,state_route_overlap,"state route: 100% overlap, name=JACKSON",JACKSON AVE,False,False,False,TDOT state route,False,,109.7,False,
300863228,1/26/2023,1/26/2023 16:20,2023,1,Thursday,16,35.122772,-89.99094,Possible Injury,Pedestrian,Not Intersection-On Roadway Not In Crosswalk,Intersection,Dawn,Not Collision with Motor Vehicle in Transport,Pedestrian,1,True,,,,,,,607.218618,EVELYN AVE,0.562256017,30,2,B,MEMPHIS,SHELBY,4258,0.5622560170801704,City of Memphis,city_residual,city: no state-route overlap,EVELYN AVE,False,False,False,City of Memphis,False,6751,684.1,True,
300863989,1/30/2023,1/30/2023 6:50,2023,1,Monday,6,35.175808,-89.76771,No Injury,Pedestrian,Not Intersection-Outside Traffic,Intersection-Related,Daylight,Not Collision with Motor Vehicle in Transport,Other,1,True,,,,,,,2301.310961,OVERLEA CV,0.482769752,25,2,B,MEMPHIS,SHELBY,15910,0.4827697515260052,City of Memphis,city_residual,city: no state-route overlap,OVERLEA CV,False,False,False,City of Memphis,False,,2282.1,False,
300867018,2/14/2023,2/14/2023 18:05,2023,2,Tuesday,18,35.135986,-90.020706,Suspected Serious Injury,Pedestrian,Intersection-On Roadway Crosswalk availability Unknown,Intersection,Dark-Lighted,Not Collision with Motor Vehicle in Transport,Pedestrian,1,True,S BELLEVUE BLVD,Major Collector,35.0,4.0,3,6.0,0.066453176,EASTMORELAND AVE,0.227406251,30,2,B,MEMPHIS,SHELBY,3726,0.2274062506235155,City of Memphis,city_residual,city: no state-route overlap,EASTMORELAND AVE,False,False,True,City of Memphis,True,,151.2,False,no_signal_coverage
300873679,3/16/2023,3/16/2023 21:30,2023,3,Thursday,21,35.10955,-90.021736,Possible Injury,Pedestrian,Not Intersection-On Roadway Not In Crosswalk,Crossover-Related,Dark-Lighted,Not Collision with Motor Vehicle in Transport,Pedestrian,1,True,ELVIS PRESLEY BLVD,Minor Arterial,35.0,5.0,3,4.0,1.237786142,S PARKWAY E,0.173326584,35,5,B,MEMPHIS,SHELBY,53274,0.1733265836224657,City of Memphis,city_residual,city: no state-route overlap,S PARKWAY E,False,False,False,City of Memphis,False,4130,297.0,True,
300870763,3/3/2023,3/3/2023 8:30,2023,3,Friday,8,35.149506,-89.90439,Possible Injury,Pedestrian,Intersection-In Crosswalk,Intersection,Daylight,Not Collision with Motor Vehicle in Transport,Pedestrian,1,True,,,,,,,91.61969893,SUMMER AVE,96.2761848,40,7,B,MEMPHIS,SHELBY,47110,96.27618480023014,TDOT state route,state_route_overlap,"state route: 100% overlap, name=SUMMER",SUMMER AVE,False,False,False,TDOT state route,True,,184.4,True,no_signal_coverage
300869507,2/25/2023,2/25/2023 10:00,2023,2,Saturday,10,35.151417,-89.98071,Possible Injury,Pedestrian,Intersection-In Crosswalk,Intersection,Daylight,Not Collision with Motor Vehicle in Transport,Pedestrian,1,True,,,,,,,41.71929117,N TREZEVANT ST,40.90126638,40,4,B,MEMPHIS,SHELBY,48089,40.90126637663226,TDOT state route,state_route_overlap,"state route: 100% overlap, name=N TREZEVANT",N TREZEVANT ST,False,False,False,TDOT state route,True,,57.5,True,no_signal_coverage
300871066,3/4/2023,3/4/2023 10:08,2023,3,Saturday,10,35.091415,-89.90695,No Injury,Pedestrian,Not Intersection-Outside Traffic,Intersection,Daylight,Angle,Other,1,True,,,,,,,2530.603829,S PERKINS RD,0.375698914,35,4,B,MEMPHIS,SHELBY,51498,0.3756989138415835,City of Memphis,city_residual,city: no state-route overlap,S PERKINS RD,False,False,False,City of Memphis,False,12309,1356.3,True,
300870152,2/28/2023,2/28/2023 23:10,2023,2,Tuesday,23,35.083065,-89.93171,Suspected Serious Injury,Pedestrian,Not Intersection-On Roadway Not In Crosswalk,Non-Junction,Dark-Lighted,Not Collision with Motor Vehicle in Transport,Pedestrian,1,True,,,,,,,288.9813947,GETWELL RD,41.04552474,40,7,B,MEMPHIS,SHELBY,53672,41.04552473585913,City of Memphis,city_residual,city: no state-route overlap,GETWELL RD,False,False,False,City of Memphis,False,,170.5,False,
300870798,3/1/2023,3/1/2023 20:20,2023,3,Wednesday,20,35.02046,-90.0481,Fatal,Pedestrian,Not Intersection-On Roadway Not In Crosswalk,Non-Junction,Dark-Not Lighted,Not Collision with Motor Vehicle in Transport,Pedestrian,1,True,,,,,,,46.24652006,DALTON RD,23.87292983,30,2,B,MEMPHIS,SHELBY,74803,23.872929831050197,City of Memphis,city_residual,city: no state-route overlap,DALTON RD,False,False,False,City of Memphis,False,,2111.8,False,
300870841,3/2/2023,3/2/2023 21:25,2023,3,Thursday,21,35.050034,-89.86632,No Injury,Other Non-Motorist,Not Intersection-On Roadway Not In Crosswalk,Intersection,Dark-Lighted,Angle,Other,1,True,,,,,,,2540.978528,WINCHESTER RD,1.413892855,45,7,B,MEMPHIS,SHELBY,53043,1.4138928546929257,City of Memphis,city_residual,city: no state-route overlap,WINCHESTER RD,False,False,False,City of Memphis,False,15093,22.9,True,
300871117,3/5/2023,3/5/2023 1:05,2023,3,Sunday,1,35.18188,-89.79283,Possible Injury,Pedestrian,Not Intersection-On Roadway Not In Crosswalk,Non-Junction,Dark-Unknown Lighting,Not Collision with Motor Vehicle in Transport,Pedestrian,1,True,N GERMANTOWN PKWY,Principal Arterial,50.0,6.0,177,1.0,0.201829117,AMBERGATE LN,0.327862581,30,2,B,MEMPHIS,SHELBY,44146,0.3278625814092176,City of Memphis,city_residual,city: no state-route overlap,AMBERGATE LN,False,False,False,City of Memphis,False,21320,17.8,True,
300871977,3/8/2023,3/8/2023 17:05,2023,3,Wednesday,17,35.100784,-89.97206,Possible Injury,Pedestrian,Intersection-On Roadway not in Crosswalk,Intersection,Dawn,Not Collision with Motor Vehicle in Transport,Pedestrian,1,True,,,,,,,292.5923937,BARRON AVE,0.217343742,35,2,B,MEMPHIS,SHELBY,51036,0.2173437423442568,City of Memphis,city_residual,city: no state-route overlap,BARRON AVE,False,False,False,City of Memphis,True,,603.6,False,no_signal_coverage
300874516,3/21/2023,3/21/2023 15:45,2023,3,Tuesday,15,35.139824,-89.80343,Possible Injury,Pedestrian,Intersection-On Roadway not in Crosswalk,Intersection-Related,Daylight,Not Collision with Motor Vehicle in Transport,Pedestrian,1,True,,,,,,,701.172177,TRINITY RD,0.360625581,45,3,B,MEMPHIS,SHELBY,51741,0.3606255809634147,City of Memphis,city_residual,city: no state-route overlap,TRINITY RD,False,False,False,City of Memphis,True,,673.7,False,no_signal_coverage
300864056,1/23/2023,1/23/2023 20:15,2023,1,Monday,20,35.050297,-89.87499,No Injury,Pedestrian,Not Intersection-Outside Traffic,AccelDecelLane,Dark-Lighted,Not Collision with Motor Vehicle in Transport,Other,1,True,,,,,,,2918.62989,WINCHESTER RD,0.225451555,45,7,B,MEMPHIS,SHELBY,49423,0.2254515550771499,City of Memphis,city_residual,city: no state-route overlap,WINCHESTER RD,False,False,False,City of Memphis,False,14502,17.2,True,
300870580,3/2/2023,3/2/2023 20:15,2023,3,Thursday,20,35.137314,-89.994194,Suspected Serious Injury,Pedestrian,Intersection-In Crosswalk,Intersection,Dark-Lighted,Not Collision with Motor Vehicle in Transport,Pedestrian,1,True,,,,,,,297.3456599,N MORRISON ST,23.37284014,30,2,B,MEMPHIS,SHELBY,81577,23.372840139657228,City of Memphis,city_residual,city: no state-route overlap,N MORRISON ST,False,False,False,City of Memphis,True,,492.8,True,no_signal_coverage
300868788,2/23/2023,2/23/2023 3:15,2023,2,Thursday,3,35.226337,-90.02248,Possible Injury,Pedestrian,Not Intersection-On Roadway Not In Crosswalk,Non-Junction,Dark-Lighted,Not Collision with Motor Vehicle in Transport,Pedestrian,1,True,THOMAS ST,,40.0,2.0,3,7.0,2.078909298,CRESTON AVE,0.285496691,30,2,B,MEMPHIS,SHELBY,2698,0.2854966907708918,City of Memphis,city_residual,city: no state-route overlap,CRESTON AVE,False,False,False,City of Memphis,False,,927.1,False,
300868671,2/20/2023,2/20/2023 20:00,2023,2,Monday,20,35.142185,-89.913795,Possible Injury,Pedestrian,Not Intersection-Adjacent to Roadway,"Driveway, Alley Access, etc",Dark-Unknown Lighting,Other,Other,1,True,,,,,,,742.3751023,SEQUOIA AVE,29.3899893,30,2,B,MEMPHIS,SHELBY,6110,29.3899892997159,City of Memphis,city_residual,city: no state-route overlap,SEQUOIA AVE,False,False,False,City of Memphis,False,,756.9,False,
300873572,3/16/2023,3/16/2023 21:09,2023,3,Thursday,21,35.067947,-89.84247,Suspected Serious Injury,Pedestrian,Not Intersection-On Roadway Not In Crosswalk,Non-Junction,Daylight,Not Collision with Motor Vehicle in Transport,Pedestrian,1,True,,,,,,,147.7729111,QUINCE RD,40.19463856,45,4,B,MEMPHIS,SHELBY,52744,40.19463855669692,City of Memphis,city_residual,city: no state-route overlap,QUINCE RD,False,False,False,City of Memphis,False,,138.7,False,
300869980,2/28/2023,2/28/2023 7:30,2023,2,Tuesday,7,35.09506,-90.07175,Suspected Serious Injury,Pedestrian,Intersection-In Crosswalk,Non-Junction,Daylight,Not Collision with Motor Vehicle in Transport,Pedestrian,1,True,,,,,,,1440.63273,JOUBERT AVE,50.1376215,30,2,B,MEMPHIS,SHELBY,4596,50.13762149855598,City of Memphis,city_residual,city: no state-route overlap,JOUBERT AVE,False,False,False,City of Memphis,True,,901.5,True,no_signal_coverage
300869437,2/25/2023,2/25/2023 21:29,2023,2,Saturday,21,35.053326,-90.02045,Possible Injury,Pedestrian,Intersection-On Roadway not in Crosswalk,Intersection,Dark-Lighted,Not Collision with Motor Vehicle in Transport,Pedestrian,1,True,,,,,,,418.3747235,ROYAL OAKS CV,62.58265035,35,2,B,MEMPHIS,SHELBY,15075,62.58265034707945,City of Memphis,city_residual,city: no state-route overlap,ROYAL OAKS CV,False,False,False,City of Memphis,True,,406.9,True,no_signal_coverage
300869117,2/20/2023,2/20/2023 18:30,2023,2,Monday,18,35.06238,-89.90577,Possible Injury,Pedestrian,Intersection-On Roadway not in Crosswalk,Intersection,Dawn,Not Collision with Motor Vehicle in Transport,Pedestrian,1,True,,,,,,,2133.192353,S PERKINS RD,0.212929174,40,2,FT,MEMPHIS,SHELBY,49376,0.2129291738117823,City of Memphis,city_residual,city: no state-route overlap,S PERKINS RD,False,False,False,City of Memphis,True,12294,16.9,False,yes
300871759,3/8/2023,3/8/2023 0:15,2023,3,Wednesday,0,35.127785,-89.94525,Suspected Serious Injury,Pedestrian,Intersection-In Crosswalk,Intersection,Dark-Lighted,Not Collision with Motor Vehicle in Transport,Pedestrian,1,True,POPLAR AVE,Principal Arterial,40.0,7.0,57,5.0,4.826539638,POPLAR AVE,0.36878074,40,7,B,MEMPHIS,SHELBY,48496,0.3687807402716993,TDOT state route,state_route_overlap,"state route: 100% overlap, name=POPLAR",POPLAR AVE,False,False,False,TDOT state route,True,9787,21.0,False,yes