MstrRecNbrTxt,CollisionDate,CollisionDteTime,YearNmb,Month,DayOfWeek,Hour,Latitude,Longitude,InjuryClass,PersonType,NonMotoristLocation,RelationToJunction,LightCondition,MannerOfCollision,FirstHarmfulEvent,VictimsInCrash,InMemphis,StateRoute_NAME,StateRoute_F_System,StateRoute_SPDLIMIT,StateRoute_LANES,StateRoute_ALTNAME_1,StateRoute_Council_District,DistToStateRoute_m,Street_Name,DistToStreet_m,Street_SPDLIMIT,Street_LANES,Street_ONEWAY,Street_CITY_L,Street_COUNTY_L,Seg_OBJECTID,DistToSeg_m,Ownership,Rule_Fired,Classification_Basis,Matched_Street,is_limited_access,is_override,is_corner_case,Jurisdiction_prev,at_intersection,intersection_node_id,nearest_ped_signal_m,is_ambiguous_intersection,intersection_signalized
300893873,6/18/2023,6/18/2023 21:10,2023,6,Sunday,21,35.1949,-89.83339,Suspected Minor Injury,Pedestrian,Not Intersection-On Roadway Not In Crosswalk,Non-Junction,Dark-Lighted,Not Collision with Motor Vehicle in Transport,Pedestrian,1,True,,,,,,,1145.459809,COUNTRY HAVEN DR,26.53530377,30,2,B,MEMPHIS,SHELBY,32477,26.53530376909041,City of Memphis,city_residual,city: no state-route overlap,COUNTRY HAVEN DR,False,False,False,City of Memphis,False,,803.3,False,
300893100,6/15/2023,6/15/2023 2:00,2023,6,Thursday,2,35.156994,-90.03326,Possible Injury,Pedestrian,Intersection-On Roadway not in Crosswalk,AccelDecelLane,Dark-Lighted,Not Collision with Motor Vehicle in Transport,Pedestrian,1,True,JACKSON AVE,Principal Arterial,35.0,4.0,14,7.0,4.730803509,JACKSON AVE,0.117234175,35,4,B,MEMPHIS,SHELBY,46706,0.1172341748416402,TDOT state route,state_route_overlap,"state route: 100% overlap, name=JACKSON",JACKSON AVE,False,False,False,TDOT state route,True,3441,1.4,False,yes
300891062,6/5/2023,6/5/2023 0:15,2023,6,Monday,0,35.040165,-90.03468,Suspected Serious Injury,Pedestrian,Not Intersection-On Roadway Not In Crosswalk,Non-Junction,Dark-Lighted,Not Collision with Motor Vehicle in Transport,Pedestrian,1,True,,,,,,,870.2246234,AUBURN RD,26.37339805,35,2,B,MEMPHIS,SHELBY,72310,26.373398050064264,City of Memphis,city_residual,city: no state-route overlap,AUBURN RD,False,False,False,City of Memphis,False,,971.1,False,
300893127,6/14/2023,6/14/2023 10:35,2023,6,Wednesday,10,35.15142,-89.910805,Possible Injury,Pedestrian,Intersection-Unknown,Non-Junction,Daylight,Not Collision with Motor Vehicle in Transport,Pedestrian,1,True,,,,,,,288.5149399,TUTWILER AVE,23.17553432,35,2,B,MEMPHIS,SHELBY,6140,23.175534320604847,City of Memphis,city_residual,city: no state-route overlap,TUTWILER AVE,False,False,False,City of Memphis,True,,299.6,True,no_signal_coverage
300894406,6/21/2023,6/21/2023 17:47,2023,6,Wednesday,17,35.057674,-89.933235,Possible Injury,Pedestrian,Not Intersection-On Roadway Not In Crosswalk,AccelDecelLane,Daylight,Not Collision with Motor Vehicle in Transport,Pedestrian,1,True,LAMAR AVE,Principal Arterial,40.0,6.0,4,4.0,11.73702303,LAMAR AVE,8.647681324,40,6,B,MEMPHIS,SHELBY,46416,8.647681323553016,TDOT state route,state_route_overlap,"state route: 100% overlap, name=LAMAR",LAMAR AVE,False,False,False,TDOT state route,False,,54.6,False,
300891647,6/7/2023,6/7/2023 20:40,2023,6,Wednesday,20,35.14941,-89.94455,Possible Injury,Pedestrian,Not Intersection-On Roadway Not In Crosswalk,Intersection-Related,Dark-Lighted,Not Collision with Motor Vehicle in Transport,Pedestrian,1,True,SUMMER AVE,Principal Arterial,35.0,5.0,1,5.0,10.87375084,N HIGHLAND ST,2.600271625,40,5,B,MEMPHIS,SHELBY,52440,2.600271624813377,City of Memphis,city_residual,city: no state-route overlap,N HIGHLAND ST,False,False,False,City of Memphis,False,9898,3.0,True,
300893681,6/18/2023,6/18/2023 0:30,2023,6,Sunday,0,35.139973,-90.05351,Possible Injury,Pedestrian,Intersection-In Crosswalk,Intersection,Dark-Lighted,Not Collision with Motor Vehicle in Transport,Pedestrian,1,True,S SECOND ST,Minor Arterial,35.0,3.0,14,6.0,1.244944604,BEALE ST,0.106699222,30,2,B,MEMPHIS,SHELBY,80512,0.1066992217472858,City of Memphis,city_residual,city: no state-route overlap,BEALE ST,False,False,True,City of Memphis,True,,438.9,False,no_signal_coverage
300892397,6/11/2023,6/11/2023 3:00,2023,6,Sunday,3,35.167816,-89.864105,Suspected Minor Injury,Pedestrian,Intersection-On Roadway not in Crosswalk,Intersection-Related,Dark-Lighted,Not Collision with Motor Vehicle in Transport,Pedestrian,1,True,,,,,,,603.746547,SYCAMORE VIEW RD,3.025673207,45,7,B,MEMPHIS,SHELBY,51746,3.0256732067834404,City of Memphis,city_residual,city: no state-route overlap,SYCAMORE VIEW RD,False,False,False,City of Memphis,True,,49.7,True,no_signal_coverage
300899036,7/15/2023,7/15/2023 11:39,2023,7,Saturday,11,35.124573,-90.054924,Suspected Serious Injury,Pedestrian,Intersection-On Roadway not in Crosswalk,Non-Junction,Daylight,Not Collision with Motor Vehicle in Transport,Pedestrian,1,True,S THIRD ST,Principal Arterial,35.0,5.0,14,6.0,0.316198073,E E H CRUMP BLVD,0.144499006,40,6,B,MEMPHIS,SHELBY,46937,0.144499005909844,TDOT state route,state_route_overlap,"state route: 100% overlap, name=E E H CRUMP",E E H CRUMP BLVD,False,False,False,TDOT state route,True,,0.4,False,no_signal_coverage
300897159,7/6/2023,7/6/2023 8:15,2023,7,Thursday,8,35.083622,-89.85254,Possible Injury,Pedestrian,Not Intersection-Adjacent to Roadway,OtherLocation,Daylight,Not Collision with Motor Vehicle in Transport,Pedestrian,1,True,,,,,,,1242.842127,HADDINGTON DR,0.124571224,35,2,B,MEMPHIS,SHELBY,48883,0.1245712236218177,City of Memphis,city_residual,city: no state-route overlap,HADDINGTON DR,False,False,False,City of Memphis,False,,605.4,False,
300895751,6/18/2023,6/18/2023 22:10,2023,6,Sunday,22,35.056656,-89.906395,Possible Injury,Pedestrian,Intersection-On Roadway not in Crosswalk,AccelDecelLane,Dark-Lighted,Not Collision with Motor Vehicle in Transport,Pedestrian,1,True,,,,,,,1669.529723,CHUCK AVE,0.277899491,30,2,B,MEMPHIS,SHELBY,2147,0.2778994911362082,City of Memphis,city_residual,city: no state-route overlap,CHUCK AVE,False,False,False,City of Memphis,True,12239,624.9,False,no
300896267,6/29/2023,6/29/2023 5:00,2023,6,Thursday,5,35.16288,-89.94855,Suspected Serious Injury,Pedestrian,Not Intersection-In Parking Lane,AccelDecelLane,Dawn,Not Collision with Motor Vehicle in Transport,Pedestrian,1,True,,,,,,,421.6707468,MACON RD,22.97551693,35,3,B,MEMPHIS,SHELBY,51204,22.975516931532585,City of Memphis,city_residual,city: no state-route overlap,MACON RD,False,False,False,City of Memphis,False,,461.4,False,
300896546,7/2/2023,7/2/2023 18:11,2023,7,Sunday,18,35.109516,-90.03287,No Injury,Pedestrian,Not Intersection-Other Not On Roadway,Non-Junction,Daylight,Not Collision with Motor Vehicle in Transport,Other,1,True,,,,,,,1012.290551,RIDGEWAY ST,29.24535491,30,2,B,MEMPHIS,SHELBY,82307,29.245354912454324,City of Memphis,city_residual,city: no state-route overlap,RIDGEWAY ST,False,False,False,City of Memphis,False,,211.7,False,
300899096,7/16/2023,7/16/2023 21:01,2023,7,Sunday,21,35.074577,-89.93171,Possible Injury,Pedestrian,Not Intersection-On Roadway Not In Crosswalk,Non-Junction,Dark-Lighted,Not Collision with Motor Vehicle in Transport,Pedestrian,1,True,GETWELL RD,Principal Arterial,40.0,7.0,176,4.0,0.685232204,ALLENBROOKE CV,0.177012579,25,2,B,MEMPHIS,SHELBY,14428,0.1770125791924282,City of Memphis,city_residual,city: no state-route overlap,ALLENBROOKE CV,False,False,False,City of Memphis,False,,204.3,False,
300899106,7/16/2023,7/16/2023 19:32,2023,7,Sunday,19,35.05417,-90.00857,Possible Injury,Pedestrian,Not Intersection-On Roadway Not In Crosswalk,OtherLocation,Daylight,Not Collision with Motor Vehicle in Transport,Pedestrian,1,True,,,,,,,1494.958809,WINCHESTER RD,43.44325419,40,7,B,MEMPHIS,SHELBY,49753,43.44325419391566,City of Memphis,city_residual,city: no state-route overlap,WINCHESTER RD,False,False,False,City of Memphis,False,,104.1,False,
300897890,7/8/2023,7/8/2023 10:00,2023,7,Saturday,10,35.23399,-89.89301,Possible Injury,Pedestrian,Intersection-On Roadway not in Crosswalk,Non-Junction,Daylight,Not Collision with Motor Vehicle in Transport,Pedestrian,1,True,,,,,,,62.98969239,NEW COVINGTON PIKE,65.95150793,45,5,B,MEMPHIS,SHELBY,48076,65.95150792571387,TDOT state route,state_route_overlap,"state route: 100% overlap, name=NEW COVINGTON",NEW COVINGTON PIKE,False,False,False,TDOT state route,True,,56.9,True,no_signal_coverage
300895277,6/23/2023,6/23/2023 21:30,2023,6,Friday,21,35.034973,-89.85636,Possible Injury,Pedestrian,Intersection-On Roadway not in Crosswalk,AccelDecelLane,Dark-Not Lighted,Not Collision with Motor Vehicle in Transport,Pedestrian,1,True,,,,,,,1616.154541,E RAINES RD,0.266660562,40,7,B,MEMPHIS,SHELBY,49470,0.2666605623444302,City of Memphis,city_residual,city: no state-route overlap,E RAINES RD,False,False,False,City of Memphis,True,15743,1625.0,False,no
300898712,7/14/2023,7/14/2023 11:00,2023,7,Friday,11,35.14909,-89.88815,Possible Injury,Pedestrian,Intersection-Not on Roadway,Non-Junction,Daylight,Not Collision with Motor Vehicle in Transport,Pedestrian,1,True,,,,,,,339.1461475,N WHITE STATION RD,0.033967373,40,5,B,MEMPHIS,SHELBY,52710,0.0339673732988206,City of Memphis,city_residual,city: no state-route overlap,N WHITE STATION RD,False,False,False,City of Memphis,True,,422.2,False,no_signal_coverage
300895064,6/25/2023,6/25/2023 11:40,2023,6,Sunday,11,35.104286,-90.0395,Possible Injury,Pedestrian,Not Intersection-Adjacent to Roadway,Non-Junction,Daylight,Not Collision with Motor Vehicle in Transport,Pedestrian,1,True,,,,,,,1453.769452,GABAY ST,17.12453532,30,2,B,MEMPHIS,SHELBY,82222,17.1245353211173,City of Memphis,city_residual,city: no state-route overlap,GABAY ST,False,False,False,City of Memphis,False,,1005.2,False,
300895302,6/26/2023,6/26/2023 13:26,2023,6,Monday,13,35.144222,-90.03253,Possible Injury,Pedestrian,Intersection-On Roadway Crosswalk availability Unknown,Intersection,Daylight,Not Collision with Motor Vehicle in Transport,Pedestrian,1,True,,,,,,,631.0840408,N DUNLAP ST,37.07814265,30,5,B,MEMPHIS,SHELBY,80760,37.07814265129005,City of Memphis,city_residual,city: no state-route overlap,N DUNLAP ST,False,False,False,City of Memphis,True,,152.9,True,no_signal_coverage
300896830,7/4/2023,7/4/2023 10:29,2023,7,Tuesday,10,35.06469,-89.92145,No Injury,Pedestrian,Intersection-Not on Roadway,Non-Junction,Daylight,Not Collision with Motor Vehicle in Transport,Other,1,True,,,,,,,944.3524784,KNIGHT ARNOLD RD,0.147452244,40,5,B,MEMPHIS,SHELBY,49345,0.1474522443017039,City of Memphis,city_residual,city: no state-route overlap,KNIGHT ARNOLD RD,False,False,False,City of Memphis,True,,1038.4,False,no_signal_coverage
300894881,6/23/2023,6/23/2023 20:54,2023,6,Friday,20,35.11341,-89.99694,Possible Injury,Pedestrian,Intersection-On Roadway not in Crosswalk,Intersection-Related,Dark-Lighted,Not Collision with Motor Vehicle in Transport,Other,1,True,,,,,,,47.87213345,LAPALOMA ST,7.030459497,30,2,B,MEMPHIS,SHELBY,81377,7.030459496611646,City of Memphis,city_residual,city: no state-route overlap,LAPALOMA ST,False,False,False,City of Memphis,True,,284.9,False,no_signal_coverage
300895017,6/25/2023,6/25/2023 0:53,2023,6,Sunday,0,35.10511,-90.055145,Fatal,Pedestrian,Not Intersection-On Roadway Not In Crosswalk,Non-Junction,Dark-Lighted,Not Collision with Motor Vehicle in Transport,Pedestrian,1,True,S THIRD ST,Principal Arterial,40.0,4.0,14,6.0,25.22585544,S THIRD ST,24.8123965,40,4,B,MEMPHIS,SHELBY,46928,24.81239649535939,TDOT state route,state_route_overlap,"state route: 100% overlap, name=S THIRD",S THIRD ST,False,False,False,TDOT state route,False,,261.3,False,
300898226,7/12/2023,7/12/2023 2:50,2023,7,Wednesday,2,35.07273,-89.94744,Suspected Serious Injury,Pedestrian,Intersection-In Crosswalk,Intersection,Dark-Lighted,Not Collision with Motor Vehicle in Transport,Pedestrian,1,True,LAMAR AVE,Principal Arterial,40.0,7.0,4,4.0,7.865731506,LAMAR AVE,5.539191486,40,7,B,MEMPHIS,SHELBY,47856,5.539191486219165,TDOT state route,state_route_overlap,"state route: 100% overlap, name=LAMAR",LAMAR AVE,False,False,False,TDOT state route,True,9488,15.3,False,yes
300897793,7/9/2023,7/9/2023 15:30,2023,7,Sunday,15,35.054176,-89.85734,Suspected Minor Injury,Pedestrian,Not Intersection-On Roadway Not In Crosswalk,AccelDecelLane,Daylight,Not Collision with Motor Vehicle in Transport,Pedestrian,4,True,,,,,,,1786.847521,RIDGEWAY RD,0.949086501,45,5,B,MEMPHIS,SHELBY,71372,0.9490865009395127,City of Memphis,city_residual,city: no state-route overlap,RIDGEWAY RD,False,False,False,City of Memphis,False,15741,467.0,True,
300898803,7/14/2023,7/14/2023 20:50,2023,7,Friday,20,35.006474,-89.98989,Suspected Serious Injury,Pedestrian,Not Intersection-On Roadway Not In Crosswalk,AccelDecelLane,Dark-Lighted,Not Collision with Motor Vehicle in Transport,Pedestrian,1,True,,,,,,,1621.065832,E HOLMES RD,0.073745028,40,2,B,MEMPHIS,SHELBY,49819,0.0737450282028369,City of Memphis,city_residual,city: no state-route overlap,E HOLMES RD,False,False,False,City of Memphis,False,6449,1597.3,True,
300894928,6/23/2023,6/23/2023 21:10,2023,6,Friday,21,35.216553,-89.926605,Possible Injury,Pedestrian,Intersection-On Roadway not in Crosswalk,Intersection,Dawn,Not Collision with Motor Vehicle in Transport,Pedestrian,1,True,,,,,,,904.1628869,RALEIGH MILLINGTON RD,0.759151619,40,4,B,MEMPHIS,SHELBY,46546,0.7591516187616528,City of Memphis,city_residual,city: no state-route overlap,RALEIGH MILLINGTON RD,False,False,False,City of Memphis,True,,888.6,False,no_signal_coverage
300899471,7/18/2023,7/18/2023 18:34,2023,7,Tuesday,18,35.19989,-89.95876,Suspected Serious Injury,Pedestrian,Intersection-In Crosswalk,Intersection,Dusk,Not Collision with Motor Vehicle in Transport,Pedestrian,1,True,,,,,,,2997.34461,JAMES RD,0.343469339,45,4,B,MEMPHIS,SHELBY,53156,0.3434693385497238,City of Memphis,city_residual,city: no state-route overlap,JAMES RD,False,False,False,City of Memphis,True,,1707.6,False,no_signal_coverage
300898810,7/14/2023,7/14/2023 0:45,2023,7,Friday,0,35.033012,-90.02144,Suspected Serious Injury,Pedestrian,Not Intersection-Unknown,Unknown,Dark-Lighted,Not Collision with Motor Vehicle in Transport,Pedestrian,1,True,,,,,,,340.6193833,WESLEY DR,70.68336639,30,2,B,MEMPHIS,SHELBY,27304,70.68336639177299,City of Memphis,city_residual,city: no state-route overlap,WESLEY DR,False,False,False,City of Memphis,False,,344.1,False,
300893801,6/18/2023,6/18/2023 5:56,2023,6,Sunday,5,35.137054,-90.0195,Suspected Serious Injury,Pedestrian,Not Intersection-On Roadway Not In Crosswalk,Non-Junction,Dark-Lighted,Not Collision with Motor Vehicle in Transport,Pedestrian,1,True,UNION AVE,Principal Arterial,35.0,6.0,23,6.0,12.52090061,UNION AVE,7.939389025,35,6,B,MEMPHIS,SHELBY,46770,7.939389025033924,TDOT state route,state_route_overlap,"state route: 100% overlap, name=UNION",UNION AVE,False,False,False,TDOT state route,False,,104.5,False,
300894679,6/23/2023,6/23/2023 9:10,2023,6,Friday,9,35.109966,-90.023994,No Injury,Other Non-Motorist,Unknown,AccelDecelLane,Daylight,Angle,Other,1,True,,,,,,,201.7953135,GREENWOOD ST,30.42263831,30,2,B,MEMPHIS,SHELBY,82356,30.42263830817073,City of Memphis,city_residual,city: no state-route overlap,GREENWOOD ST,False,False,False,City of Memphis,False,,338.6,False,
300896897,7/4/2023,7/4/2023 18:42,2023,7,Tuesday,18,35.031475,-90.00801,Possible Injury,Pedestrian,Not Intersection-Adjacent to Roadway,AccelDecelLane,Daylight,Not Collision with Motor Vehicle in Transport,Pedestrian,1,True,,,,,,,1155.262021,MILLBRANCH RD,45.02062225,40,4,B,MEMPHIS,SHELBY,49777,45.02062224568561,City of Memphis,city_residual,city: no state-route overlap,MILLBRANCH RD,False,False,False,City of Memphis,False,,1143.2,False,
300902780,8/3/2023,8/3/2023 22:05,2023,8,Thursday,22,35.108753,-89.98411,Suspected Minor Injury,Pedestrian,Not Intersection-On Roadway Not In Crosswalk,Non-Junction,Dark-Lighted,Not Collision with Motor Vehicle in Transport,Pedestrian,1,True,,,,,,,71.08484541,PARK AVE,25.8396205,35,4,B,MEMPHIS,SHELBY,51017,25.839620497327115,City of Memphis,city_residual,city: no state-route overlap,PARK AVE,False,False,False,City of Memphis,False,,74.8,False,
300903844,8/8/2023,8/8/2023 15:52,2023,8,Tuesday,15,35.243404,-89.94634,Suspected Serious Injury,Pedestrian,Not Intersection-On Roadway Not In Crosswalk,Intersection,Daylight,Unknown,Other,1,True,,,,,,,4179.311043,NEW ALLEN RD,0.011418015,50,2,FT,MEMPHIS,SHELBY,53629,0.0114180152186706,City of Memphis,city_residual,city: no state-route overlap,NEW ALLEN RD,False,False,False,City of Memphis,False,,4164.7,False,
300902017,7/31/2023,7/31/2023 20:20,2023,7,Monday,20,35.086636,-90.06302,Unknown,Other Non-Motorist,Unknown,AccelDecelLane,Dark-Lighted,Not Collision with Motor Vehicle in Transport,Other,1,True,,,,,,,567.7375173,W MALLORY AVE,0.15805629,40,3,B,MEMPHIS,SHELBY,50795,0.1580562899740391,City of Memphis,city_residual,city: no state-route overlap,W MALLORY AVE,False,False,False,City of Memphis,False,1175,164.1,True,
300901100,7/26/2023,7/26/2023 14:06,2023,7,Wednesday,14,35.102528,-89.87461,No Injury,Other Non-Motorist,Unknown,OtherLocation,Daylight,Angle,Other,1,True,,,,,,,209.1419241,CRESTHAVEN RD,39.37733415,30,2,B,MEMPHIS,SHELBY,74550,39.377334145183625,City of Memphis,city_residual,city: no state-route overlap,CRESTHAVEN RD,False,False,False,City of Memphis,False,,435.9,False,
300900605,7/22/2023,7/22/2023 23:03,2023,7,Saturday,23,35.137165,-90.020584,Possible Injury,Pedestrian,Not Intersection-On Roadway Not In Crosswalk,Non-Junction,Dark-Lighted,Not Collision with Motor Vehicle in Transport,Pedestrian,1,True,S BELLEVUE BLVD,Major Collector,35.0,4.0,3,6.0,9.618515683,UNION AVE,7.555433924,35,6,B,MEMPHIS,SHELBY,46770,7.55543392412119,TDOT state route,state_route_overlap,"state route: 100% overlap, name=UNION",UNION AVE,False,False,False,TDOT state route,False,,20.0,False,
300899839,7/20/2023,7/20/2023 9:44,2023,7,Thursday,9,35.140484,-89.98288,Possible Injury,Pedestrian,Intersection-Not on Roadway,AccelDecelLane,Daylight,Angle,Other,1,True,E PARKWAY,Principal Arterial,40.0,3.0,277,5.0,3.423257972,E PARKWAY N,0.103057416,40,3,TF,MEMPHIS,SHELBY,48117,0.1030574163878771,TDOT state route,state_route_overlap,"state route: 100% overlap, name=E PARKWAY",E PARKWAY N,False,False,False,TDOT state route,True,7273,10.7,False,yes
300903891,8/9/2023,8/9/2023 19:52,2023,8,Wednesday,19,35.123707,-89.92578,Possible Injury,Pedestrian,Intersection-Unknown,Intersection,Daylight,Not Collision with Motor Vehicle in Transport,Pedestrian,1,True,POPLAR AVE,Principal Arterial,40.0,7.0,57,5.0,4.628842549,S GOODLETT ST,0.05344311,40,5,B,MEMPHIS,SHELBY,51384,0.0534431096850935,City of Memphis,city_residual,city: no state-route overlap,S GOODLETT ST,False,False,True,City of Memphis,True,11058,0.6,False,yes
300903080,8/6/2023,8/6/2023 0:00,2023,8,Sunday,0,35.136135,-90.02826,Suspected Serious Injury,Pedestrian,Not Intersection-Unknown,OtherLocation,Dark-Lighted,Not Collision with Motor Vehicle in Transport,Pedestrian,1,True,,,,,,,138.4327144,EASTMORELAND AVE,0.201233197,30,2,B,MEMPHIS,SHELBY,3644,0.2012331967064091,City of Memphis,city_residual,city: no state-route overlap,EASTMORELAND AVE,False,False,False,City of Memphis,False,,207.4,False,
300900170,7/21/2023,7/21/2023 20:55,2023,7,Friday,20,35.06083,-89.99957,Possible Injury,Pedestrian,Intersection-In Crosswalk,Intersection,Dark-Lighted,Not Collision with Motor Vehicle in Transport,Pedestrian,1,True,,,,,,,2163.42524,E BROOKS RD,1.021027796,45,7,B,MEMPHIS,SHELBY,49813,1.0210277963200711,City of Memphis,city_residual,city: no state-route overlap,E BROOKS RD,False,False,False,City of Memphis,True,5846,17.6,False,yes
300900619,7/24/2023,7/24/2023 8:10,2023,7,Monday,8,35.09933,-89.84551,Possible Injury,Pedestrian,Intersection-In Crosswalk,Intersection-Related,Daylight,Not Collision with Motor Vehicle in Transport,Pedestrian,1,True,POPLAR AVE,Principal Arterial,40.0,7.0,57,2.0,4.659546236,POPLAR AVE,0.133065775,40,7,B,MEMPHIS,SHELBY,46253,0.1330657749865517,TDOT state route,state_route_overlap,"state route: 100% overlap, name=POPLAR",POPLAR AVE,False,False,False,TDOT state route,True,16960,16.1,False,yes
300878831,4/9/2023,4/9/2023 15:31,2023,4,Sunday,15,35.11678,-90.00675,Fatal,Pedestrian,Not Intersection-Outside Traffic,Non-Junction,Daylight,Not Collision with Motor Vehicle in Transport,Other,1,True,,,,,,,306.6857522,ROZELLE ST,28.69416394,30,2,B,MEMPHIS,SHELBY,83927,28.69416394076459,City of Memphis,city_residual,city: no state-route overlap,ROZELLE ST,False,False,False,City of Memphis,False,,307.3,False,
300903929,8/9/2023,8/9/2023 23:20,2023,8,Wednesday,23,35.13909,-90.01824,Suspected Minor Injury,Pedestrian,Intersection-On Roadway not in Crosswalk,Intersection-Related,Dark-Lighted,Not Collision with Motor Vehicle in Transport,Pedestrian,1,True,,,,,,,225.500351,MADISON AVE,0.371822565,35,5,B,MEMPHIS,SHELBY,53244,0.3718225647487269,City of Memphis,city_residual,city: no state-route overlap,MADISON AVE,False,False,False,City of Memphis,True,,287.6,False,no_signal_coverage
300900416,7/22/2023,7/22/2023 22:00,2023,7,Saturday,22,35.15403,-90.057465,Suspected Minor Injury,Pedestrian,Not Intersection-Adjacent to Roadway,Non-Junction,Dark-Lighted,Not Collision with Motor Vehicle in Transport,Pedestrian,1,True,,,,,,,828.4228737,ISLAND DR,15.50556405,30,2,B,MEMPHIS,SHELBY,32353,15.505564046302336,City of Memphis,city_residual,city: no state-route overlap,ISLAND DR,False,False,False,City of Memphis,False,,853.6,False,
300901845,7/30/2023,7/30/2023 20:29,2023,7,Sunday,20,35.10118,-90.07481,Possible Injury,Pedestrian,Intersection-On Roadway not in Crosswalk,Intersection,Dark-Not Lighted,Not Collision with Motor Vehicle in Transport,Pedestrian,1,True,,,,,,,1752.952256,W DISON AVE,19.7192153,30,2,B,MEMPHIS,SHELBY,4611,19.71921529596872,City of Memphis,city_residual,city: no state-route overlap,W DISON AVE,False,False,False,City of Memphis,True,,1549.6,True,no_signal_coverage
300901156,7/27/2023,7/27/2023 0:50,2023,7,Thursday,0,35.07445,-89.90562,Suspected Serious Injury,Pedestrian,Not Intersection-On Roadway Not In Crosswalk,Non-Junction,Dark-Lighted,Not Collision with Motor Vehicle in Transport,Pedestrian,1,True,,,,,,,2372.516929,S PERKINS RD,34.02648666,40,7,B,MEMPHIS,SHELBY,49381,34.02648666484336,City of Memphis,city_residual,city: no state-route overlap,S PERKINS RD,False,False,False,City of Memphis,False,,377.0,False,
300869139,2/23/2023,2/23/2023 6:21,2023,2,Thursday,6,35.166588,-89.86284,Fatal,Pedestrian,Not Intersection-On Roadway Not In Crosswalk,Non-Junction,Dawn,Not Collision with Motor Vehicle in Transport,Pedestrian,1,True,,,,,,,779.4884883,SYCAMORE VIEW RD,2.266040216,45,7,B,MEMPHIS,SHELBY,52670,2.266040216077013,City of Memphis,city_residual,city: no state-route overlap,SYCAMORE VIEW RD,False,False,False,City of Memphis,False,,226.2,False,
300904546,8/12/2023,8/12/2023 20:37,2023,8,Saturday,20,35.149094,-89.906364,Possible Injury,Pedestrian,Not Intersection-On Roadway Not In Crosswalk,Intersection,Dark-Lighted,Not Collision with Motor Vehicle in Transport,Pedestrian,1,True,,,,,,,41.39618728,STRATFORD RD,20.18941091,40,4,B,MEMPHIS,SHELBY,73969,20.18941090586768,City of Memphis,city_residual,city: no state-route overlap,STRATFORD RD,False,False,False,City of Memphis,False,,49.5,False,
300902662,8/3/2023,8/3/2023 21:18,2023,8,Thursday,21,35.03486,-89.86643,Possible Injury,Pedestrian,Intersection-On Roadway not in Crosswalk,AccelDecelLane,Dark-Lighted,Not Collision with Motor Vehicle in Transport,Pedestrian,1,True,,,,,,,1604.420617,E RAINES RD,0.187501173,45,7,B,MEMPHIS,SHELBY,51726,0.1875011728511016,City of Memphis,city_residual,city: no state-route overlap,E RAINES RD,False,False,False,City of Memphis,True,,1586.3,False,no_signal_coverage
300900716,7/23/2023,7/23/2023 22:29,2023,7,Sunday,22,35.142204,-90.03157,Suspected Minor Injury,Pedestrian,Not Intersection-Bike Path,Non-Junction,Dark-Not Lighted,Not Collision with Motor Vehicle in Transport,Pedestrian,1,True,,,,,,,420.5362772,JEFFERSON AVE,47.13312526,40,4,B,MEMPHIS,SHELBY,7296,47.1331252586254,City of Memphis,city_residual,city: no state-route overlap,JEFFERSON AVE,False,False,False,City of Memphis,False,,370.7,False,
300901885,7/30/2023,7/30/2023 11:00,2023,7,Sunday,11,35.046,-89.82275,Suspected Serious Injury,Pedestrian,Intersection-On Roadway Crosswalk Not Available,Intersection,Daylight,Not Collision with Motor Vehicle in Transport,Pedestrian,1,True,,,,,,,710.9074402,ISHERWOOD RD,0.25394188,30,2,B,MEMPHIS,SHELBY,71531,0.2539418800124142,City of Memphis,city_residual,city: no state-route overlap,ISHERWOOD RD,False,False,False,City of Memphis,True,,308.3,False,no_signal_coverage
300900964,7/25/2023,7/25/2023 22:58,2023,7,Tuesday,22,35.053246,-90.00796,Suspected Minor Injury,Pedestrian,Intersection-Unknown,Intersection,Dark-Lighted,Not Collision with Motor Vehicle in Transport,Pedestrian,1,True,,,,,,,1557.675513,MILLBRANCH RD,46.39371839,40,4,B,MEMPHIS,SHELBY,49793,46.39371838954256,City of Memphis,city_residual,city: no state-route overlap,MILLBRANCH RD,False,False,False,City of Memphis,True,,53.2,True,no_signal_coverage
300900967,7/26/2023,7/26/2023 0:48,2023,7,Wednesday,0,35.16556,-89.94653,Suspected Serious Injury,Pedestrian,Intersection-On Roadway Crosswalk Not Available,Intersection,Dark-Lighted,Not Collision with Motor Vehicle in Transport,Pedestrian,1,True,,,,,,,342.8975727,NATIONAL ST,0.086220563,40,4,B,MEMPHIS,SHELBY,51264,0.0862205631960801,City of Memphis,city_residual,city: no state-route overlap,NATIONAL ST,False,False,False,City of Memphis,True,,617.3,False,no_signal_coverage