MstrRecNbrTxt,CollisionDate,CollisionDteTime,YearNmb,Month,DayOfWeek,Hour,Latitude,Longitude,InjuryClass,PersonType,NonMotoristLocation,RelationToJunction,LightCondition,MannerOfCollision,FirstHarmfulEvent,VictimsInCrash,InMemphis,StateRoute_NAME,StateRoute_F_System,StateRoute_SPDLIMIT,StateRoute_LANES,StateRoute_ALTNAME_1,StateRoute_Council_District,DistToStateRoute_m,Street_Name,DistToStreet_m,Street_SPDLIMIT,Street_LANES,Street_ONEWAY,Street_CITY_L,Street_COUNTY_L,Seg_OBJECTID,DistToSeg_m,Ownership,Rule_Fired,Classification_Basis,Matched_Street,is_limited_access,is_override,is_corner_case,Jurisdiction_prev,at_intersection,intersection_node_id,nearest_ped_signal_m,is_ambiguous_intersection,intersection_signalized
300899759,7/19/2023,7/19/2023 17:15,2023,7,Wednesday,17,35.141266,-90.05578,Possible Injury,Pedestrian,Intersection-On Roadway not in Crosswalk,Intersection,Daylight,Not Collision with Motor Vehicle in Transport,Pedestrian,1,True,,,,,,,240.6167558,S FRONT ST,0.71524173,30,4,B,MEMPHIS,SHELBY,80495,0.7152417301801426,City of Memphis,city_residual,city: no state-route overlap,S FRONT ST,False,False,False,City of Memphis,True,,440.4,False,no_signal_coverage
300902719,8/3/2023,8/3/2023 12:05,2023,8,Thursday,12,35.143955,-90.01564,Possible Injury,Pedestrian,Not Intersection-Bike Path,Intersection-Related,Daylight,Not Collision with Motor Vehicle in Transport,Pedestrian,1,True,,,,,,,789.8753669,POPLAR AVE,0.133218996,40,7,B,MEMPHIS,SHELBY,50416,0.1332189960499262,City of Memphis,city_residual,city: no state-route overlap,POPLAR AVE,False,False,False,City of Memphis,False,4822,6.9,True,
300900766,7/23/2023,7/23/2023 23:22,2023,7,Sunday,23,35.107105,-89.98499,Suspected Serious Injury,Pedestrian,Intersection-On Roadway Crosswalk Not Available,Non-Junction,Dark-Lighted,Not Collision with Motor Vehicle in Transport,Pedestrian,1,True,AIRWAYS BLVD,Principal Arterial,35.0,5.0,277,4.0,0.542604435,AIRWAYS BLVD,0.045009241,35,5,B,MEMPHIS,SHELBY,46988,0.0450092406937482,TDOT state route,state_route_overlap,"state route: 100% overlap, name=AIRWAYS",AIRWAYS BLVD,False,False,False,TDOT state route,True,7045,159.9,False,no
300904394,8/12/2023,8/12/2023 1:40,2023,8,Saturday,1,35.17534,-89.83642,No Injury,Other Non-Motorist,Not Intersection-Unknown,Non-Junction,Dark-Lighted,Other,Other,1,True,,,,,,,2005.133708,INTERSTATE 40 W,0.397259857,65,4,TF,MEMPHIS,SHELBY,39695,0.3972598566754114,Interstate (TDOT),interstate_mainline,interstate: MTFCC S1100,INTERSTATE 40 W,True,False,False,Interstate (TDOT),False,,127.2,False,
300901974,7/31/2023,7/31/2023 12:00,2023,7,Monday,12,35.149644,-90.050468,Possible Injury,Pedestrian,Intersection-In Crosswalk,Intersection-Related,Daylight,Not Collision with Motor Vehicle in Transport,Pedestrian,1,True,,,,,,,69.70275477,POPLAR AVE,46.19330463,35,4,B,MEMPHIS,SHELBY,7132,46.19330463347883,City of Memphis,city_residual,city: no state-route overlap,POPLAR AVE,False,False,False,City of Memphis,True,,67.9,True,no_signal_coverage
300911560,9/17/2023,9/17/2023 11:25,2023,9,Sunday,11,35.168365,-90.01061,Possible Injury,Pedestrian,Not Intersection-Outside Traffic,Non-Junction,Daylight,Angle,Other,1,True,,,,,,,1058.374625,S LEXINGTON CIR,22.65958584,30,2,B,MEMPHIS,SHELBY,9269,22.659585843462576,City of Memphis,city_residual,city: no state-route overlap,S LEXINGTON CIR,False,False,False,City of Memphis,False,,798.1,False,
300908723,9/2/2023,9/2/2023 16:20,2023,9,Saturday,16,35.18472,-89.93168,Suspected Minor Injury,Pedestrian,Not Intersection-Outside Traffic,Unknown,Daylight,Not Collision with Motor Vehicle in Transport,Pedestrian,1,True,JACKSON AVE,Principal Arterial,40.0,7.0,14,7.0,11.72400057,JACKSON AVE,14.51104185,40,7,B,MEMPHIS,SHELBY,48212,14.511041850454973,TDOT state route,state_route_overlap,"state route: 100% overlap, name=JACKSON",JACKSON AVE,False,False,False,TDOT state route,False,10851,108.8,True,
300907385,8/27/2023,8/27/2023 9:00,2023,8,Sunday,9,35.02,-90.00509,Possible Injury,Pedestrian,Not Intersection-On Roadway Not In Crosswalk,Intersection,Daylight,Not Collision with Motor Vehicle in Transport,Pedestrian,1,True,,,,,,,118.1434751,CHANCERY ST,12.90706213,30,2,B,MEMPHIS,SHELBY,84062,12.907062126403977,City of Memphis,city_residual,city: no state-route overlap,CHANCERY ST,False,False,False,City of Memphis,False,,246.0,False,
300906374,8/22/2023,8/22/2023 9:33,2023,8,Tuesday,9,35.115482,-89.946815,Possible Injury,Pedestrian,Not Intersection-In Parking Lane,OtherLocation,Daylight,Not Collision with Motor Vehicle in Transport,Pedestrian,1,True,,,,,,,1362.848329,SOUTHERN AVE,30.18579443,35,4,B,MEMPHIS,SHELBY,51200,30.18579442614094,City of Memphis,city_residual,city: no state-route overlap,SOUTHERN AVE,False,False,False,City of Memphis,False,,1355.2,False,
300910383,9/11/2023,9/11/2023 20:44,2023,9,Monday,20,35.172894,-89.94124,Possible Injury,Pedestrian,Not Intersection-On Roadway Crosswalk not Available,Non-Junction,Dark-Lighted,Not Collision with Motor Vehicle in Transport,Pedestrian,1,True,,,,,,,74.38677491,VIVIA AVE,24.41736277,30,2,B,MEMPHIS,SHELBY,5881,24.41736277025317,City of Memphis,city_residual,city: no state-route overlap,VIVIA AVE,False,False,False,City of Memphis,False,,307.3,False,
300910386,9/11/2023,9/11/2023 20:01,2023,9,Monday,20,35.08439,-90.01848,Possible Injury,Pedestrian,Intersection-On Roadway not in Crosswalk,Non-Junction,Dark-Lighted,Not Collision with Motor Vehicle in Transport,Pedestrian,1,True,ELVIS PRESLEY BLVD,Minor Arterial,40.0,4.0,3,4.0,0.216003945,ELVIS PRESLEY BLVD,0.675052876,40,4,B,MEMPHIS,SHELBY,46956,0.6750528762201911,TDOT state route,state_route_overlap,"state route: 100% overlap, name=ELVIS PRESLEY",ELVIS PRESLEY BLVD,False,False,False,TDOT state route,True,4296,119.9,False,no
300911842,9/19/2023,9/19/2023 6:30,2023,9,Tuesday,6,35.208244,-90.00381,Possible Injury,Pedestrian,Not Intersection-On Roadway Not In Crosswalk,Non-Junction,Dark-Unknown Lighting,Not Collision with Motor Vehicle in Transport,Pedestrian,1,True,,,,,,,2539.81771,WHITNEY AVE,0.510278459,40,2,B,MEMPHIS,SHELBY,2757,0.5102784593112056,City of Memphis,city_residual,city: no state-route overlap,WHITNEY AVE,False,False,False,City of Memphis,False,6089,1705.8,True,
300908227,8/31/2023,8/31/2023 6:50,2023,8,Thursday,6,35.125126,-89.89474,Possible Injury,Pedestrian,Intersection-In Crosswalk,Intersection,Dawn,Not Collision with Motor Vehicle in Transport,Pedestrian,1,True,,,,,,,611.7008481,SHADY GROVE RD,0.045100814,30,2,B,MEMPHIS,SHELBY,74349,0.0451008140738755,City of Memphis,city_residual,city: no state-route overlap,SHADY GROVE RD,False,False,False,City of Memphis,True,13381,688.6,False,no
300909689,9/7/2023,9/7/2023 23:10,2023,9,Thursday,23,35.137257,-90.04971,Suspected Minor Injury,Pedestrian,Intersection-On Roadway not in Crosswalk,Intersection,Dark-Lighted,Not Collision with Motor Vehicle in Transport,Pedestrian,1,True,DR MARTIN LUTHER KING JR AVE,Minor Arterial,35.0,4.0,208,6.0,4.603120449,DR MARTIN LUTHER KING JR AVE,0.038827294,35,5,B,MEMPHIS,SHELBY,7327,0.0388272944743774,TDOT state route,state_route_overlap,"state route: 100% overlap, name=DR MARTIN LUTHER KING JR",DR MARTIN LUTHER KING JR AVE,False,False,False,TDOT state route,True,,380.4,False,no_signal_coverage
300911415,9/16/2023,9/16/2023 23:20,2023,9,Saturday,23,35.074493,-89.884796,Suspected Serious Injury,Pedestrian,Not Intersection-On Roadway Crosswalk not Available,Non-Junction,Dark-Lighted,Not Collision with Motor Vehicle in Transport,Pedestrian,1,True,,,,,,,1078.22762,S MENDENHALL RD,0.65816778,40,7,B,MEMPHIS,SHELBY,51902,0.6581677803335872,City of Memphis,city_residual,city: no state-route overlap,S MENDENHALL RD,False,False,False,City of Memphis,False,13898,380.5,True,
300909193,9/5/2023,9/5/2023 15:00,2023,9,Tuesday,15,35.22076,-89.893845,Possible Injury,Pedestrian,Intersection-On Roadway not in Crosswalk,Intersection-Related,Daylight,Not Collision with Motor Vehicle in Transport,Pedestrian,1,True,,,,,,,33.89551838,COVINGTON PIKE,33.48801678,40,5,B,MEMPHIS,SHELBY,46579,33.48801678087885,TDOT state route,state_route_overlap,"state route: 100% overlap, name=COVINGTON",COVINGTON PIKE,False,False,False,TDOT state route,True,,48.9,True,no_signal_coverage
300910201,9/10/2023,9/10/2023 18:50,2023,9,Sunday,18,35.02113,-90.0517,Possible Injury,Pedestrian,Intersection-On Roadway not in Crosswalk,Non-Junction,Daylight,Not Collision with Motor Vehicle in Transport,Pedestrian,1,True,E SHELBY DR,Minor Arterial,45.0,5.0,175,6.0,27.98572823,E SHELBY DR,32.61570503,45,5,B,MEMPHIS,SHELBY,49679,32.61570503044067,TDOT state route,state_route_overlap,"state route: 100% overlap, name=E SHELBY",E SHELBY DR,False,False,False,TDOT state route,True,,2448.3,True,no_signal_coverage
300882791,4/26/2023,4/26/2023 16:11,2023,4,Wednesday,16,35.082165,-90.04382,Suspected Serious Injury,Pedestrian,Not Intersection-Outside Traffic,Non-Junction,Daylight,Not Collision with Motor Vehicle in Transport,Pedestrian,1,True,,,,,,,1219.226037,COMPRESS DR,67.03213986,30,2,B,MEMPHIS,SHELBY,32780,67.03213985615292,City of Memphis,city_residual,city: no state-route overlap,COMPRESS DR,False,False,False,City of Memphis,False,,1262.0,False,
300911938,9/19/2023,9/19/2023 0:40,2023,9,Tuesday,0,35.019997,-89.83126,Suspected Serious Injury,Pedestrian,Not Intersection-Unknown,AccelDecelLane,Dark-Lighted,Not Collision with Motor Vehicle in Transport,Pedestrian,1,True,,,,,,,47.41490062,RIVERDALE RD,1.346307568,45,7,B,MEMPHIS,SHELBY,52904,1.346307568050083,City of Memphis,city_residual,city: no state-route overlap,RIVERDALE RD,False,False,False,City of Memphis,False,,29.1,False,
300906499,8/22/2023,8/22/2023 20:52,2023,8,Tuesday,20,35.061123,-90.01004,Suspected Serious Injury,Pedestrian,Intersection-In Crosswalk,Intersection-Related,Dark-Not Lighted,Not Collision with Motor Vehicle in Transport,Pedestrian,1,True,,,,,,,1220.607048,E BROOKS RD,0.188732954,45,7,B,MEMPHIS,SHELBY,49756,0.1887329539293462,City of Memphis,city_residual,city: no state-route overlap,E BROOKS RD,False,False,False,City of Memphis,True,4961,242.2,False,no
300908081,8/29/2023,8/29/2023 17:48,2023,8,Tuesday,17,35.02973,-90.025185,Possible Injury,Pedestrian,Intersection-In Crosswalk,Intersection-Related,Daylight,Not Collision with Motor Vehicle in Transport,Pedestrian,1,True,ELVIS PRESLEY BLVD,Principal Arterial,40.0,5.0,3,6.0,0.336044962,ELVIS PRESLEY BLVD,0.517208132,40,5,B,MEMPHIS,SHELBY,46495,0.5172081316165004,TDOT state route,state_route_overlap,"state route: 100% overlap, name=ELVIS PRESLEY",ELVIS PRESLEY BLVD,False,False,False,TDOT state route,True,3566,10.1,False,yes
300908609,9/2/2023,9/2/2023 3:45,2023,9,Saturday,3,35.064785,-89.94119,Possible Injury,Pedestrian,Not Intersection-On Roadway Not In Crosswalk,Intersection-Related,Dark-Lighted,Not Collision with Motor Vehicle in Transport,Pedestrian,1,True,LAMAR AVE,Principal Arterial,40.0,7.0,4,4.0,2.864970035,LAMAR AVE,0.011905053,40,7,B,MEMPHIS,SHELBY,47858,0.0119050526398501,TDOT state route,state_route_overlap,"state route: 100% overlap, name=LAMAR",LAMAR AVE,False,False,False,TDOT state route,False,9841,16.9,True,
300910455,9/12/2023,9/12/2023 3:49,2023,9,Tuesday,3,35.138603,-90.013145,Possible Injury,Pedestrian,Intersection-Unknown,Intersection,Dark-Lighted,Not Collision with Motor Vehicle in Transport,Pedestrian,1,True,,,,,,,228.1572313,MADISON AVE,0.262586978,35,4,B,MEMPHIS,SHELBY,50441,0.2625869778766295,City of Memphis,city_residual,city: no state-route overlap,MADISON AVE,False,False,False,City of Memphis,True,,254.7,False,no_signal_coverage
300909268,9/6/2023,9/6/2023 0:30,2023,9,Wednesday,0,35.073807,-89.94823,Suspected Serious Injury,Pedestrian,Not Intersection-On Roadway Not In Crosswalk,Non-Junction,Dark-Lighted,Not Collision with Motor Vehicle in Transport,Pedestrian,1,True,LAMAR AVE,Principal Arterial,40.0,7.0,4,4.0,3.45261473,LAMAR AVE,0.932736102,40,7,B,MEMPHIS,SHELBY,47856,0.9327361015168796,TDOT state route,state_route_overlap,"state route: 100% overlap, name=LAMAR",LAMAR AVE,False,False,False,TDOT state route,False,,131.1,False,
300906576,8/23/2023,8/23/2023 7:15,2023,8,Wednesday,7,35.059383,-89.85548,Possible Injury,Pedestrian,Intersection-On Roadway not in Crosswalk,OtherLocation,Daylight,Not Collision with Motor Vehicle in Transport,Pedestrian,1,True,,,,,,,1189.754407,ARBORWOOD DR,23.88751632,30,2,B,MEMPHIS,SHELBY,33104,23.8875163199654,City of Memphis,city_residual,city: no state-route overlap,ARBORWOOD DR,False,False,False,City of Memphis,True,,965.1,True,no_signal_coverage
300876881,3/31/2023,3/31/2023 21:25,2023,3,Friday,21,35.240345,-89.948456,Suspected Serious Injury,Pedestrian,Not Intersection-On Roadway Not In Crosswalk,Non-Junction,Dark-Lighted,Not Collision with Motor Vehicle in Transport,Pedestrian,1,True,,,,,,,4114.991137,NEW ALLEN RD,2.474412082,50,2,FT,MEMPHIS,SHELBY,53629,2.474412081904298,City of Memphis,city_residual,city: no state-route overlap,NEW ALLEN RD,False,False,False,City of Memphis,False,,4113.0,False,
300911986,9/19/2023,9/19/2023 15:15,2023,9,Tuesday,15,35.14753,-90.04919,Suspected Serious Injury,Pedestrian,Intersection-In Crosswalk,Intersection,Daylight,Not Collision with Motor Vehicle in Transport,Pedestrian,1,True,N THIRD ST,Minor Arterial,35.0,3.0,3,6.0,5.007484172,ADAMS AVE,0.873335133,30,3,B,MEMPHIS,SHELBY,3367,0.8733351331938296,City of Memphis,city_residual,city: no state-route overlap,ADAMS AVE,False,False,True,City of Memphis,True,,245.2,False,no_signal_coverage
300906538,8/23/2023,8/23/2023 2:15,2023,8,Wednesday,2,35.060577,-89.99153,Possible Injury,Pedestrian,Intersection-In Crosswalk,Non-Junction,Dark-Lighted,Not Collision with Motor Vehicle in Transport,Pedestrian,1,True,,,,,,,2886.29813,E BROOKS RD,0.174506272,45,7,B,MEMPHIS,SHELBY,51997,0.1745062720403744,City of Memphis,city_residual,city: no state-route overlap,E BROOKS RD,False,False,False,City of Memphis,True,6537,17.9,False,yes
300906020,8/20/2023,8/20/2023 16:15,2023,8,Sunday,16,35.205369,-89.931676,Suspected Serious Injury,Pedestrian,Intersection-On Roadway not in Crosswalk,Intersection,Daylight,Not Collision with Motor Vehicle in Transport,Pedestrian,1,True,,,,,,,740.626045,HOMEWOOD DR,39.52760866,30,2,B,MEMPHIS,SHELBY,34059,39.52760865901577,City of Memphis,city_residual,city: no state-route overlap,HOMEWOOD DR,False,False,False,City of Memphis,True,,764.9,True,no_signal_coverage
300907346,8/26/2023,8/26/2023 23:33,2023,8,Saturday,23,35.172405,-89.791176,Suspected Serious Injury,Pedestrian,Not Intersection-On Roadway Not In Crosswalk,Non-Junction,Dark-Not Lighted,Not Collision with Motor Vehicle in Transport,Pedestrian,1,True,,,,,,,167.7869931,BONNIE LN,38.11614267,35,2,B,MEMPHIS,SHELBY,41705,38.11614267255027,City of Memphis,city_residual,city: no state-route overlap,BONNIE LN,False,False,False,City of Memphis,False,,160.9,False,
300906039,8/20/2023,8/20/2023 17:30,2023,8,Sunday,17,35.2082,-90.0011,Suspected Serious Injury,Pedestrian,Not Intersection-On Roadway Not In Crosswalk,Non-Junction,Daylight,Not Collision with Motor Vehicle in Transport,Pedestrian,1,True,,,,,,,2744.405017,WHITNEY AVE,26.01966746,40,2,B,MEMPHIS,SHELBY,2788,26.019667457353822,City of Memphis,city_residual,city: no state-route overlap,WHITNEY AVE,False,False,False,City of Memphis,False,,1774.5,False,
300879062,4/10/2023,4/10/2023 18:46,2023,4,Monday,18,35.05018,-89.99976,Fatal,Pedestrian,Not Intersection-On Roadway Not In Crosswalk,OtherLocation,Daylight,Not Collision with Motor Vehicle in Transport,Pedestrian,1,True,,,,,,,2309.482818,TACOMA AVE,25.11404403,30,2,B,MEMPHIS,SHELBY,2582,25.114044026477856,City of Memphis,city_residual,city: no state-route overlap,TACOMA AVE,False,False,False,City of Memphis,False,,376.6,False,
300906290,8/21/2023,8/21/2023 3:48,2023,8,Monday,3,35.06071,-89.86594,Possible Injury,Pedestrian,Not Intersection-On Roadway Crosswalk not Available,Intersection-Related,Dark-Lighted,Angle,Other,1,True,,,,,,,1498.859781,KNIGHT ARNOLD RD,2.225604184,40,7,B,MEMPHIS,SHELBY,49460,2.225604184155148,City of Memphis,city_residual,city: no state-route overlap,KNIGHT ARNOLD RD,False,False,False,City of Memphis,False,,49.6,False,
300910784,9/13/2023,9/13/2023 21:10,2023,9,Wednesday,21,35.11839,-89.984856,Fatal,Pedestrian,Not Intersection-On Roadway Not In Crosswalk,Non-Junction,Dark-Not Lighted,Not Collision with Motor Vehicle in Transport,Pedestrian,1,True,,,,,,,41.16899674,ACCESS RD,27.1169338,35,1,TF,MEMPHIS,SHELBY,76897,27.116933802399423,City of Memphis,city_residual,city: no state-route overlap,ACCESS RD,False,False,False,City of Memphis,False,,126.4,False,
300870433,3/2/2023,3/2/2023 4:40,2023,3,Thursday,4,35.10188,-89.870285,Fatal,Pedestrian,Not Intersection-On Roadway Not In Crosswalk,Non-Junction,Dark-Lighted,Not Collision with Motor Vehicle in Transport,Pedestrian,1,True,POPLAR AVE,Principal Arterial,40.0,3.0,57,5.0,4.854633647,POPLAR AVE,0.56576848,40,2,FT,MEMPHIS,SHELBY,6941,0.5657684802411561,TDOT state route,state_route_overlap,"state route: 100% overlap, name=POPLAR",POPLAR AVE,False,False,False,TDOT state route,False,,576.1,False,
300909070,9/1/2023,9/1/2023 12:00,2023,9,Friday,12,35.083168,-89.97186,Possible Injury,Pedestrian,Not Intersection-On Roadway Not In Crosswalk,Non-Junction,Daylight,Not Collision with Motor Vehicle in Transport,Pedestrian,1,True,,,,,,,881.9956113,PENDLETON ST,0.008446995,35,2,B,MEMPHIS,SHELBY,82586,0.0084469949546053,City of Memphis,city_residual,city: no state-route overlap,PENDLETON ST,False,False,False,City of Memphis,False,,888.6,False,
300906065,8/20/2023,8/20/2023 0:00,2023,8,Sunday,0,35.138485,-90.01186,Possible Injury,Pedestrian,Intersection-In Crosswalk,Unknown,Dark-Lighted,Not Collision with Motor Vehicle in Transport,Pedestrian,1,True,,,,,,,229.6325512,MADISON AVE,0.504395736,35,3,B,MEMPHIS,SHELBY,50443,0.5043957362011097,City of Memphis,city_residual,city: no state-route overlap,MADISON AVE,False,False,False,City of Memphis,True,,233.9,False,no_signal_coverage
300915113,10/3/2023,10/3/2023 18:27,2023,10,Tuesday,18,35.100945,-89.997475,Possible Injury,Pedestrian,Not Intersection-On Roadway Not In Crosswalk,AccelDecelLane,Dawn,Not Collision with Motor Vehicle in Transport,Pedestrian,1,True,,,,,,,1142.308759,GLORY CIR,20.21971141,30,2,B,MEMPHIS,SHELBY,9996,20.219711406932174,City of Memphis,city_residual,city: no state-route overlap,GLORY CIR,False,False,False,City of Memphis,False,,910.2,False,
300914271,9/30/2023,9/30/2023 19:30,2023,9,Saturday,19,35.168327,-89.87949,Possible Injury,Pedestrian,Intersection-Unknown,Non-Junction,Dark-Not Lighted,Not Collision with Motor Vehicle in Transport,Pedestrian,1,True,,,,,,,509.9061318,BARTLETT RD,0.355315865,40,2,B,MEMPHIS,SHELBY,76284,0.3553158652554981,City of Memphis,city_residual,city: no state-route overlap,BARTLETT RD,False,False,False,City of Memphis,True,,586.7,True,no_signal_coverage
300912916,9/23/2023,9/23/2023 19:12,2023,9,Saturday,19,35.006435,-90.00766,Possible Injury,Pedestrian,Not Intersection-In Crosswalk,Intersection,Dark-Lighted,Angle,Other,1,True,,,,,,,1608.236716,E HOLMES RD,0.093236834,40,5,B,MEMPHIS,SHELBY,49749,0.0932368337089154,City of Memphis,city_residual,city: no state-route overlap,E HOLMES RD,False,False,False,City of Memphis,False,,1589.4,False,
300917321,10/15/2023,10/15/2023 22:20,2023,10,Sunday,22,35.073807,-89.94823,Possible Injury,Pedestrian,Not Intersection-Unknown,Unknown,Dark-Lighted,Not Collision with Motor Vehicle in Transport,Pedestrian,1,True,LAMAR AVE,Principal Arterial,40.0,7.0,4,4.0,3.45261473,LAMAR AVE,0.932736102,40,7,B,MEMPHIS,SHELBY,47856,0.9327361015168796,TDOT state route,state_route_overlap,"state route: 100% overlap, name=LAMAR",LAMAR AVE,False,False,False,TDOT state route,False,,131.1,False,
300916172,10/9/2023,10/9/2023 18:11,2023,10,Monday,18,35.17366,-89.9595,Possible Injury,Pedestrian,Intersection-Not on Roadway,Intersection,Dawn,Not Collision with Motor Vehicle in Transport,Pedestrian,1,True,,,,,,,1129.070716,SUNSET ST,10.9163817,30,2,B,MEMPHIS,SHELBY,82884,10.916381703748444,City of Memphis,city_residual,city: no state-route overlap,SUNSET ST,False,False,False,City of Memphis,True,8977,1163.4,False,no
300913153,9/21/2023,9/21/2023 3:30,2023,9,Thursday,3,35.1069,-90.02119,Possible Injury,Pedestrian,Not Intersection-Outside Traffic,Non-Junction,Dark-Lighted,Not Collision with Motor Vehicle in Transport,Pedestrian,1,True,ELVIS PRESLEY BLVD,Minor Arterial,40.0,4.0,3,4.0,1.141694593,KERR AVE,0.055307322,35,3,B,MEMPHIS,SHELBY,5121,0.0553073224608662,City of Memphis,city_residual,city: no state-route overlap,KERR AVE,False,False,False,City of Memphis,False,4169,1.2,True,
300913464,9/26/2023,9/26/2023 8:00,2023,9,Tuesday,8,35.182613,-89.848045,Possible Injury,Pedestrian,Intersection-On Roadway not in Crosswalk,Intersection-Related,Daylight,Not Collision with Motor Vehicle in Transport,Pedestrian,1,True,,,,,,,675.2034508,GOLDBRIER LN,22.79438919,30,2,B,MEMPHIS,SHELBY,42370,22.794389191594824,City of Memphis,city_residual,city: no state-route overlap,GOLDBRIER LN,False,False,False,City of Memphis,True,,865.4,False,no_signal_coverage
300917144,10/14/2023,10/14/2023 0:00,2023,10,Saturday,99,35.202133,-89.91258,Suspected Minor Injury,Pedestrian,Not Intersection-On Roadway Not In Crosswalk,Non-Junction,Unknown,Not Collision with Motor Vehicle in Transport,Pedestrian,1,True,,,,,,,430.5304113,COLEMAN RD,53.80382293,45,7,B,MEMPHIS,SHELBY,74856,53.80382293126839,City of Memphis,city_residual,city: no state-route overlap,COLEMAN RD,False,False,False,City of Memphis,False,,411.8,False,
300916655,10/11/2023,10/11/2023 19:48,2023,10,Wednesday,19,35.054096,-90.019554,Possible Injury,Pedestrian,Intersection-Unknown,AccelDecelLane,Dark-Not Lighted,Not Collision with Motor Vehicle in Transport,Pedestrian,1,True,,,,,,,497.0747547,WINCHESTER RD,0.399215752,40,7,B,MEMPHIS,SHELBY,49731,0.399215751858744,City of Memphis,city_residual,city: no state-route overlap,WINCHESTER RD,False,False,False,City of Memphis,True,4082,479.8,False,no
300914112,9/28/2023,9/28/2023 18:58,2023,9,Thursday,18,35.111546,-90.02173,Suspected Serious Injury,Pedestrian,Intersection-On Roadway not in Crosswalk,Intersection-Related,Dark-Lighted,Not Collision with Motor Vehicle in Transport,Pedestrian,1,True,S BELLEVUE BLVD,Minor Arterial,35.0,5.0,3,4.0,0.398604728,E TRIGG AVE,0.226415864,35,2,B,MEMPHIS,SHELBY,5127,0.2264158639091687,City of Memphis,city_residual,city: no state-route overlap,E TRIGG AVE,False,False,True,City of Memphis,True,,371.6,False,no_signal_coverage
300915960,10/5/2023,10/5/2023 17:56,2023,10,Thursday,17,35.162354,-89.947014,Possible Injury,Pedestrian,Intersection-On Roadway Crosswalk availability Unknown,Intersection,Daylight,Not Collision with Motor Vehicle in Transport,Pedestrian,1,True,,,,,,,561.5056873,NATIONAL ST,0.448569076,40,4,B,MEMPHIS,SHELBY,51259,0.4485690755497973,City of Memphis,city_residual,city: no state-route overlap,NATIONAL ST,False,False,False,City of Memphis,True,,613.0,False,no_signal_coverage
300917180,10/14/2023,10/14/2023 17:00,2023,10,Saturday,17,35.04917,-89.83001,Suspected Serious Injury,Pedestrian,Not Intersection-On Roadway Not In Crosswalk,AccelDecelLane,Daylight,Not Collision with Motor Vehicle in Transport,Pedestrian,1,True,,,,,,,536.2340062,RIVERDALE RD,0.447295275,45,6,B,MEMPHIS,SHELBY,51968,0.44729527491757,City of Memphis,city_residual,city: no state-route overlap,RIVERDALE RD,False,False,False,City of Memphis,False,18134,25.4,True,
300915768,10/7/2023,10/7/2023 14:27,2023,10,Saturday,14,35.21268,-89.892105,Possible Injury,Pedestrian,Not Intersection-Outside Traffic,Intersection-Related,Daylight,"Sideswipe, Opposite Direction",Other,1,True,,,,,,,215.4959496,LONGACRE AVE,20.85363036,30,2,B,MEMPHIS,SHELBY,6916,20.85363035549774,City of Memphis,city_residual,city: no state-route overlap,LONGACRE AVE,False,False,False,City of Memphis,False,,336.7,False,
300916233,10/9/2023,10/9/2023 10:58,2023,10,Monday,10,35.094753,-90.0555,Possible Injury,Pedestrian,Not Intersection-On Roadway Not In Crosswalk,Non-Junction,Daylight,Not Collision with Motor Vehicle in Transport,Pedestrian,1,True,,,,,,,38.77644352,S THIRD ST,38.12196534,40,7,B,MEMPHIS,SHELBY,46922,38.12196533535738,TDOT state route,state_route_overlap,"state route: 100% overlap, name=S THIRD",S THIRD ST,False,False,False,TDOT state route,False,,158.5,False,
300917710,10/17/2023,10/17/2023 14:40,2023,10,Tuesday,14,35.143208,-90.05363,Possible Injury,Pedestrian,Intersection-On Roadway Crosswalk Not Available,Intersection,Daylight,Not Collision with Motor Vehicle in Transport,Pedestrian,1,True,,,,,,,122.1520752,UNION AVE,1.494752963,30,4,B,MEMPHIS,SHELBY,7468,1.4947529632705148,City of Memphis,city_residual,city: no state-route overlap,UNION AVE,False,False,False,City of Memphis,True,,157.3,False,no_signal_coverage
300912257,9/20/2023,9/20/2023 15:43,2023,9,Wednesday,15,35.070583,-89.8641,Suspected Serious Injury,Pedestrian,Not Intersection-On Roadway Not In Crosswalk,AccelDecelLane,Daylight,Not Collision with Motor Vehicle in Transport,Pedestrian,1,True,,,,,,,529.1470129,HICKORY HILL RD,46.39843838,45,6,B,MEMPHIS,SHELBY,49464,46.3984383795606,City of Memphis,city_residual,city: no state-route overlap,HICKORY HILL RD,False,False,False,City of Memphis,False,,184.1,False,
300914415,10/1/2023,10/1/2023 13:00,2023,10,Sunday,13,35.174286,-89.97595,Possible Injury,Pedestrian,Intersection-In Crosswalk,Intersection,Daylight,Not Collision with Motor Vehicle in Transport,Pedestrian,1,True,,,,,,,1807.946141,CHELSEA AVE,40.77190558,40,4,B,MEMPHIS,SHELBY,50733,40.77190557671491,City of Memphis,city_residual,city: no state-route overlap,CHELSEA AVE,False,False,False,City of Memphis,True,,1734.9,True,no_signal_coverage