MstrRecNbrTxt,CollisionDate,CollisionDteTime,YearNmb,Month,DayOfWeek,Hour,Latitude,Longitude,InjuryClass,PersonType,NonMotoristLocation,RelationToJunction,LightCondition,MannerOfCollision,FirstHarmfulEvent,VictimsInCrash,InMemphis,StateRoute_NAME,StateRoute_F_System,StateRoute_SPDLIMIT,StateRoute_LANES,StateRoute_ALTNAME_1,StateRoute_Council_District,DistToStateRoute_m,Street_Name,DistToStreet_m,Street_SPDLIMIT,Street_LANES,Street_ONEWAY,Street_CITY_L,Street_COUNTY_L,Seg_OBJECTID,DistToSeg_m,Ownership,Rule_Fired,Classification_Basis,Matched_Street,is_limited_access,is_override,is_corner_case,Jurisdiction_prev,at_intersection,intersection_node_id,nearest_ped_signal_m,is_ambiguous_intersection,intersection_signalized
300915073,10/4/2023,10/4/2023 7:57,2023,10,Wednesday,7,35.16734,-90.0103,No Injury,Other Non-Motorist,Unknown,AccelDecelLane,Daylight,Angle,Other,1,True,,,,,,,941.6264165,BROWN AVE,0.308174156,30,2,B,MEMPHIS,SHELBY,3989,0.308174155586439,City of Memphis,city_residual,city: no state-route overlap,BROWN AVE,False,False,False,City of Memphis,False,5394,859.3,True,
300915806,10/7/2023,10/7/2023 1:00,2023,10,Saturday,1,35.035595,-89.98982,Possible Injury,Pedestrian,Not Intersection-On Roadway Not In Crosswalk,AccelDecelLane,Dark-Lighted,Not Collision with Motor Vehicle in Transport,Pedestrian,1,True,,,,,,,1609.591903,E RAINES RD,0.131118896,40,5,B,MEMPHIS,SHELBY,52122,0.1311188960774338,City of Memphis,city_residual,city: no state-route overlap,E RAINES RD,False,False,False,City of Memphis,False,6563,25.3,True,
300916751,10/12/2023,10/12/2023 23:19,2023,10,Thursday,23,35.04917,-89.83001,Possible Injury,Pedestrian,Intersection-On Roadway not in Crosswalk,Intersection,Dark-Lighted,Not Collision with Motor Vehicle in Transport,Pedestrian,1,True,,,,,,,536.2340062,RIVERDALE RD,0.447295275,45,6,B,MEMPHIS,SHELBY,51968,0.44729527491757,City of Memphis,city_residual,city: no state-route overlap,RIVERDALE RD,False,False,False,City of Memphis,True,18134,25.4,False,yes
300895152,6/25/2023,6/25/2023 23:02,2023,6,Sunday,23,35.19183,-89.97579,Fatal,Pedestrian,Not Intersection-On Roadway Not In Crosswalk,Non-Junction,Dark-Lighted,Not Collision with Motor Vehicle in Transport,Pedestrian,1,True,,,,,,,3605.960217,N HOLLYWOOD ST,0.020262721,40,6,B,MEMPHIS,SHELBY,52727,0.020262720553537,City of Memphis,city_residual,city: no state-route overlap,N HOLLYWOOD ST,False,False,False,City of Memphis,False,,167.5,False,
300913284,9/25/2023,9/25/2023 19:00,2023,9,Monday,19,35.01948,-90.08443,Possible Injury,Pedestrian,Intersection-On Roadway Crosswalk Not Available,Intersection,Daylight,Not Collision with Motor Vehicle in Transport,Pedestrian,1,True,,,,,,,155.2445174,TWELFTH RD,51.45271811,30,2,B,MEMPHIS,SHELBY,71794,51.45271810664869,City of Memphis,city_residual,city: no state-route overlap,TWELFTH RD,False,False,False,City of Memphis,True,,360.5,True,no_signal_coverage
300913641,9/26/2023,9/26/2023 14:20,2023,9,Tuesday,14,35.219944,-90.035965,Possible Injury,Pedestrian,Not Intersection-On Roadway Not In Crosswalk,AccelDecelLane,Daylight,Not Collision with Motor Vehicle in Transport,Pedestrian,1,True,,,,,,,617.3097963,DAWN DR,0.113818346,30,2,B,MEMPHIS,SHELBY,27704,0.1138183460267186,City of Memphis,city_residual,city: no state-route overlap,DAWN DR,False,False,False,City of Memphis,False,,603.3,False,
300917481,10/16/2023,10/16/2023 16:32,2023,10,Monday,16,35.139336,-89.964294,Suspected Serious Injury,Pedestrian,Intersection-On Roadway Crosswalk Not Available,Non-Junction,Daylight,Not Collision with Motor Vehicle in Transport,Pedestrian,1,True,,,,,,,344.0811585,MIMOSA AVE,6.079162949,30,2,B,MEMPHIS,SHELBY,6644,6.079162949431019,City of Memphis,city_residual,city: no state-route overlap,MIMOSA AVE,False,False,False,City of Memphis,True,,571.0,False,no_signal_coverage
300915229,10/5/2023,10/5/2023 7:44,2023,10,Thursday,7,35.127537,-89.77441,Possible Injury,Pedestrian,Intersection-In Crosswalk,Unknown,Daylight,Not Collision with Motor Vehicle in Transport,Pedestrian,1,True,,,,,,,2121.440417,WALNUT GROVE RD,0.093642146,45,5,B,MEMPHIS,SHELBY,49147,0.0936421464612294,City of Memphis,city_residual,city: no state-route overlap,WALNUT GROVE RD,False,False,False,City of Memphis,True,22375,2101.6,False,no
300913665,9/27/2023,9/27/2023 19:20,2023,9,Wednesday,19,35.035145,-90.02236,Suspected Minor Injury,Pedestrian,Intersection-Not on Roadway,Intersection,Dark-Not Lighted,Not Collision with Motor Vehicle in Transport,Pedestrian,1,True,,,,,,,256.011505,E RAINES RD,41.45485028,40,5,B,MEMPHIS,SHELBY,49723,41.45485028142393,City of Memphis,city_residual,city: no state-route overlap,E RAINES RD,False,False,False,City of Memphis,True,,243.8,True,no_signal_coverage
300915610,10/6/2023,10/6/2023 16:20,2023,10,Friday,16,35.096157,-90.01803,Possible Injury,Pedestrian,Not Intersection-On Roadway Not In Crosswalk,Non-Junction,Daylight,Not Collision with Motor Vehicle in Transport,Pedestrian,1,True,ELVIS PRESLEY BLVD,Minor Arterial,40.0,5.0,3,6.0,0.151997255,ELVIS PRESLEY BLVD,0.54772934,40,5,B,MEMPHIS,SHELBY,46979,0.5477293401667992,TDOT state route,state_route_overlap,"state route: 100% overlap, name=ELVIS PRESLEY",ELVIS PRESLEY BLVD,False,False,False,TDOT state route,False,4364,108.5,True,
300917256,10/15/2023,10/15/2023 15:05,2023,10,Sunday,15,35.15432,-89.885544,Possible Injury,Pedestrian,Intersection-On Roadway Crosswalk availability Unknown,Intersection,Daylight,Not Collision with Motor Vehicle in Transport,Pedestrian,1,True,,,,,,,117.4264797,40 S TO 240 E,72.52475446,45,1,FT,MEMPHIS,SHELBY,36522,72.52475445941224,Interstate ramp (TDOT),interstate_ramp,interstate ramp: MTFCC S1630,40 S TO 240 E,True,False,False,Interstate ramp,True,,110.0,True,no_signal_coverage
300915620,10/6/2023,10/6/2023 18:50,2023,10,Friday,18,35.172024,-89.868416,Possible Injury,Pedestrian,Intersection-On Roadway not in Crosswalk,Intersection,Dark-Lighted,Not Collision with Motor Vehicle in Transport,Pedestrian,1,True,SUMMER AVE,Principal Arterial,45.0,4.0,1,1.0,3.013162246,SUMMER AVE,0.14150928,45,4,B,MEMPHIS,SHELBY,48577,0.1415092802841134,TDOT state route,state_route_overlap,"state route: 100% overlap, name=SUMMER",SUMMER AVE,False,False,False,TDOT state route,True,15388,26.5,False,yes
300914486,9/29/2023,9/29/2023 22:20,2023,9,Friday,22,35.107105,-89.98499,Possible Injury,Pedestrian,Intersection-On Roadway not in Crosswalk,Intersection-Related,Dark-Not Lighted,Not Collision with Motor Vehicle in Transport,Pedestrian,1,True,AIRWAYS BLVD,Principal Arterial,35.0,5.0,277,4.0,0.542604435,AIRWAYS BLVD,0.045009241,35,5,B,MEMPHIS,SHELBY,46988,0.0450092406937482,TDOT state route,state_route_overlap,"state route: 100% overlap, name=AIRWAYS",AIRWAYS BLVD,False,False,False,TDOT state route,True,7045,159.9,False,no
300911423,9/15/2023,9/15/2023 11:58,2023,9,Friday,11,35.14555,-90.00648,Possible Injury,Pedestrian,Not Intersection-Adjacent to Roadway,Intersection-Related,Daylight,Not Collision with Motor Vehicle in Transport,Pedestrian,1,True,,,,,,,864.3147646,N AVALON ST,31.50440292,30,2,B,MEMPHIS,SHELBY,81239,31.504402918730765,City of Memphis,city_residual,city: no state-route overlap,N AVALON ST,False,False,False,City of Memphis,False,,268.4,False,
300915865,10/5/2023,10/5/2023 10:05,2023,10,Thursday,10,35.083305,-90.01855,Suspected Minor Injury,Pedestrian,Intersection-On Roadway not in Crosswalk,Non-Junction,Daylight,Not Collision with Motor Vehicle in Transport,Pedestrian,1,True,ELVIS PRESLEY BLVD,Minor Arterial,40.0,4.0,3,6.0,0.025171471,NORRIS RD,0.124507636,40,4,B,MEMPHIS,SHELBY,50977,0.124507636430282,City of Memphis,city_residual,city: no state-route overlap,NORRIS RD,False,False,True,City of Memphis,True,4281,0.9,False,yes
300909326,9/6/2023,9/6/2023 5:51,2023,9,Wednesday,5,35.22037,-89.909874,Suspected Serious Injury,Pedestrian,Not Intersection-On Roadway Not In Crosswalk,Non-Junction,Dark-Lighted,Not Collision with Motor Vehicle in Transport,Pedestrian,1,True,AUSTIN PEAY HWY,Principal Arterial,45.0,7.0,14,1.0,8.343270577,RALEIGH SPRINGS MALL DR,0.629298933,15,2,B,MEMPHIS,SHELBY,35562,0.6292989334090913,City of Memphis,city_residual,city: no state-route overlap,RALEIGH SPRINGS MALL DR,False,False,False,City of Memphis,False,,152.9,False,
300914231,9/5/2023,9/5/2023 9:00,2023,9,Tuesday,9,35.10106,-89.83937,Possible Injury,Pedestrian,Intersection-On Roadway not in Crosswalk,Intersection,Daylight,Not Collision with Motor Vehicle in Transport,Pedestrian,1,True,,,,,,,303.0344516,KIRBY PKWY,0.640469448,40,5,B,MEMPHIS,SHELBY,51793,0.6404694476145163,City of Memphis,city_residual,city: no state-route overlap,KIRBY PKWY,False,False,False,City of Memphis,True,17547,290.5,False,no
300914809,10/2/2023,10/2/2023 10:43,2023,10,Monday,10,35.04782,-89.77089,Possible Injury,Pedestrian,Not Intersection-Outside Traffic,Non-Junction,Daylight,Not Collision with Motor Vehicle in Transport,Pedestrian,1,True,,,,,,,3420.115608,WINCHESTER RD,0.455032604,45,6,B,MEMPHIS,SHELBY,52458,0.4550326042682542,City of Memphis,city_residual,city: no state-route overlap,WINCHESTER RD,False,False,False,City of Memphis,False,22334,182.4,True,
300921685,11/4/2023,11/4/2023 17:00,2023,11,Saturday,17,35.202286,-90.00732,Possible Injury,Pedestrian,Intersection-On Roadway not in Crosswalk,Non-Junction,Daylight,Not Collision with Motor Vehicle in Transport,Pedestrian,1,True,,,,,,,2410.538606,N WATKINS ST,0.674171693,40,4,B,MEMPHIS,SHELBY,49861,0.674171693034589,City of Memphis,city_residual,city: no state-route overlap,N WATKINS ST,False,False,False,City of Memphis,True,5790,1001.4,False,no
300923127,11/10/2023,11/10/2023 14:10,2023,11,Friday,14,35.225494,-89.88692,No Injury,Pedestrian,Intersection-Not on Roadway,AccelDecelLane,Daylight,Not Collision with Motor Vehicle in Transport,Other,1,True,,,,,,,582.984281,SUNNYSIDE ST,21.71682894,30,2,B,MEMPHIS,SHELBY,80324,21.716828935783976,City of Memphis,city_residual,city: no state-route overlap,SUNNYSIDE ST,False,False,False,City of Memphis,True,,783.5,True,no_signal_coverage
300924942,11/20/2023,11/20/2023 13:35,2023,11,Monday,13,35.043865,-89.84237,Suspected Minor Injury,Pedestrian,Intersection-Not on Roadway,"Driveway, Alley Access, etc",Daylight,Not Collision with Motor Vehicle in Transport,Pedestrian,1,True,,,,,,,1682.675233,KIRBY PKWY,95.84146293,45,6,B,MEMPHIS,SHELBY,49509,95.84146292621756,City of Memphis,city_residual,city: no state-route overlap,KIRBY PKWY,False,False,False,City of Memphis,True,,613.5,True,no_signal_coverage
300870877,3/3/2023,3/3/2023 19:15,2023,3,Friday,19,35.115478,-90.030309,Fatal,Pedestrian,Intersection-On Roadway not in Crosswalk,Intersection,Dark-Lighted,Not Collision with Motor Vehicle in Transport,Pedestrian,1,True,,,,,,,789.0456608,COLLEGE ST,0.730973257,30,2,B,MEMPHIS,SHELBY,82319,0.7309732571509384,City of Memphis,city_residual,city: no state-route overlap,COLLEGE ST,False,False,False,City of Memphis,True,,607.4,False,no_signal_coverage
300920916,11/1/2023,11/1/2023 20:25,2023,11,Wednesday,20,35.047623,-90.05627,Possible Injury,Pedestrian,Not Intersection-Adjacent to Roadway,Intersection,Dark-Not Lighted,Not Collision with Motor Vehicle in Transport,Pedestrian,2,True,,,,,,,559.0102344,HILLVIEW AVE,0.038880609,30,2,B,MEMPHIS,SHELBY,2446,0.0388806085511531,City of Memphis,city_residual,city: no state-route overlap,HILLVIEW AVE,False,False,False,City of Memphis,False,,588.3,False,
300921742,11/5/2023,11/5/2023 15:30,2023,11,Sunday,15,35.126884,-89.98523,No Injury,Pedestrian,Unknown,AccelDecelLane,Daylight,Angle,Other,1,True,,,,,,,90.25781163,LANDIS ST,22.00010742,30,2,B,MEMPHIS,SHELBY,81664,22.000107416069888,City of Memphis,city_residual,city: no state-route overlap,LANDIS ST,False,False,False,City of Memphis,False,,117.1,False,
300921667,11/5/2023,11/5/2023 1:40,2023,11,Sunday,1,35.07425,-89.94877,Suspected Serious Injury,Pedestrian,Intersection-On Roadway not in Crosswalk,Non-Junction,Dark-Lighted,Angle,Other,1,True,LAMAR AVE,Principal Arterial,40.0,7.0,4,4.0,14.14136145,LAMAR AVE,11.40841304,40,7,B,MEMPHIS,SHELBY,47857,11.408413042247698,TDOT state route,state_route_overlap,"state route: 100% overlap, name=LAMAR",LAMAR AVE,False,False,False,TDOT state route,True,9401,198.1,False,no
300922928,11/10/2023,11/10/2023 17:00,2023,11,Friday,17,35.072693,-89.931885,Suspected Serious Injury,Pedestrian,Not Intersection-On Roadway Not In Crosswalk,Non-Junction,Dusk,Not Collision with Motor Vehicle in Transport,Pedestrian,1,True,GETWELL RD,Principal Arterial,40.0,7.0,176,4.0,0.819131587,GETWELL RD,0.502305831,40,7,B,MEMPHIS,SHELBY,46423,0.5023058311693057,TDOT state route,state_route_overlap,"state route: 100% overlap, name=GETWELL",GETWELL RD,False,False,False,TDOT state route,False,,382.9,False,
300923625,11/13/2023,11/13/2023 14:00,2023,11,Monday,14,35.04997,-89.80959,Suspected Serious Injury,Pedestrian,Not Intersection-Outside Traffic,OtherLocation,Daylight,Not Collision with Motor Vehicle in Transport,Pedestrian,1,True,STATE ROUTE 385,Freeway and Expressway,65.0,2.0,NONCONNAH PKWY,2.0,1.398608789,STATE ROUTE 385 E,0.000711462,65,3,FT,MEMPHIS,SHELBY,48210,0.0007114617448149,TDOT state route,state_route_overlap,"state route: 100% overlap, name=STATE ROUTE 385",STATE ROUTE 385 E,False,False,False,TDOT state route,False,,18.8,False,
300923919,11/13/2023,11/13/2023 23:50,2023,11,Monday,23,35.16373,-90.0367,Possible Injury,Pedestrian,Intersection-On Roadway Crosswalk Not Available,Intersection,Dark-Not Lighted,Not Collision with Motor Vehicle in Transport,Pedestrian,1,True,THOMAS ST,Principal Arterial,35.0,5.0,3,7.0,1.924310776,CHELSEA AVE,0.072400817,35,5,B,MEMPHIS,SHELBY,50347,0.0724008170190628,TDOT state route,state_route_overlap,"state route: 100% overlap, name=CHELSEA",CHELSEA AVE,False,False,False,TDOT state route,True,3202,769.7,False,no
300920662,10/30/2023,10/30/2023 18:58,2023,10,Monday,18,35.10829,-89.970085,Suspected Serious Injury,Pedestrian,Not Intersection-On Roadway Not In Crosswalk,Non-Junction,Dark-Lighted,Not Collision with Motor Vehicle in Transport,Pedestrian,1,True,,,,,,,1092.348294,PARK AVE,23.46921677,35,4,B,MEMPHIS,SHELBY,51049,23.469216771382342,City of Memphis,city_residual,city: no state-route overlap,PARK AVE,False,False,False,City of Memphis,False,,1350.1,False,
300918716,10/21/2023,10/21/2023 21:30,2023,10,Saturday,21,35.107296,-90.04129,Suspected Serious Injury,Pedestrian,Not Intersection-On Roadway Not In Crosswalk,AccelDecelLane,Dark-Lighted,Not Collision with Motor Vehicle in Transport,Pedestrian,1,True,,,,,,,1280.703725,S PARKWAY E,0.099331672,35,5,B,MEMPHIS,SHELBY,50895,0.0993316723056785,City of Memphis,city_residual,city: no state-route overlap,S PARKWAY E,False,False,False,City of Memphis,False,2652,1011.4,True,
300924495,11/17/2023,11/17/2023 19:44,2023,11,Friday,19,35.109135,-89.88837,Possible Injury,Pedestrian,Intersection-In Crosswalk,Intersection,Dark-Lighted,Not Collision with Motor Vehicle in Transport,Pedestrian,1,True,POPLAR AVE,Principal Arterial,40.0,7.0,57,5.0,4.354441791,S WHITE STATION RD,0.392565418,40,5,B,MEMPHIS,SHELBY,53073,0.3925654176084056,City of Memphis,city_residual,city: no state-route overlap,S WHITE STATION RD,False,False,True,City of Memphis,True,13738,1.2,False,yes
300921775,11/5/2023,11/5/2023 19:25,2023,11,Sunday,19,35.182,-89.8638,Possible Injury,Pedestrian,Not Intersection-Adjacent to Roadway,Intersection-Related,Dark-Lighted,Not Collision with Motor Vehicle in Transport,Pedestrian,1,True,,,,,,,383.4797262,RALEIGH LAGRANGE RD,35.47379155,40,2,B,MEMPHIS,SHELBY,50118,35.47379154571468,City of Memphis,city_residual,city: no state-route overlap,RALEIGH LAGRANGE RD,False,False,False,City of Memphis,False,,396.8,False,
300923942,11/16/2023,11/16/2023 0:12,2023,11,Thursday,0,35.17838,-89.93549,Possible Injury,Pedestrian,Not Intersection-Adjacent to Roadway,Non-Junction,Dark-Lighted,Not Collision with Motor Vehicle in Transport,Pedestrian,1,True,,,,,,,108.9012751,VILLA DR,0.797020473,30,2,B,MEMPHIS,SHELBY,29523,0.7970204733785463,City of Memphis,city_residual,city: no state-route overlap,VILLA DR,False,False,False,City of Memphis,False,,172.4,False,
300875694,3/25/2023,3/25/2023 23:19,2023,3,Saturday,23,35.06969,-89.87566,Suspected Serious Injury,Pedestrian,Not Intersection-On Roadway Not In Crosswalk,Intersection,Dark-Lighted,Not Collision with Motor Vehicle in Transport,Pedestrian,1,True,,,,,,,1050.318144,CLARKE RD,0.180020078,35,2,B,MEMPHIS,SHELBY,71287,0.1800200779171413,City of Memphis,city_residual,city: no state-route overlap,CLARKE RD,False,False,False,City of Memphis,False,,502.1,False,
300914363,10/1/2023,10/1/2023 2:33,2023,10,Sunday,2,35.060703,-89.83386,Fatal,Pedestrian,Not Intersection-On Roadway Not In Crosswalk,Non-Junction,Dark-Not Lighted,Not Collision with Motor Vehicle in Transport,Pedestrian,1,True,,,,,,,208.38472,QUINCE RD,0.427988646,45,2,B,MEMPHIS,SHELBY,51853,0.4279886463127866,City of Memphis,city_residual,city: no state-route overlap,QUINCE RD,False,False,False,City of Memphis,False,,746.1,False,
300922966,11/9/2023,11/9/2023 15:25,2023,11,Thursday,15,35.018738,-90.02509,Possible Injury,Pedestrian,Intersection-In Crosswalk,OtherLocation,Other,Not Collision with Motor Vehicle in Transport,Pedestrian,1,True,ELVIS PRESLEY BLVD,Principal Arterial,40.0,5.0,3,3.0,11.75153218,ELVIS PRESLEY BLVD,11.55140425,40,5,B,MEMPHIS,SHELBY,46488,11.55140424862666,TDOT state route,state_route_overlap,"state route: 100% overlap, name=ELVIS PRESLEY",ELVIS PRESLEY BLVD,False,False,False,TDOT state route,True,,174.0,True,no_signal_coverage
300922682,11/8/2023,11/8/2023 20:35,2023,11,Wednesday,20,35.244186,-89.94719,Fatal,Pedestrian,Not Intersection-Adjacent to Roadway,Non-Junction,Dark-Lighted,Not Collision with Motor Vehicle in Transport,Pedestrian,1,True,,,,,,,4294.067791,RIDGEMONT RD,41.65388929,30,4,B,MEMPHIS,SHELBY,52106,41.653889286835415,City of Memphis,city_residual,city: no state-route overlap,RIDGEMONT RD,False,False,False,City of Memphis,False,,4279.7,False,
300921575,11/4/2023,11/4/2023 18:30,2023,11,Saturday,18,35.177612,-89.95804,Possible Injury,Pedestrian,Not Intersection-In Crosswalk,Intersection,Daylight,Not Collision with Motor Vehicle in Transport,Pedestrian,1,True,,,,,,,1351.700164,ORIOLE ST,23.51987588,30,2,B,MEMPHIS,SHELBY,82980,23.519875876532144,City of Memphis,city_residual,city: no state-route overlap,ORIOLE ST,False,False,False,City of Memphis,False,,1318.5,False,
300922705,11/9/2023,11/9/2023 17:14,2023,11,Thursday,17,35.149544,-90.04439,Suspected Minor Injury,Pedestrian,Intersection-In Crosswalk,Intersection,Dark-Lighted,Not Collision with Motor Vehicle in Transport,Pedestrian,1,True,,,,,,,119.7233312,EXCHANGE AVE,0.565126251,30,2,B,MEMPHIS,SHELBY,6544,0.5651262510725755,City of Memphis,city_residual,city: no state-route overlap,EXCHANGE AVE,False,False,False,City of Memphis,True,,136.3,False,no_signal_coverage
300922709,11/9/2023,11/9/2023 18:20,2023,11,Thursday,18,35.136204,-90.016266,Suspected Minor Injury,Pedestrian,Intersection-On Roadway not in Crosswalk,Intersection,Dark-Lighted,Not Collision with Motor Vehicle in Transport,Pedestrian,1,True,,,,,,,70.51544182,ALLEY,29.7053364,25,1,B,MEMPHIS,SHELBY,267,29.70533639972608,City of Memphis,city_residual,city: no state-route overlap,ALLEY,False,False,False,City of Memphis,True,,79.8,True,no_signal_coverage
300920103,10/27/2023,10/27/2023 22:00,2023,10,Friday,22,35.018356,-90.06777,Suspected Serious Injury,Pedestrian,Not Intersection-On Roadway Crosswalk not Available,"Driveway, Alley Access, etc",Dark-Lighted,Not Collision with Motor Vehicle in Transport,Pedestrian,1,True,,,,,,,287.1935152,W GEETER RD,26.77047675,30,2,B,MEMPHIS,SHELBY,72010,26.770476748564157,City of Memphis,city_residual,city: no state-route overlap,W GEETER RD,False,False,False,City of Memphis,False,,1581.7,False,
300924559,11/18/2023,11/18/2023 19:50,2023,11,Saturday,19,35.035503,-90.090324,Possible Injury,Pedestrian,Intersection-On Roadway Crosswalk availability Unknown,Intersection,Dawn,Not Collision with Motor Vehicle in Transport,Pedestrian,1,True,,,,,,,1209.325548,W RAINES RD,41.85144794,40,5,B,MEMPHIS,SHELBY,49557,41.85144794407477,City of Memphis,city_residual,city: no state-route overlap,W RAINES RD,False,False,False,City of Memphis,True,,1238.3,True,no_signal_coverage
300922763,11/8/2023,11/8/2023 8:15,2023,11,Wednesday,8,35.143147,-90.04417,Possible Injury,Pedestrian,Intersection-On Roadway not in Crosswalk,"Driveway, Alley Access, etc",Daylight,Not Collision with Motor Vehicle in Transport,Pedestrian,1,True,S DANNY THOMAS BLVD,Principal Arterial,35.0,2.0,1,6.0,2.694832427,MADISON AVE,0.022979936,35,4,B,MEMPHIS,SHELBY,50307,0.0229799355275459,City of Memphis,city_residual,city: no state-route overlap,MADISON AVE,False,False,True,City of Memphis,True,2577,151.5,False,no
300924350,11/17/2023,11/17/2023 19:00,2023,11,Friday,19,35.083065,-89.93171,Possible Injury,Pedestrian,Intersection-Not on Roadway,Intersection-Related,Dark-Lighted,Not Collision with Motor Vehicle in Transport,Pedestrian,1,True,,,,,,,288.9813947,GETWELL RD,41.04552474,40,7,B,MEMPHIS,SHELBY,53672,41.04552473585913,City of Memphis,city_residual,city: no state-route overlap,GETWELL RD,False,False,False,City of Memphis,True,,170.5,True,no_signal_coverage
300922788,11/9/2023,11/9/2023 0:14,2023,11,Thursday,0,35.06032,-90.06083,Possible Injury,Pedestrian,Not Intersection-On Roadway Not In Crosswalk,Intersection,Dark-Lighted,Not Collision with Motor Vehicle in Transport,Pedestrian,1,True,,,,,,,121.8481903,E ROLLINS RD,31.92495632,30,2,B,MEMPHIS,SHELBY,72080,31.924956317931866,City of Memphis,city_residual,city: no state-route overlap,E ROLLINS RD,False,False,False,City of Memphis,False,,336.6,False,
300920164,10/27/2023,10/27/2023 20:47,2023,10,Friday,20,35.073643,-89.90422,Possible Injury,Pedestrian,Not Intersection-On Roadway Not In Crosswalk,Non-Junction,Dark-Lighted,Not Collision with Motor Vehicle in Transport,Pedestrian,1,True,,,,,,,2506.953666,AMERICAN WAY,46.40280206,45,5,B,MEMPHIS,SHELBY,49380,46.402802063866005,City of Memphis,city_residual,city: no state-route overlap,AMERICAN WAY,False,False,False,City of Memphis,False,,491.2,False,
300918339,10/18/2023,10/18/2023 15:52,2023,10,Wednesday,15,35.13079,-90.02165,Possible Injury,Pedestrian,Intersection-On Roadway not in Crosswalk,Intersection,Daylight,Not Collision with Motor Vehicle in Transport,Pedestrian,1,True,,,,,,,65.69058225,S BELLEVUE BLVD,66.24547213,35,4,B,MEMPHIS,SHELBY,46753,66.24547213251455,TDOT state route,state_route_overlap,"state route: 100% overlap, name=S BELLEVUE",S BELLEVUE BLVD,False,False,False,TDOT state route,True,,163.1,True,no_signal_coverage
300924868,11/20/2023,11/20/2023 12:30,2023,11,Monday,12,35.084736,-89.98446,Possible Injury,Pedestrian,Not Intersection-On Roadway Not In Crosswalk,Non-Junction,Daylight,Not Collision with Motor Vehicle in Transport,Pedestrian,1,True,,,,,,,1732.165758,DWIGHT RD,1.682233597,35,2,B,MEMPHIS,SHELBY,73482,1.6822335966358335,City of Memphis,city_residual,city: no state-route overlap,DWIGHT RD,False,False,False,City of Memphis,False,,357.0,False,
300922220,11/7/2023,11/7/2023 15:48,2023,11,Tuesday,15,35.21583,-89.92238,Possible Injury,Pedestrian,Intersection-On Roadway Crosswalk Not Available,Intersection,Daylight,Not Collision with Motor Vehicle in Transport,Pedestrian,1,True,,,,,,,555.9900066,HANNA DR,23.51780881,30,2,B,MEMPHIS,SHELBY,28219,23.51780881435412,City of Memphis,city_residual,city: no state-route overlap,HANNA DR,False,False,False,City of Memphis,True,,553.6,True,no_signal_coverage
300927745,12/4/2023,12/4/2023 15:43,2023,12,Monday,15,35.09624,-89.85845,Possible Injury,Pedestrian,Not Intersection-On Roadway Not In Crosswalk,Non-Junction,Daylight,Not Collision with Motor Vehicle in Transport,Pedestrian,1,True,,,,,,,596.0702313,RIDGEWAY RD,8.557079077,40,7,B,MEMPHIS,SHELBY,52875,8.557079077307709,City of Memphis,city_residual,city: no state-route overlap,RIDGEWAY RD,False,False,False,City of Memphis,False,,133.8,False,
300929339,12/11/2023,12/11/2023 7:40,2023,12,Monday,7,35.210182,-90.02313,Possible Injury,Pedestrian,Not Intersection-On Roadway Not In Crosswalk,Non-Junction,Dusk,Not Collision with Motor Vehicle in Transport,Pedestrian,1,True,,,,,,,847.7697455,DELLWOOD AVE,0.535445918,35,2,B,MEMPHIS,SHELBY,2690,0.5354459182098654,City of Memphis,city_residual,city: no state-route overlap,DELLWOOD AVE,False,False,False,City of Memphis,False,,832.9,False,
300927753,12/3/2023,12/3/2023 20:50,2023,12,Sunday,20,35.10837,-90.02629,No Injury,Pedestrian,Not Intersection-Outside Traffic,Intersection-Related,Dark-Not Lighted,Angle,Other,1,True,,,,,,,432.2892843,ENGLEWOOD ST,18.00296612,25,2,B,MEMPHIS,SHELBY,82351,18.002966116220055,City of Memphis,city_residual,city: no state-route overlap,ENGLEWOOD ST,False,False,False,City of Memphis,False,,198.3,False,
300927756,12/4/2023,12/4/2023 17:30,2023,12,Monday,17,35.02604,-90.00751,Possible Injury,Pedestrian,Intersection-On Roadway not in Crosswalk,Non-Junction,Dusk,Not Collision with Motor Vehicle in Transport,Pedestrian,1,True,,,,,,,551.688975,MILLBRANCH RD,1.135182693,40,4,B,MEMPHIS,SHELBY,49772,1.1351826929970548,City of Memphis,city_residual,city: no state-route overlap,MILLBRANCH RD,False,False,False,City of Memphis,True,,539.4,False,no_signal_coverage
300926936,11/30/2023,11/30/2023 8:10,2023,11,Thursday,8,35.035538,-90.023155,Possible Injury,Pedestrian,Intersection-On Roadway not in Crosswalk,Non-Junction,Daylight,Not Collision with Motor Vehicle in Transport,Pedestrian,1,True,,,,,,,183.2649062,E RAINES RD,1.922394916,40,5,B,MEMPHIS,SHELBY,49723,1.922394915937676,City of Memphis,city_residual,city: no state-route overlap,E RAINES RD,False,False,False,City of Memphis,True,,167.9,False,no_signal_coverage