MstrRecNbrTxt,CollisionDate,CollisionDteTime,YearNmb,Month,DayOfWeek,Hour,Latitude,Longitude,InjuryClass,PersonType,NonMotoristLocation,RelationToJunction,LightCondition,MannerOfCollision,FirstHarmfulEvent,VictimsInCrash,InMemphis,StateRoute_NAME,StateRoute_F_System,StateRoute_SPDLIMIT,StateRoute_LANES,StateRoute_ALTNAME_1,StateRoute_Council_District,DistToStateRoute_m,Street_Name,DistToStreet_m,Street_SPDLIMIT,Street_LANES,Street_ONEWAY,Street_CITY_L,Street_COUNTY_L,Seg_OBJECTID,DistToSeg_m,Ownership,Rule_Fired,Classification_Basis,Matched_Street,is_limited_access,is_override,is_corner_case,Jurisdiction_prev,at_intersection,intersection_node_id,nearest_ped_signal_m,is_ambiguous_intersection,intersection_signalized
300949478,4/1/2024,4/1/2024 0:00,2024,4,Monday,99,35.01037,-90.03232,No Injury,Other Non-Motorist,Unknown,Non-Junction,Unknown,Unknown,Other,1,True,,,,,,,644.7042005,HESTER RD,2.620015196,35,2,B,MEMPHIS,SHELBY,72283,2.620015195851269,City of Memphis,city_residual,city: no state-route overlap,HESTER RD,False,False,False,City of Memphis,False,,773.9,False,
300950194,3/15/2024,3/15/2024 6:46,2024,3,Friday,6,35.152725,-90.04702,Possible Injury,Pedestrian,Intersection-On Roadway not in Crosswalk,Intersection,Dark-Not Lighted,Not Collision with Motor Vehicle in Transport,Pedestrian,1,True,N THIRD ST,Minor Arterial,35.0,3.0,3,7.0,1.537370619,N B B KING BLVD,0.228017629,35,3,B,MEMPHIS,SHELBY,53246,0.2280176290157611,TDOT state route,state_route_overlap,"state route: 100% overlap, name=N B B KING",N B B KING BLVD,False,False,False,TDOT state route,True,,32.1,True,no_signal_coverage
300947519,3/22/2024,3/22/2024 15:16,2024,3,Friday,15,35.11567,-90.03179,Possible Injury,Pedestrian,Not Intersection-In Crosswalk,AccelDecelLane,Daylight,Not Collision with Motor Vehicle in Transport,Pedestrian,1,True,,,,,,,924.7135802,E MCLEMORE AVE,16.16003829,35,2,B,MEMPHIS,SHELBY,50950,16.160038287609083,City of Memphis,city_residual,city: no state-route overlap,E MCLEMORE AVE,False,False,False,City of Memphis,False,,639.8,False,
300950399,4/6/2024,4/6/2024 0:00,2024,4,Saturday,99,35.149372,-90.01437,Possible Injury,Pedestrian,Intersection-Unknown,Unknown,Unknown,Not Collision with Motor Vehicle in Transport,Pedestrian,1,True,,,,,,,414.6024225,N CLEVELAND ST,0.107609152,35,4,B,MEMPHIS,SHELBY,50449,0.1076091519151854,City of Memphis,city_residual,city: no state-route overlap,N CLEVELAND ST,False,False,False,City of Memphis,True,,591.4,False,no_signal_coverage
300950936,4/8/2024,4/8/2024 17:30,2024,4,Monday,17,35.14286,-90.044716,Possible Injury,Pedestrian,Not Intersection-In Parking Lane,Non-Junction,Dawn,Not Collision with Motor Vehicle in Transport,Pedestrian,1,True,S DANNY THOMAS BLVD,Principal Arterial,35.0,2.0,1,6.0,17.24556981,MADISON AVE TO S DANNY THOMAS BLVD,10.55787966,30,2,FT,MEMPHIS,SHELBY,36370,10.5578796577255,Interstate ramp (TDOT),interstate_ramp,interstate ramp: MTFCC S1630,MADISON AVE TO S DANNY THOMAS BLVD,True,False,False,Interstate ramp,False,,102.3,False,
300950023,4/1/2024,4/1/2024 16:15,2024,4,Monday,16,35.150452,-90.049215,Possible Injury,Pedestrian,Not Intersection-On Roadway Not In Crosswalk,Non-Junction,Daylight,Not Collision with Motor Vehicle in Transport,Pedestrian,1,True,N SECOND ST,Minor Arterial,35.0,3.0,3,7.0,10.6124248,N SECOND ST,8.798286111,35,3,TF,MEMPHIS,SHELBY,50302,8.798286110796008,TDOT state route,state_route_overlap,"state route: 100% overlap, name=N SECOND",N SECOND ST,False,False,False,TDOT state route,False,,95.9,False,
300920224,10/29/2023,10/29/2023 5:08,2023,10,Sunday,5,35.107483,-90.05545,Fatal,Pedestrian,Intersection-In Crosswalk,Non-Junction,Dark-Lighted,Not Collision with Motor Vehicle in Transport,Pedestrian,1,True,S THIRD ST,Principal Arterial,40.0,4.0,14,6.0,10.33659443,S THIRD ST,10.74598377,40,4,B,MEMPHIS,SHELBY,46929,10.745983769076254,TDOT state route,state_route_overlap,"state route: 100% overlap, name=S THIRD",S THIRD ST,False,False,False,TDOT state route,True,1627,8.1,False,yes
300949759,4/3/2024,4/3/2024 10:30,2024,4,Wednesday,10,35.09741,-90.01392,Possible Injury,Pedestrian,Intersection-On Roadway Crosswalk Not Available,Intersection,Daylight,Not Collision with Motor Vehicle in Transport,Pedestrian,1,True,,,,,,,370.974891,MENAGER RD,0.191306497,30,2,B,MEMPHIS,SHELBY,73401,0.1913064972618696,City of Memphis,city_residual,city: no state-route overlap,MENAGER RD,False,False,False,City of Memphis,True,,380.5,False,no_signal_coverage
300947315,3/8/2024,3/8/2024 4:00,2024,3,Friday,4,35.054024,-90.02735,Possible Injury,Pedestrian,Intersection-On Roadway Crosswalk availability Unknown,Intersection,Dark-Lighted,Not Collision with Motor Vehicle in Transport,Pedestrian,1,True,,,,,,,213.3254027,WINCHESTER RD,34.28623011,40,7,B,MEMPHIS,SHELBY,49718,34.286230113676794,City of Memphis,city_residual,city: no state-route overlap,WINCHESTER RD,False,False,False,City of Memphis,True,,195.1,True,no_signal_coverage
300894643,6/23/2023,6/23/2023 3:54,2023,6,Friday,3,35.063107,-90.059204,Fatal,Pedestrian,Not Intersection-On Roadway Not In Crosswalk,Non-Junction,Dark-Lighted,Not Collision with Motor Vehicle in Transport,Pedestrian,1,True,S THIRD ST,Principal Arterial,45.0,7.0,14,6.0,0.155284825,E BROOKS RD,0.360454805,35,3,B,MEMPHIS,SHELBY,52491,0.3604548049905562,City of Memphis,city_residual,city: no state-route overlap,E BROOKS RD,False,False,False,City of Memphis,False,1311,17.7,True,
300948253,3/26/2024,3/26/2024 16:27,2024,3,Tuesday,16,35.091415,-89.90695,Possible Injury,Pedestrian,Intersection-On Roadway not in Crosswalk,Intersection,Daylight,Not Collision with Motor Vehicle in Transport,Pedestrian,1,True,,,,,,,2530.603829,S PERKINS RD,0.375698914,35,4,B,MEMPHIS,SHELBY,51498,0.3756989138415835,City of Memphis,city_residual,city: no state-route overlap,S PERKINS RD,False,False,False,City of Memphis,True,12309,1356.3,False,no
300952538,4/18/2024,4/18/2024 2:35,2024,4,Thursday,2,35.168423,-89.86469,Possible Injury,Pedestrian,Intersection-On Roadway not in Crosswalk,Non-Junction,Dark-Lighted,Not Collision with Motor Vehicle in Transport,Pedestrian,1,True,,,,,,,519.6593058,SYCAMORE VIEW RD,0.481600594,45,7,B,MEMPHIS,SHELBY,50094,0.4816005940865968,City of Memphis,city_residual,city: no state-route overlap,SYCAMORE VIEW RD,False,False,False,City of Memphis,True,,20.7,False,no_signal_coverage
300952777,4/19/2024,4/19/2024 9:30,2024,4,Friday,9,35.077015,-89.98536,Suspected Serious Injury,Pedestrian,Not Intersection-Adjacent to Roadway,Non-Junction,Daylight,Front to Rear,Other,1,True,,,,,,,2286.633437,INTERSTATE 240 W,0.161988213,65,4,TF,MEMPHIS,SHELBY,39852,0.1619882125478431,Interstate (TDOT),interstate_mainline,interstate: MTFCC S1100,INTERSTATE 240 W,True,False,False,Interstate (TDOT),False,,245.7,False,
300952986,4/20/2024,4/20/2024 19:19,2024,4,Saturday,19,35.112816,-89.98202,Suspected Minor Injury,Pedestrian,Intersection-Unknown,Intersection,Daylight,Not Collision with Motor Vehicle in Transport,Pedestrian,1,True,,,,,,,245.3275351,CARNES AVE,0.311773486,30,2,B,MEMPHIS,SHELBY,5268,0.3117734856588939,City of Memphis,city_residual,city: no state-route overlap,CARNES AVE,False,False,False,City of Memphis,True,,288.6,False,no_signal_coverage
300917949,10/18/2023,10/18/2023 23:32,2023,10,Wednesday,23,35.07429,-90.00193,Fatal,Pedestrian,Not Intersection-On Roadway Not In Crosswalk,Entrance/Exit Ramp Related,Dark-Lighted,Front to Rear,Other,1,True,,,,,,,1654.762416,MILLBRANCH RD OR NONCONNAH BLVD TO 240 E,0.087836745,45,2,FT,MEMPHIS,SHELBY,35775,0.0878367449859949,Interstate ramp (TDOT),interstate_ramp,interstate ramp: MTFCC S1630,MILLBRANCH RD OR NONCONNAH BLVD TO 240 E,True,False,False,Interstate ramp,False,,599.8,False,
300956353,5/10/2024,5/10/2024 12:09,2024,5,Friday,12,35.072014,-89.86256,Possible Injury,Pedestrian,Not Intersection-On Roadway Not In Crosswalk,Crossover-Related,Daylight,Not Collision with Motor Vehicle in Transport,Pedestrian,1,True,,,,,,,317.9769631,MOUNT MORIAH ROAD EXT,1.787079831,45,5,B,MEMPHIS,SHELBY,49469,1.7870798310608098,City of Memphis,city_residual,city: no state-route overlap,MOUNT MORIAH ROAD EXT,False,False,False,City of Memphis,False,,72.2,False,
300918413,10/21/2023,10/21/2023 6:00,2023,10,Saturday,6,35.16826,-89.86452,Suspected Serious Injury,Pedestrian,Not Intersection-On Roadway Not In Crosswalk,Non-Junction,Dark-Not Lighted,Not Collision with Motor Vehicle in Transport,Pedestrian,1,True,,,,,,,543.1408144,SHELBY OAKS DR,0.316045196,40,4,B,MEMPHIS,SHELBY,35005,0.3160451960274763,City of Memphis,city_residual,city: no state-route overlap,SHELBY OAKS DR,False,False,False,City of Memphis,False,,23.4,False,
300955061,5/2/2024,5/2/2024 20:25,2024,5,Thursday,20,35.148599,-89.897898,Fatal,Pedestrian,Intersection-In Crosswalk,Unknown,Dark-Lighted,Not Collision with Motor Vehicle in Transport,Pedestrian,1,True,SUMMER AVE,Principal Arterial,40.0,7.0,1,5.0,4.804618291,SUMMER AVE,0.150631766,40,7,B,MEMPHIS,SHELBY,48493,0.1506317657443207,TDOT state route,state_route_overlap,"state route: 100% overlap, name=SUMMER",SUMMER AVE,False,False,False,TDOT state route,True,13246,14.0,False,yes
300957664,5/17/2024,5/17/2024 20:53,2024,5,Friday,20,35.1073,-90.04194,Fatal,Pedestrian,Intersection-On Roadway not in Crosswalk,Non-Junction,Dark-Lighted,Not Collision with Motor Vehicle in Transport,Pedestrian,1,True,,,,,,,1221.454765,S PARKWAY E,0.273016319,35,5,B,MEMPHIS,SHELBY,50894,0.2730163186740336,City of Memphis,city_residual,city: no state-route overlap,S PARKWAY E,False,False,False,City of Memphis,True,2607,1068.8,False,no
300957030,5/14/2024,5/14/2024 7:55,2024,5,Tuesday,7,35.213177,-90.012955,Possible Injury,Pedestrian,Intersection-In Crosswalk,Intersection,Daylight,Not Collision with Motor Vehicle in Transport,Pedestrian,1,True,,,,,,,1543.866691,DELLWOOD AVE,4.169535332,35,2,B,MEMPHIS,SHELBY,2733,4.169535332083485,City of Memphis,city_residual,city: no state-route overlap,DELLWOOD AVE,False,False,False,City of Memphis,True,,1548.3,False,no_signal_coverage
300958098,5/20/2024,5/20/2024 17:30,2024,5,Monday,17,35.04586,-89.85497,Possible Injury,Pedestrian,Not Intersection-Unknown,Intersection-Related,Daylight,Not Collision with Motor Vehicle in Transport,Pedestrian,1,True,,,,,,,2304.713922,RIDGEWAY BLVD,65.08643158,40,4,B,MEMPHIS,SHELBY,8286,65.086431584927,City of Memphis,city_residual,city: no state-route overlap,RIDGEWAY BLVD,False,False,False,City of Memphis,False,,472.9,False,
300954829,4/28/2024,4/28/2024 16:00,2024,4,Sunday,16,35.134922,-90.046394,Possible Injury,Pedestrian,Intersection-On Roadway Crosswalk Not Available,Intersection-Related,Daylight,Not Collision with Motor Vehicle in Transport,Pedestrian,1,True,S DANNY THOMAS BLVD,Principal Arterial,35.0,5.0,1,6.0,1.498834188,S DANNY THOMAS BLVD,0.028833577,35,5,B,MEMPHIS,SHELBY,46628,0.0288335774071086,TDOT state route,state_route_overlap,"state route: 100% overlap, name=S DANNY THOMAS",S DANNY THOMAS BLVD,False,False,False,TDOT state route,True,2402,17.3,False,yes
300955766,5/6/2024,5/6/2024 17:00,2024,5,Monday,17,35.042038,-90.089806,Suspected Serious Injury,Pedestrian,Not Intersection-On Roadway Not In Crosswalk,AccelDecelLane,Dawn,Not Collision with Motor Vehicle in Transport,Pedestrian,1,True,,,,,,,1633.890805,W LEVI RD,48.36749226,35,2,B,MEMPHIS,SHELBY,75542,48.36749226214311,City of Memphis,city_residual,city: no state-route overlap,W LEVI RD,False,False,False,City of Memphis,False,,1658.8,False,
300954341,4/29/2024,4/29/2024 4:55,2024,4,Monday,4,35.10512,-89.98553,Possible Injury,Pedestrian,Intersection-On Roadway not in Crosswalk,Intersection,Dark-Lighted,Not Collision with Motor Vehicle in Transport,Pedestrian,1,True,LAMAR AVE,Principal Arterial,40.0,5.0,4,4.0,15.08993829,LAMAR AVE,11.53511439,40,5,B,MEMPHIS,SHELBY,46982,11.535114387937666,TDOT state route,state_route_overlap,"state route: 100% overlap, name=LAMAR",LAMAR AVE,False,False,False,TDOT state route,True,6997,27.2,False,yes
300955520,5/4/2024,5/4/2024 15:10,2024,5,Saturday,15,35.14082,-89.96703,Possible Injury,Pedestrian,Intersection-On Roadway Crosswalk availability Unknown,Intersection-Related,Daylight,Not Collision with Motor Vehicle in Transport,Pedestrian,1,True,,,,,,,526.3560154,SCOTT ST,25.06968002,35,2,B,MEMPHIS,SHELBY,51085,25.069680019209795,City of Memphis,city_residual,city: no state-route overlap,SCOTT ST,False,False,False,City of Memphis,True,,708.9,True,no_signal_coverage
300953972,4/26/2024,4/26/2024 7:00,2024,4,Friday,7,35.02524,-90.050224,No Injury,Other Non-Motorist,Unknown,AccelDecelLane,Dawn,Angle,Other,1,True,,,,,,,485.9309917,STONEHAM RD,29.86119249,30,2,B,MEMPHIS,SHELBY,72150,29.861192486878824,City of Memphis,city_residual,city: no state-route overlap,STONEHAM RD,False,False,False,City of Memphis,False,,2321.9,False,
300926954,12/1/2023,12/1/2023 0:59,2023,12,Friday,0,35.07478,-89.94915,Fatal,Pedestrian,Not Intersection-On Roadway Not In Crosswalk,Non-Junction,Dark-Lighted,Not Collision with Motor Vehicle in Transport,Pedestrian,1,True,LAMAR AVE,Principal Arterial,40.0,7.0,4,4.0,4.511932424,LAMAR AVE,1.683390412,40,7,B,MEMPHIS,SHELBY,47668,1.6833904122462244,TDOT state route,state_route_overlap,"state route: 100% overlap, name=LAMAR",LAMAR AVE,False,False,False,TDOT state route,False,,251.3,False,
300957781,5/18/2024,5/18/2024 21:20,2024,5,Saturday,21,35.083344,-89.98604,Suspected Minor Injury,Pedestrian,Not Intersection-On Roadway Not In Crosswalk,Non-Junction,Dusk,Not Collision with Motor Vehicle in Transport,Pedestrian,1,True,,,,,,,1939.686558,CANDLEWYCK CIR,3.787945267,30,1,B,MEMPHIS,SHELBY,9671,3.7879452667102846,City of Memphis,city_residual,city: no state-route overlap,CANDLEWYCK CIR,False,False,False,City of Memphis,False,6916,373.3,True,
300956441,5/10/2024,5/10/2024 20:56,2024,5,Friday,20,35.235962,-90.01259,Suspected Minor Injury,Pedestrian,Intersection-Unknown,Intersection,Dark-Lighted,Not Collision with Motor Vehicle in Transport,Pedestrian,1,True,,,,,,,123.8100168,N WATKINS ST,58.62885831,40,4,B,MEMPHIS,SHELBY,52413,58.62885831460845,City of Memphis,city_residual,city: no state-route overlap,N WATKINS ST,False,False,False,City of Memphis,True,,118.6,True,no_signal_coverage
300954656,4/29/2024,4/29/2024 15:35,2024,4,Monday,15,35.06289,-89.91092,Suspected Minor Injury,Pedestrian,Not Intersection-On Roadway Not In Crosswalk,Non-Junction,Daylight,Not Collision with Motor Vehicle in Transport,Pedestrian,1,True,,,,,,,1838.977625,KNIGHT RD,35.69700311,35,2,B,MEMPHIS,SHELBY,71209,35.69700310937489,City of Memphis,city_residual,city: no state-route overlap,KNIGHT RD,False,False,False,City of Memphis,False,,489.9,False,
300954671,4/27/2024,4/27/2024 22:07,2024,4,Saturday,22,35.152966,-89.771385,Possible Injury,Pedestrian,Intersection-On Roadway Crosswalk availability Unknown,Non-Junction,Dark-Not Lighted,Not Collision with Motor Vehicle in Transport,Pedestrian,1,True,,,,,,,2176.099699,SANGA RD,0.298817357,35,2,B,MEMPHIS,SHELBY,70396,0.2988173572036467,City of Memphis,city_residual,city: no state-route overlap,SANGA RD,False,False,False,City of Memphis,True,,2155.3,True,no_signal_coverage
300953997,4/26/2024,4/26/2024 22:30,2024,4,Friday,22,35.149506,-89.961494,Suspected Minor Injury,Pedestrian,Not Intersection-On Roadway Not In Crosswalk,Intersection-Related,Dark-Lighted,Not Collision with Motor Vehicle in Transport,Pedestrian,1,True,SUMMER AVE,Principal Arterial,35.0,5.0,1,5.0,4.823484616,SUMMER AVE,0.166813488,35,5,B,MEMPHIS,SHELBY,47017,0.1668134880312681,TDOT state route,state_route_overlap,"state route: 100% overlap, name=SUMMER",SUMMER AVE,False,False,False,TDOT state route,False,8772,22.5,True,
300955583,5/5/2024,5/5/2024 21:48,2024,5,Sunday,21,35.03552,-90.02223,Suspected Serious Injury,Pedestrian,Not Intersection-On Roadway Not In Crosswalk,Intersection-Related,Dark-Lighted,Not Collision with Motor Vehicle in Transport,Pedestrian,1,True,,,,,,,267.6820456,BARTON DR,0.122583433,30,2,B,MEMPHIS,SHELBY,34408,0.1225834333936187,City of Memphis,city_residual,city: no state-route overlap,BARTON DR,False,False,False,City of Memphis,False,,252.3,False,
300955154,5/3/2024,5/3/2024 8:35,2024,5,Friday,8,35.13798,-90.02818,Suspected Minor Injury,Pedestrian,Intersection-In Crosswalk,Intersection,Daylight,Not Collision with Motor Vehicle in Transport,Pedestrian,1,True,UNION AVE,Principal Arterial,35.0,6.0,3,6.0,5.13440923,S PAULINE ST,0.067142524,30,4,B,MEMPHIS,SHELBY,84368,0.0671425237295522,City of Memphis,city_residual,city: no state-route overlap,S PAULINE ST,False,False,True,City of Memphis,True,,2.6,False,no_signal_coverage
300924427,11/17/2023,11/17/2023 23:39,2023,11,Friday,23,35.12588,-89.981995,Fatal,Pedestrian,Not Intersection-On Roadway Not In Crosswalk,Non-Junction,Dark-Lighted,Not Collision with Motor Vehicle in Transport,Pedestrian,1,True,,,,,,,184.2347012,CENTRAL AVE,2.004704782,40,5,B,MEMPHIS,SHELBY,50677,2.00470478228411,City of Memphis,city_residual,city: no state-route overlap,CENTRAL AVE,False,False,False,City of Memphis,False,,169.4,False,
300956484,5/11/2024,5/11/2024 6:00,2024,5,Saturday,6,35.104614,-89.98456,Possible Injury,Pedestrian,Intersection-On Roadway not in Crosswalk,Intersection,Unknown,Front to Rear,Other,1,True,LAMAR AVE,Principal Arterial,40.0,5.0,4,4.0,3.974019845,S TREZEVANT ST,0.2932666,35,2,B,MEMPHIS,SHELBY,82501,0.2932665999330767,City of Memphis,city_residual,city: no state-route overlap,S TREZEVANT ST,False,False,False,City of Memphis,True,7071,1.5,False,yes
300956968,5/12/2024,5/12/2024 0:50,2024,5,Sunday,0,35.107162,-90.037094,Unknown,Pedestrian,Intersection-On Roadway not in Crosswalk,Intersection,Dark-Not Lighted,Not Collision with Motor Vehicle in Transport,Pedestrian,1,True,,,,,,,1425.928453,KERR AVE,1.282482165,35,1,FT,MEMPHIS,SHELBY,50913,1.28248216484211,City of Memphis,city_residual,city: no state-route overlap,KERR AVE,False,False,False,City of Memphis,True,,654.0,True,no_signal_coverage
300955621,5/3/2024,5/3/2024 13:19,2024,5,Friday,13,35.21783,-90.00306,Possible Injury,Pedestrian,Not Intersection-On Roadway Not In Crosswalk,Intersection,Daylight,Not Collision with Motor Vehicle in Transport,Pedestrian,1,True,,,,,,,1992.426059,N WATKINS ST,31.53350266,40,5,B,MEMPHIS,SHELBY,49879,31.533502663117087,City of Memphis,city_residual,city: no state-route overlap,N WATKINS ST,False,False,False,City of Memphis,False,,2255.9,False,
300954963,5/1/2024,5/1/2024 15:27,2024,5,Wednesday,15,35.02061,-89.91999,Possible Injury,Pedestrian,Not Intersection-On Roadway Not In Crosswalk,AccelDecelLane,Daylight,Not Collision with Motor Vehicle in Transport,Pedestrian,1,True,E SHELBY DR,Principal Arterial,45.0,6.0,175,3.0,4.840574606,E SHELBY DR,0.158881839,45,6,B,MEMPHIS,SHELBY,46426,0.1588818389262921,TDOT state route,state_route_overlap,"state route: 100% overlap, name=E SHELBY",E SHELBY DR,False,False,False,TDOT state route,False,,67.9,False,
300954281,4/27/2024,4/27/2024 14:40,2024,4,Saturday,14,35.114773,-89.94623,Possible Injury,Pedestrian,Intersection-Not on Roadway,"Driveway, Alley Access, etc",Daylight,Not Collision with Motor Vehicle in Transport,Pedestrian,1,True,,,,,,,1425.968029,SOUTHERN AVE,28.62924291,30,2,B,MEMPHIS,SHELBY,5696,28.62924291293009,City of Memphis,city_residual,city: no state-route overlap,SOUTHERN AVE,False,False,False,City of Memphis,True,,1428.5,True,no_signal_coverage
300956511,5/9/2024,5/9/2024 15:30,2024,5,Thursday,15,35.223324,-89.99916,Suspected Serious Injury,Pedestrian,Intersection-On Roadway Crosswalk Not Available,Intersection,Daylight,Not Collision with Motor Vehicle in Transport,Pedestrian,1,True,,,,,,,1932.443551,BIGELOW ST,21.93025332,30,2,B,MEMPHIS,SHELBY,79920,21.93025331543796,City of Memphis,city_residual,city: no state-route overlap,BIGELOW ST,False,False,False,City of Memphis,True,,1952.3,True,no_signal_coverage
300952851,4/19/2024,4/19/2024 16:58,2024,4,Friday,16,35.071568,-90.02111,Suspected Serious Injury,Pedestrian,Not Intersection-On Roadway Crosswalk not Available,AccelDecelLane,Daylight,Front to Rear,Other,1,True,ELVIS PRESLEY BLVD,Minor Arterial,40.0,4.0,3,6.0,0.73834991,INTERSTATE 240 W,0.267983235,65,3,TF,MEMPHIS,SHELBY,39490,0.2679832346058247,Interstate (TDOT),interstate_mainline,interstate: MTFCC S1100,INTERSTATE 240 W,True,False,False,Interstate (TDOT),False,,738.6,False,
300954290,4/27/2024,4/27/2024 21:59,2024,4,Saturday,21,35.13394,-89.96567,Suspected Serious Injury,Pedestrian,Not Intersection-On Roadway Not In Crosswalk,Non-Junction,Dark-Not Lighted,Not Collision with Motor Vehicle in Transport,Pedestrian,1,True,,,,,,,36.63150609,POPLAR AVE,32.46774913,40,7,B,MEMPHIS,SHELBY,47005,32.4677491335467,TDOT state route,state_route_overlap,"state route: 100% overlap, name=POPLAR",POPLAR AVE,False,False,False,TDOT state route,False,,64.6,False,
300956769,5/10/2024,5/10/2024 21:00,2024,5,Friday,21,35.05136,-89.92251,Suspected Serious Injury,Pedestrian,Not Intersection-Outside Traffic,Non-Junction,Dark-Lighted,Not Collision with Motor Vehicle in Transport,Pedestrian,1,True,,,,,,,201.3994941,WINCHESTER RD,20.08028306,45,7,B,MEMPHIS,SHELBY,49344,20.08028306371198,City of Memphis,city_residual,city: no state-route overlap,WINCHESTER RD,False,False,False,City of Memphis,False,,50.0,False,
300955323,5/3/2024,5/3/2024 15:05,2024,5,Friday,15,35.133532,-89.98368,Suspected Serious Injury,Pedestrian,Intersection-Not on Roadway,Intersection,Daylight,Angle,Other,1,True,E PARKWAY,Principal Arterial,40.0,2.0,277,5.0,0.130145004,UNION AVE,0.196367,35,6,B,MEMPHIS,SHELBY,48170,0.1963669997904382,TDOT state route,state_route_overlap,"state route: 100% overlap, name=UNION",UNION AVE,False,False,False,TDOT state route,True,7211,29.4,False,yes
300958018,5/15/2024,5/15/2024 9:30,2024,5,Wednesday,9,35.114944,-89.95088,Possible Injury,Pedestrian,Not Intersection-On Roadway Crosswalk not Available,Intersection-Related,Daylight,Not Collision with Motor Vehicle in Transport,Pedestrian,1,True,,,,,,,1516.083229,SOUTHERN AVE,2.06711587,30,2,B,MEMPHIS,SHELBY,7287,2.067115869589073,City of Memphis,city_residual,city: no state-route overlap,SOUTHERN AVE,False,False,False,City of Memphis,False,,1494.7,False,
300955668,5/6/2024,5/6/2024 9:35,2024,5,Monday,9,35.01023,-90.01936,No Injury,Pedestrian,Not Intersection-Outside Traffic,Intersection-Related,Daylight,Not Collision with Motor Vehicle in Transport,Other,1,True,,,,,,,538.2925795,DURANT ST,0.158615971,30,2,B,MEMPHIS,SHELBY,79685,0.1586159708751868,City of Memphis,city_residual,city: no state-route overlap,DURANT ST,False,False,False,City of Memphis,False,,662.0,False,
300956564,5/2/2024,5/2/2024 21:22,2024,5,Thursday,21,35.1782,-89.837234,Unknown,Pedestrian,Intersection-On Roadway not in Crosswalk,Non-Junction,Dark-Lighted,Not Collision with Motor Vehicle in Transport,Pedestrian,1,True,,,,,,,1744.292432,RALEIGH LAGRANGE RD,34.91953366,45,5,B,MEMPHIS,SHELBY,53643,34.91953366456157,City of Memphis,city_residual,city: no state-route overlap,RALEIGH LAGRANGE RD,False,False,False,City of Memphis,True,,196.8,True,no_signal_coverage
300906713,8/22/2023,8/22/2023 20:15,2023,8,Tuesday,20,35.098297,-89.89055,Fatal,Pedestrian,Not Intersection-On Roadway Not In Crosswalk,AccelDecelLane,Dark-Lighted,Not Collision with Motor Vehicle in Transport,Pedestrian,1,True,,,,,,,1159.430015,S WHITE STATION RD,26.97923438,40,4,B,MEMPHIS,SHELBY,51620,26.979234379800825,City of Memphis,city_residual,city: no state-route overlap,S WHITE STATION RD,False,False,False,City of Memphis,False,,1171.8,False,
300875911,3/26/2023,3/26/2023 19:35,2023,3,Sunday,19,35.063107,-90.059204,Fatal,Pedestrian,Intersection-In Crosswalk,Non-Junction,Dawn,Not Collision with Motor Vehicle in Transport,Pedestrian,1,True,S THIRD ST,Principal Arterial,45.0,7.0,14,6.0,0.155284825,E BROOKS RD,0.360454805,35,3,B,MEMPHIS,SHELBY,52491,0.3604548049905562,City of Memphis,city_residual,city: no state-route overlap,E BROOKS RD,False,False,True,City of Memphis,True,1311,17.7,False,yes
300910243,9/11/2023,9/11/2023 2:40,2023,9,Monday,2,35.119736,-89.984856,Fatal,Pedestrian,Not Intersection-On Roadway Not In Crosswalk,Non-Junction,Dark-Lighted,Not Collision with Motor Vehicle in Transport,Pedestrian,1,True,,,,,,,44.28515539,YOUNG AVE,26.41716021,35,3,B,MEMPHIS,SHELBY,4336,26.417160214533904,City of Memphis,city_residual,city: no state-route overlap,YOUNG AVE,False,False,False,City of Memphis,False,,70.0,False,
300959059,5/27/2024,5/27/2024 0:38,2024,5,Monday,0,35.051174,-90.09771,Suspected Serious Injury,Pedestrian,Intersection-Unknown,Unknown,Dark-Lighted,Not Collision with Motor Vehicle in Transport,Pedestrian,1,True,,,,,,,2834.627704,EYERS RD,21.22019458,30,2,B,MEMPHIS,SHELBY,71750,21.220194583950004,City of Memphis,city_residual,city: no state-route overlap,EYERS RD,False,False,False,City of Memphis,True,,2818.9,True,no_signal_coverage
300960414,5/31/2024,5/31/2024 23:51,2024,5,Friday,23,35.107456,-89.89846,Suspected Minor Injury,Pedestrian,Not Intersection-On Roadway Not In Crosswalk,Non-Junction,Dark-Not Lighted,Not Collision with Motor Vehicle in Transport,Pedestrian,1,True,,,,,,,658.0154899,IVY RD,26.69306995,30,2,B,MEMPHIS,SHELBY,74307,26.693069950529143,City of Memphis,city_residual,city: no state-route overlap,IVY RD,False,False,False,City of Memphis,False,,646.8,False,
300961356,6/11/2024,6/11/2024 5:30,2024,6,Tuesday,5,35.15495,-90.028694,Possible Injury,Pedestrian,Not Intersection-Bike Path,AccelDecelLane,Dark-Lighted,Not Collision with Motor Vehicle in Transport,Pedestrian,1,True,N PARKWAY,Minor Arterial,40.0,2.0,1,7.0,4.905030134,N PARKWAY,0.329702199,40,2,FT,MEMPHIS,SHELBY,50367,0.3297021994013656,TDOT state route,state_route_overlap,"state route: 100% overlap, name=N PARKWAY",N PARKWAY,False,False,False,TDOT state route,False,,8.5,False,