MstrRecNbrTxt,CollisionDate,CollisionDteTime,YearNmb,Month,DayOfWeek,Hour,Latitude,Longitude,InjuryClass,PersonType,NonMotoristLocation,RelationToJunction,LightCondition,MannerOfCollision,FirstHarmfulEvent,VictimsInCrash,InMemphis,StateRoute_NAME,StateRoute_F_System,StateRoute_SPDLIMIT,StateRoute_LANES,StateRoute_ALTNAME_1,StateRoute_Council_District,DistToStateRoute_m,Street_Name,DistToStreet_m,Street_SPDLIMIT,Street_LANES,Street_ONEWAY,Street_CITY_L,Street_COUNTY_L,Seg_OBJECTID,DistToSeg_m,Ownership,Rule_Fired,Classification_Basis,Matched_Street,is_limited_access,is_override,is_corner_case,Jurisdiction_prev,at_intersection,intersection_node_id,nearest_ped_signal_m,is_ambiguous_intersection,intersection_signalized
300959674,5/30/2024,5/30/2024 3:18,2024,5,Thursday,3,35.172657,-89.95262,Possible Injury,Pedestrian,Not Intersection-On Roadway Crosswalk not Available,Non-Junction,Dark-Lighted,Not Collision with Motor Vehicle in Transport,Pedestrian,1,True,,,,,,,613.0519607,WILLIS ST,22.1376624,30,2,B,MEMPHIS,SHELBY,83042,22.13766239769383,City of Memphis,city_residual,city: no state-route overlap,WILLIS ST,False,False,False,City of Memphis,False,,794.8,False,
300959847,6/1/2024,6/1/2024 7:00,2024,6,Saturday,7,35.106342,-89.95163,Suspected Serious Injury,Pedestrian,Intersection-On Roadway not in Crosswalk,Unknown,Daylight,Not Collision with Motor Vehicle in Transport,Pedestrian,1,True,,,,,,,2099.427589,MOUNT VERNON RD,25.14934787,30,2,B,MEMPHIS,SHELBY,73611,25.1493478694874,City of Memphis,city_residual,city: no state-route overlap,MOUNT VERNON RD,False,False,False,City of Memphis,True,,2090.7,True,no_signal_coverage
300962352,6/16/2024,6/16/2024 16:16,2024,6,Sunday,16,35.156406,-89.953255,Possible Injury,Pedestrian,Intersection-On Roadway Crosswalk availability Unknown,Intersection,Daylight,Not Collision with Motor Vehicle in Transport,Pedestrian,1,True,,,,,,,730.3580899,HUDSON ST,13.48553087,30,2,B,MEMPHIS,SHELBY,83031,13.485530866875736,City of Memphis,city_residual,city: no state-route overlap,HUDSON ST,False,False,False,City of Memphis,True,,745.8,False,no_signal_coverage
300960434,6/4/2024,6/4/2024 14:25,2024,6,Tuesday,14,35.13334,-89.98965,No Injury,Pedestrian,Intersection-On Roadway Crosswalk Not Available,Intersection,Daylight,Not Collision with Motor Vehicle in Transport,Pedestrian,1,True,,,,,,,87.40827556,SUMMITT ST,49.80414891,30,2,B,MEMPHIS,SHELBY,81620,49.80414890739034,City of Memphis,city_residual,city: no state-route overlap,SUMMITT ST,False,False,False,City of Memphis,True,,113.3,True,no_signal_coverage
300959247,5/26/2024,5/26/2024 21:20,2024,5,Sunday,21,35.148144,-90.050983,Possible Injury,Pedestrian,Not Intersection-On Roadway Not In Crosswalk,Intersection-Related,Dark-Lighted,Not Collision with Motor Vehicle in Transport,Pedestrian,1,True,,,,,,,62.58078893,ADAMS AVE,14.0182171,30,2,B,MEMPHIS,SHELBY,7330,14.018217098467504,City of Memphis,city_residual,city: no state-route overlap,ADAMS AVE,False,False,False,City of Memphis,False,,206.8,False,
300962171,6/15/2024,6/15/2024 21:46,2024,6,Saturday,21,35.107765,-90.06345,Suspected Serious Injury,Pedestrian,Not Intersection-On Roadway Not In Crosswalk,AccelDecelLane,Dark-Lighted,Not Collision with Motor Vehicle in Transport,Pedestrian,1,True,,,,,,,740.3069024,S PARKWAY W,0.422341523,40,5,B,MEMPHIS,SHELBY,50807,0.4223415227443677,City of Memphis,city_residual,city: no state-route overlap,S PARKWAY W,False,False,False,City of Memphis,False,,720.5,False,
300961398,6/11/2024,6/11/2024 13:50,2024,6,Tuesday,13,35.21275,-90.012535,Possible Injury,Pedestrian,Intersection-In Crosswalk,Unknown,Daylight,Not Collision with Motor Vehicle in Transport,Pedestrian,1,True,,,,,,,1602.399232,SAINT CHARLES DR,34.90883973,30,2,B,MEMPHIS,SHELBY,27751,34.90883973149141,City of Memphis,city_residual,city: no state-route overlap,SAINT CHARLES DR,False,False,False,City of Memphis,True,,1603.2,True,no_signal_coverage
300959487,5/29/2024,5/29/2024 22:00,2024,5,Wednesday,22,35.08057,-89.88847,Suspected Serious Injury,Pedestrian,Not Intersection-Bike Path,Non-Junction,Dark-Lighted,Not Collision with Motor Vehicle in Transport,Pedestrian,2,True,,,,,,,1089.029639,AMERICAN WAY,0.165384524,45,5,B,MEMPHIS,SHELBY,53604,0.1653845242526812,City of Memphis,city_residual,city: no state-route overlap,AMERICAN WAY,False,False,False,City of Memphis,False,13630,15.1,True,
300960889,6/7/2024,6/7/2024 16:20,2024,6,Friday,16,35.181087,-89.97614,Suspected Minor Injury,Pedestrian,Intersection-Not on Roadway,Intersection,Daylight,Angle,Other,1,True,,,,,,,2559.738266,HEARD AVE,13.59616079,30,2,B,MEMPHIS,SHELBY,4488,13.596160790595777,City of Memphis,city_residual,city: no state-route overlap,HEARD AVE,False,False,False,City of Memphis,True,,980.5,False,no_signal_coverage
300958774,5/24/2024,5/24/2024 20:50,2024,5,Friday,20,35.1446,-89.93755,Possible Injury,Pedestrian,Intersection-On Roadway Crosswalk Not Available,Intersection,Dark-Lighted,Not Collision with Motor Vehicle in Transport,Pedestrian,1,True,,,,,,,527.7970798,HIGH POINT TER,18.15872077,35,2,B,MEMPHIS,SHELBY,84953,18.15872076831781,City of Memphis,city_residual,city: no state-route overlap,HIGH POINT TER,False,False,False,City of Memphis,True,,831.4,True,no_signal_coverage
300954285,4/28/2024,4/28/2024 15:09,2024,4,Sunday,15,35.21088,-89.9227,Fatal,Pedestrian,Not Intersection-On Roadway Not In Crosswalk,AccelDecelLane,Daylight,Not Collision with Motor Vehicle in Transport,Pedestrian,1,True,,,,,,,233.5939229,RALEIGH MILLINGTON RD,4.039232549,40,5,B,MEMPHIS,SHELBY,47207,4.039232549442628,City of Memphis,city_residual,city: no state-route overlap,RALEIGH MILLINGTON RD,False,False,False,City of Memphis,False,,330.9,False,
300958778,5/24/2024,5/24/2024 11:00,2024,5,Friday,11,35.10532,-89.98565,Possible Injury,Pedestrian,Intersection-In Crosswalk,Intersection,Daylight,Not Collision with Motor Vehicle in Transport,Pedestrian,1,True,LAMAR AVE,Principal Arterial,40.0,5.0,4,4.0,4.254219725,AIRWAYS BLVD,0.486448551,40,7,B,MEMPHIS,SHELBY,51014,0.486448550894632,City of Memphis,city_residual,city: no state-route overlap,AIRWAYS BLVD,False,False,False,City of Memphis,True,6997,2.5,False,yes
300893540,6/16/2023,6/16/2023 22:00,2023,6,Friday,22,35.211483,-89.92317,Fatal,Pedestrian,Intersection-On Roadway Crosswalk Not Available,Intersection,Dark-Lighted,Not Collision with Motor Vehicle in Transport,Pedestrian,1,True,,,,,,,309.836234,RALEIGH MILLINGTON RD,0.826249427,40,4,B,MEMPHIS,SHELBY,47209,0.8262494269627336,City of Memphis,city_residual,city: no state-route overlap,RALEIGH MILLINGTON RD,False,False,False,City of Memphis,True,,368.5,False,no_signal_coverage
300961068,6/9/2024,6/9/2024 1:30,2024,6,Sunday,1,35.136448,-90.012695,Suspected Minor Injury,Pedestrian,Not Intersection-On Roadway Not In Crosswalk,Non-Junction,Unknown,Not Collision with Motor Vehicle in Transport,Pedestrian,1,True,UNION AVE,Principal Arterial,35.0,6.0,23,5.0,3.979873418,UNION AVE,0.60413783,35,6,B,MEMPHIS,SHELBY,46785,0.6041378303177918,TDOT state route,state_route_overlap,"state route: 100% overlap, name=UNION",UNION AVE,False,False,False,TDOT state route,False,,34.8,False,
300960898,6/7/2024,6/7/2024 19:00,2024,6,Friday,19,35.111443,-89.94977,Possible Injury,Pedestrian,Not Intersection-Outside Traffic,Non-Junction,Daylight,Not Collision with Motor Vehicle in Transport,Pedestrian,1,True,,,,,,,1863.596613,CARNES AVE,9.164214715,30,2,B,MEMPHIS,SHELBY,5645,9.164214715388823,City of Memphis,city_residual,city: no state-route overlap,CARNES AVE,False,False,False,City of Memphis,False,,1840.8,False,
300960255,6/2/2024,6/2/2024 0:41,2024,6,Sunday,0,35.04477,-89.88553,Suspected Minor Injury,Pedestrian,Not Intersection-On Roadway Not In Crosswalk,Non-Junction,Dark-Not Lighted,Not Collision with Motor Vehicle in Transport,Pedestrian,1,True,,,,,,,2513.320435,S MENDENHALL RD,37.65037068,45,7,B,MEMPHIS,SHELBY,51906,37.65037068266154,City of Memphis,city_residual,city: no state-route overlap,S MENDENHALL RD,False,False,False,City of Memphis,False,,644.0,False,
300960903,6/4/2024,6/4/2024 16:20,2024,6,Tuesday,16,35.14526,-90.03004,Suspected Minor Injury,Pedestrian,Intersection-On Roadway Crosswalk availability Unknown,Intersection,Dark-Lighted,Not Collision with Motor Vehicle in Transport,Pedestrian,2,True,,,,,,,775.1872779,N PAULINE ST,0.141501004,30,5,B,MEMPHIS,SHELBY,84262,0.141501004118437,City of Memphis,city_residual,city: no state-route overlap,N PAULINE ST,False,False,False,City of Memphis,True,3638,4.1,False,yes
300962567,6/18/2024,6/18/2024 21:10,2024,6,Tuesday,21,35.202553,-90.02802,Possible Injury,Pedestrian,Not Intersection-On Roadway Not In Crosswalk,Non-Junction,Dark-Not Lighted,Not Collision with Motor Vehicle in Transport,Pedestrian,1,True,,,,,,,544.3116817,STAGE AVE,37.715431,45,2,B,MEMPHIS,SHELBY,53106,37.71543099710957,City of Memphis,city_residual,city: no state-route overlap,STAGE AVE,False,False,False,City of Memphis,False,,534.2,False,
300959889,6/1/2024,6/1/2024 0:00,2024,6,Saturday,99,35.17619,-89.93925,Possible Injury,Pedestrian,Intersection-On Roadway Crosswalk Not Available,Intersection,Unknown,Not Collision with Motor Vehicle in Transport,Pedestrian,1,True,JACKSON AVE,Principal Arterial,40.0,6.0,14,7.0,4.688510338,JACKSON AVE,7.762630407,40,6,B,MEMPHIS,SHELBY,47864,7.762630406776621,TDOT state route,state_route_overlap,"state route: 100% overlap, name=JACKSON",JACKSON AVE,False,False,False,TDOT state route,True,10278,265.5,False,no
300958582,5/21/2024,5/21/2024 17:29,2024,5,Tuesday,17,35.15053,-90.05213,Possible Injury,Pedestrian,Intersection-In Crosswalk,Intersection,Daylight,Not Collision with Motor Vehicle in Transport,Pedestrian,1,True,,,,,,,243.1102239,N FRONT ST,0.338564,30,5,B,MEMPHIS,SHELBY,84205,0.3385640002877151,City of Memphis,city_residual,city: no state-route overlap,N FRONT ST,False,False,False,City of Memphis,True,2019,237.9,False,no
300958794,5/24/2024,5/24/2024 18:35,2024,5,Friday,18,35.12602,-89.990746,Possible Injury,Pedestrian,Intersection-In Crosswalk,AccelDecelLane,Daylight,Not Collision with Motor Vehicle in Transport,Pedestrian,1,True,,,,,,,591.564258,CENTRAL AVE,0.277259536,40,4,B,MEMPHIS,SHELBY,50635,0.2772595364887465,City of Memphis,city_residual,city: no state-route overlap,CENTRAL AVE,False,False,False,City of Memphis,True,6766,578.9,False,no
300874594,3/22/2023,3/22/2023 0:27,2023,3,Wednesday,0,35.148376,-89.98143,Fatal,Pedestrian,Not Intersection-On Roadway Not In Crosswalk,Non-Junction,Dark-Lighted,Not Collision with Motor Vehicle in Transport,Pedestrian,1,True,E PARKWAY,Principal Arterial,40.0,7.0,57,5.0,27.13261297,SAM COOPER BLVD,22.8993023,40,6,B,MEMPHIS,SHELBY,52704,22.899302297332277,Limited-access (TDOT),limited_access_override,limited-access override: Sam Cooper Blvd,SAM COOPER BLVD,True,True,False,City of Memphis,False,,8.9,False,
300894613,6/22/2023,6/22/2023 20:20,2023,6,Thursday,20,35.098293,-89.89115,Fatal,Pedestrian,Not Intersection-On Roadway Not In Crosswalk,Non-Junction,Daylight,Not Collision with Motor Vehicle in Transport,Pedestrian,1,True,,,,,,,1181.515583,S WHITE STATION RD,27.71964778,40,4,B,MEMPHIS,SHELBY,51620,27.71964777853798,City of Memphis,city_residual,city: no state-route overlap,S WHITE STATION RD,False,False,False,City of Memphis,False,,1200.0,False,
300960941,6/8/2024,6/8/2024 4:03,2024,6,Saturday,4,35.16826,-89.86452,Suspected Serious Injury,Pedestrian,Not Intersection-On Roadway Not In Crosswalk,AccelDecelLane,Dark-Not Lighted,Not Collision with Motor Vehicle in Transport,Pedestrian,1,True,,,,,,,543.1408144,SHELBY OAKS DR,0.316045196,40,4,B,MEMPHIS,SHELBY,35005,0.3160451960274763,City of Memphis,city_residual,city: no state-route overlap,SHELBY OAKS DR,False,False,False,City of Memphis,False,,23.4,False,
300959157,5/27/2024,5/27/2024 7:28,2024,5,Monday,7,35.033012,-90.02144,Possible Injury,Pedestrian,Intersection-Not on Roadway,Non-Junction,Daylight,Not Collision with Motor Vehicle in Transport,Pedestrian,1,True,,,,,,,340.6193833,WESLEY DR,70.68336639,30,2,B,MEMPHIS,SHELBY,27304,70.68336639177299,City of Memphis,city_residual,city: no state-route overlap,WESLEY DR,False,False,False,City of Memphis,True,,344.1,True,no_signal_coverage
300959159,5/27/2024,5/27/2024 13:00,2024,5,Monday,13,35.057903,-90.06322,No Injury,Other Non-Motorist,Not Intersection-Unknown,Intersection,Daylight,Angle,Other,1,True,,,,,,,316.0856854,E DUNBAR RD,26.30378058,30,2,B,MEMPHIS,SHELBY,72073,26.303780576649405,City of Memphis,city_residual,city: no state-route overlap,E DUNBAR RD,False,False,False,City of Memphis,False,,380.8,False,
300962610,6/19/2024,6/19/2024 7:20,2024,6,Wednesday,7,35.11334,-90.05244,Suspected Serious Injury,Pedestrian,Not Intersection-On Roadway Not In Crosswalk,Non-Junction,Dawn,Not Collision with Motor Vehicle in Transport,Pedestrian,1,True,,,,,,,255.7684144,CAMBRIDGE AVE,0.411450865,30,2,B,MEMPHIS,SHELBY,4820,0.4114508651957871,City of Memphis,city_residual,city: no state-route overlap,CAMBRIDGE AVE,False,False,False,City of Memphis,False,,392.5,False,
300959174,5/27/2024,5/27/2024 16:06,2024,5,Monday,16,35.080193,-89.95548,No Injury,Other Non-Motorist,Unknown,Intersection,Daylight,Not Collision with Motor Vehicle in Transport,Other,1,True,LAMAR AVE,Principal Arterial,40.0,6.0,4,4.0,3.474004914,INTERSTATE 240 E,0.178786653,65,4,FT,MEMPHIS,SHELBY,39854,0.1787866532914327,Interstate (TDOT),interstate_mainline,interstate: MTFCC S1100,INTERSTATE 240 E,True,False,False,Interstate (TDOT),False,,316.7,False,
300888290,5/20/2023,5/20/2023 20:23,2023,5,Saturday,20,35.161552,-89.947136,Suspected Serious Injury,Pedestrian,Not Intersection-On Roadway Not In Crosswalk,Non-Junction,Dark-Lighted,Not Collision with Motor Vehicle in Transport,Pedestrian,1,True,,,,,,,617.2421874,NATIONAL ST,8.999564669,40,4,B,MEMPHIS,SHELBY,51258,8.999564668722218,City of Memphis,city_residual,city: no state-route overlap,NATIONAL ST,False,False,False,City of Memphis,False,,643.8,False,
300961670,6/12/2024,6/12/2024 12:36,2024,6,Wednesday,12,35.00678,-90.00815,Possible Injury,Pedestrian,Intersection-Not on Roadway,Intersection,Daylight,Not Collision with Motor Vehicle in Transport,Pedestrian,1,True,,,,,,,1563.209006,E HOLMES RD,38.4187093,40,5,B,MEMPHIS,SHELBY,49749,38.41870930102045,City of Memphis,city_residual,city: no state-route overlap,E HOLMES RD,False,False,False,City of Memphis,True,,1544.8,True,no_signal_coverage
300961125,6/5/2024,6/5/2024 20:00,2024,6,Wednesday,20,35.211975,-90.0322,Possible Injury,Pedestrian,Intersection-On Roadway not in Crosswalk,OtherLocation,Dark-Lighted,Not Collision with Motor Vehicle in Transport,Pedestrian,1,True,THOMAS ST,,40.0,2.0,3,7.0,0.801212828,THOMAS ST,0.205449814,40,2,B,MEMPHIS,SHELBY,47263,0.2054498136305469,TDOT state route,state_route_overlap,"state route: 100% overlap, name=THOMAS",THOMAS ST,False,False,False,TDOT state route,True,,18.3,False,no_signal_coverage
300959011,5/26/2024,5/26/2024 7:00,2024,5,Sunday,7,35.062923,-90.0878,No Injury,Other Non-Motorist,Intersection-Not on Roadway,"Driveway, Alley Access, etc",Dawn,Angle,Other,1,True,,,,,,,2597.399142,HARAHAN RD,18.17484519,30,2,B,MEMPHIS,SHELBY,71780,18.17484518707442,City of Memphis,city_residual,city: no state-route overlap,HARAHAN RD,False,False,False,City of Memphis,True,,2589.3,True,no_signal_coverage
300959565,5/29/2024,5/29/2024 20:48,2024,5,Wednesday,20,35.107697,-89.98315,Possible Injury,Pedestrian,Not Intersection-Unknown,"Driveway, Alley Access, etc",Dark-Unknown Lighting,Not Collision with Motor Vehicle in Transport,Pedestrian,1,True,,,,,,,164.262519,ETHEL ST,14.17833788,30,2,B,MEMPHIS,SHELBY,84527,14.17833787856148,City of Memphis,city_residual,city: no state-route overlap,ETHEL ST,False,False,False,City of Memphis,False,,184.4,False,
300908787,9/3/2023,9/3/2023 0:22,2023,9,Sunday,0,35.15307,-89.88861,Fatal,Pedestrian,Not Intersection-On Roadway Not In Crosswalk,Non-Junction,Dark-Lighted,Not Collision with Motor Vehicle in Transport,Pedestrian,1,True,SUMMER AVE,Principal Arterial,40.0,7.0,1,5.0,2.927612082,N WHITE STATION RD,0.044724513,40,5,B,MEMPHIS,SHELBY,51458,0.0447245129595817,City of Memphis,city_residual,city: no state-route overlap,N WHITE STATION RD,False,False,False,City of Memphis,False,13895,21.4,True,
300960801,6/6/2024,6/6/2024 23:00,2024,6,Thursday,23,35.13798,-90.02818,Possible Injury,Pedestrian,Intersection-On Roadway not in Crosswalk,AccelDecelLane,Dark-Lighted,Not Collision with Motor Vehicle in Transport,Pedestrian,1,True,UNION AVE,Principal Arterial,35.0,6.0,3,6.0,5.13440923,S PAULINE ST,0.067142524,30,4,B,MEMPHIS,SHELBY,84368,0.0671425237295522,City of Memphis,city_residual,city: no state-route overlap,S PAULINE ST,False,False,True,City of Memphis,True,,2.6,False,no_signal_coverage
300961170,6/9/2024,6/9/2024 20:59,2024,6,Sunday,20,35.0533,-90.02036,Suspected Serious Injury,Pedestrian,Not Intersection-On Roadway Not In Crosswalk,OtherLocation,Dark-Lighted,Not Collision with Motor Vehicle in Transport,Pedestrian,1,True,,,,,,,426.5773458,ROYAL OAKS CV,61.78263576,35,2,B,MEMPHIS,SHELBY,15075,61.78263575650106,City of Memphis,city_residual,city: no state-route overlap,ROYAL OAKS CV,False,False,False,City of Memphis,False,,415.5,False,
300961310,6/10/2024,6/10/2024 0:00,2024,6,Monday,99,35.114563,-89.927666,No Injury,Pedestrian,Not Intersection-Other Not On Roadway,Non-Junction,Unknown,Rear to Side,Other,1,True,,,,,,,1029.284402,WATSON ST,28.68045968,30,2,B,MEMPHIS,SHELBY,83345,28.680459679450244,City of Memphis,city_residual,city: no state-route overlap,WATSON ST,False,False,False,City of Memphis,False,,1029.1,False,
300868973,2/23/2023,2/23/2023 22:27,2023,2,Thursday,22,35.061295,-89.886246,Fatal,Pedestrian,Not Intersection-On Roadway Crosswalk not Available,Non-Junction,Dark-Lighted,Not Collision with Motor Vehicle in Transport,Pedestrian,1,True,,,,,,,2328.762573,TYROL CT,30.52655348,30,2,B,MEMPHIS,SHELBY,11036,30.52655347619982,City of Memphis,city_residual,city: no state-route overlap,TYROL CT,False,False,False,City of Memphis,False,,1192.5,False,
300960159,6/2/2024,6/2/2024 20:44,2024,6,Sunday,20,35.223206,-89.941216,Possible Injury,Pedestrian,Intersection-On Roadway not in Crosswalk,Intersection,Dark-Lighted,Not Collision with Motor Vehicle in Transport,Pedestrian,1,True,,,,,,,2403.82248,WINDERMERE DR,6.223679995,30,2,B,MEMPHIS,SHELBY,28102,6.223679994633143,City of Memphis,city_residual,city: no state-route overlap,WINDERMERE DR,False,False,False,City of Memphis,True,,2399.7,False,no_signal_coverage
300945308,3/9/2024,3/9/2024 21:04,2024,3,Saturday,21,35.069477,-90.05807,Fatal,Pedestrian,Not Intersection-On Roadway Crosswalk not Available,Non-Junction,Dark-Lighted,Not Collision with Motor Vehicle in Transport,Other,1,True,,,,,,,43.75352245,S THIRD ST,43.10894584,45,7,B,MEMPHIS,SHELBY,47482,43.10894583832125,TDOT state route,state_route_overlap,"state route: 100% overlap, name=S THIRD",S THIRD ST,False,False,False,TDOT state route,False,,343.0,False,
300964714,7/2/2024,7/2/2024 13:00,2024,7,Tuesday,13,35.20456,-89.89461,Possible Injury,Pedestrian,Not Intersection-On Roadway Not In Crosswalk,AccelDecelLane,Daylight,Not Collision with Motor Vehicle in Transport,Pedestrian,1,True,COVINGTON PIKE,,45.0,5.0,204,1.0,13.23436357,COVINGTON PIKE,12.48825144,45,5,B,MEMPHIS,SHELBY,48023,12.488251442728435,TDOT state route,state_route_overlap,"state route: 100% overlap, name=COVINGTON",COVINGTON PIKE,False,False,False,TDOT state route,False,,240.9,False,
300963821,6/27/2024,6/27/2024 22:20,2024,6,Thursday,22,35.174534,-89.98324,Suspected Minor Injury,Pedestrian,Intersection-Unknown,Intersection,Dark-Lighted,Not Collision with Motor Vehicle in Transport,Pedestrian,1,True,,,,,,,1703.690061,CHELSEA AVE,2.173339913,40,4,B,MEMPHIS,SHELBY,50712,2.173339913177367,City of Memphis,city_residual,city: no state-route overlap,CHELSEA AVE,False,False,False,City of Memphis,True,7367,1723.3,False,no
300963205,6/22/2024,6/22/2024 18:23,2024,6,Saturday,18,35.108936,-89.98923,Possible Injury,Pedestrian,Intersection-On Roadway not in Crosswalk,Non-Junction,Daylight,Not Collision with Motor Vehicle in Transport,Pedestrian,1,True,LAMAR AVE,Principal Arterial,40.0,7.0,4,4.0,4.346122988,LAMAR AVE,0.769471278,40,7,B,MEMPHIS,SHELBY,48148,0.7694712778675743,TDOT state route,state_route_overlap,"state route: 100% overlap, name=LAMAR",LAMAR AVE,False,False,False,TDOT state route,True,6797,310.7,False,no
300964899,7/4/2024,7/4/2024 16:52,2024,7,Thursday,16,35.20337,-89.97807,Possible Injury,Pedestrian,Not Intersection-On Roadway Crosswalk not Available,OtherLocation,Daylight,Not Collision with Motor Vehicle in Transport,Pedestrian,1,True,,,,,,,4648.586874,LEAFY HOLLOW DR,3.028852154,30,2,B,MEMPHIS,SHELBY,32590,3.028852153874269,City of Memphis,city_residual,city: no state-route overlap,LEAFY HOLLOW DR,False,False,False,City of Memphis,False,,1133.2,False,
300966300,7/15/2024,7/15/2024 18:05,2024,7,Monday,18,35.020256,-89.94825,Possible Injury,Pedestrian,Not Intersection-In Parking Lane,"Driveway, Alley Access, etc",Daylight,Not Collision with Motor Vehicle in Transport,Pedestrian,1,True,,,,,,,55.50060847,MEIER DR,35.70289823,30,2,B,MEMPHIS,SHELBY,25997,35.70289823188564,City of Memphis,city_residual,city: no state-route overlap,MEIER DR,False,False,False,City of Memphis,False,,560.3,False,
300943727,2/28/2024,2/28/2024 19:20,2024,2,Wednesday,19,35.084778,-89.95135,Fatal,Pedestrian,Not Intersection-On Roadway Crosswalk not Available,Non-Junction,Dark-Not Lighted,Not Collision with Motor Vehicle in Transport,Pedestrian,1,True,,,,,,,623.2354839,PRESCOTT RD,71.24046811,40,4,B,MEMPHIS,SHELBY,51144,71.24046810892274,City of Memphis,city_residual,city: no state-route overlap,PRESCOTT RD,False,False,False,City of Memphis,False,,275.0,False,
300964918,7/5/2024,7/5/2024 14:58,2024,7,Friday,14,35.212906,-90.00558,Suspected Serious Injury,Pedestrian,Not Intersection-On Roadway Not In Crosswalk,AccelDecelLane,Daylight,Not Collision with Motor Vehicle in Transport,Pedestrian,1,True,,,,,,,2110.39385,DELLWOOD AVE,25.61591485,35,3,B,MEMPHIS,SHELBY,2768,25.61591485322832,City of Memphis,city_residual,city: no state-route overlap,DELLWOOD AVE,False,False,False,City of Memphis,False,,2185.1,False,
300960198,6/2/2024,6/2/2024 20:06,2024,6,Sunday,20,35.22605,-89.940834,Fatal,Pedestrian,Not Intersection-On Roadway Not In Crosswalk,AccelDecelLane,Dark-Lighted,Not Collision with Motor Vehicle in Transport,Pedestrian,1,True,,,,,,,2573.992798,DORADO AVE,8.62266157,30,2,B,MEMPHIS,SHELBY,3035,8.622661570129589,City of Memphis,city_residual,city: no state-route overlap,DORADO AVE,False,False,False,City of Memphis,False,,2558.3,False,
300865216,2/4/2023,2/4/2023 20:33,2023,2,Saturday,20,35.04188,-90.02512,Fatal,Pedestrian,Not Intersection-On Roadway Not In Crosswalk,Intersection-Related,Dark-Lighted,Not Collision with Motor Vehicle in Transport,Pedestrian,1,True,ELVIS PRESLEY BLVD,Principal Arterial,40.0,6.0,3,6.0,0.086563442,ELVIS PRESLEY BLVD,0.182773281,40,6,B,MEMPHIS,SHELBY,46502,0.1827732809204529,TDOT state route,state_route_overlap,"state route: 100% overlap, name=ELVIS PRESLEY",ELVIS PRESLEY BLVD,False,False,False,TDOT state route,False,3619,274.0,True,
300964043,6/29/2024,6/29/2024 11:41,2024,6,Saturday,11,35.108738,-90.02117,Possible Injury,Pedestrian,Intersection-In Crosswalk,Intersection,Daylight,Not Collision with Motor Vehicle in Transport,Pedestrian,1,True,,,,,,,34.8556004,QUINN AVE,20.49719738,30,2,B,MEMPHIS,SHELBY,5125,20.49719737735011,City of Memphis,city_residual,city: no state-route overlap,QUINN AVE,False,False,False,City of Memphis,True,,202.8,True,no_signal_coverage
300964773,7/3/2024,7/3/2024 0:12,2024,7,Wednesday,0,35.015568,-89.89441,Suspected Serious Injury,Pedestrian,Intersection-On Roadway not in Crosswalk,Non-Junction,Dark-Lighted,Not Collision with Motor Vehicle in Transport,Pedestrian,1,True,LAMAR AVE,Principal Arterial,55.0,2.0,4,3.0,16.32338835,LAMAR AVE,13.80626786,55,2,FT,MEMPHIS,SHELBY,48430,13.806267858788422,TDOT state route,state_route_overlap,"state route: 100% overlap, name=LAMAR",LAMAR AVE,False,False,False,TDOT state route,True,,616.6,True,no_signal_coverage
300963418,6/25/2024,6/25/2024 11:38,2024,6,Tuesday,11,35.147762,-90.042755,Fatal,Pedestrian,Not Intersection-Outside Traffic,Non-Junction,Daylight,Not Collision with Motor Vehicle in Transport,Pedestrian,1,True,,,,,,,88.26377261,POPLAR AVE,28.5714981,40,7,B,MEMPHIS,SHELBY,50320,28.57149809919776,City of Memphis,city_residual,city: no state-route overlap,POPLAR AVE,False,False,False,City of Memphis,False,,71.0,False,
300965491,7/6/2024,7/6/2024 22:52,2024,7,Saturday,22,35.020298,-89.95364,Possible Injury,Pedestrian,Not Intersection-On Roadway Not In Crosswalk,Intersection,Dark-Lighted,Not Collision with Motor Vehicle in Transport,Pedestrian,1,True,,,,,,,54.43572498,E SHELBY DR,49.74988447,45,7,B,MEMPHIS,SHELBY,46398,49.74988446780036,TDOT state route,state_route_overlap,"state route: 100% overlap, name=E SHELBY",E SHELBY DR,False,False,False,TDOT state route,False,,73.6,False,
300962397,6/14/2024,6/14/2024 21:15,2024,6,Friday,21,35.14428,-90.030349,Possible Injury,Pedestrian,Not Intersection-Outside Traffic,Non-Junction,Dark-Not Lighted,Not Collision with Motor Vehicle in Transport,Pedestrian,1,True,,,,,,,663.6713828,WASHINGTON AVE,5.381061536,30,2,B,MEMPHIS,SHELBY,6995,5.381061536133959,City of Memphis,city_residual,city: no state-route overlap,WASHINGTON AVE,False,False,False,City of Memphis,False,,116.4,False,