MstrRecNbrTxt,CollisionDate,CollisionDteTime,YearNmb,Month,DayOfWeek,Hour,Latitude,Longitude,InjuryClass,PersonType,NonMotoristLocation,RelationToJunction,LightCondition,MannerOfCollision,FirstHarmfulEvent,VictimsInCrash,InMemphis,StateRoute_NAME,StateRoute_F_System,StateRoute_SPDLIMIT,StateRoute_LANES,StateRoute_ALTNAME_1,StateRoute_Council_District,DistToStateRoute_m,Street_Name,DistToStreet_m,Street_SPDLIMIT,Street_LANES,Street_ONEWAY,Street_CITY_L,Street_COUNTY_L,Seg_OBJECTID,DistToSeg_m,Ownership,Rule_Fired,Classification_Basis,Matched_Street,is_limited_access,is_override,is_corner_case,Jurisdiction_prev,at_intersection,intersection_node_id,nearest_ped_signal_m,is_ambiguous_intersection,intersection_signalized
300963713,6/25/2024,6/25/2024 15:00,2024,6,Tuesday,15,35.174622,-89.764664,Possible Injury,Pedestrian,Not Intersection-On Roadway Crosswalk not Available,Intersection-Related,Daylight,Not Collision with Motor Vehicle in Transport,Pedestrian,1,True,,,,,,,2579.814246,CHIMNEYROCK BLVD,7.4450978,30,2,B,MEMPHIS,SHELBY,7894,7.445097799846849,City of Memphis,city_residual,city: no state-route overlap,CHIMNEYROCK BLVD,False,False,False,City of Memphis,False,,2556.3,False,
300963124,6/23/2024,6/23/2024 0:00,2024,6,Sunday,0,35.127617,-89.85486,Suspected Serious Injury,Pedestrian,Intersection-Not on Roadway,Intersection,Unknown,Not Collision with Motor Vehicle in Transport,Pedestrian,1,True,,,,,,,1233.493933,HUMPHREYS CENTER DR,26.95582388,30,2,B,MEMPHIS,SHELBY,35374,26.9558238788592,City of Memphis,city_residual,city: no state-route overlap,HUMPHREYS CENTER DR,False,False,False,City of Memphis,True,,600.8,True,no_signal_coverage
300964820,7/4/2024,7/4/2024 21:57,2024,7,Thursday,21,35.14203,-90.054085,Suspected Minor Injury,Pedestrian,Intersection-Not on Roadway,Intersection,Dark-Not Lighted,Not Collision with Motor Vehicle in Transport,Pedestrian,1,True,,,,,,,120.9166362,GAYOSO AVE,0.099506528,30,1,FT,MEMPHIS,SHELBY,7324,0.0995065277278394,City of Memphis,city_residual,city: no state-route overlap,GAYOSO AVE,False,False,False,City of Memphis,True,,269.5,False,no_signal_coverage
300965915,7/8/2024,7/8/2024 21:30,2024,7,Monday,21,35.232586,-89.978935,Suspected Serious Injury,Pedestrian,Intersection-Unknown,Intersection,Dark-Not Lighted,Not Collision with Motor Vehicle in Transport,Pedestrian,1,True,,,,,,,2854.896822,N TREZEVANT ST,2.569723307,30,2,B,MEMPHIS,SHELBY,80111,2.5697233065269582,City of Memphis,city_residual,city: no state-route overlap,N TREZEVANT ST,False,False,False,City of Memphis,True,,3204.8,False,no_signal_coverage
300964830,7/5/2024,7/5/2024 0:30,2024,7,Friday,0,35.067863,-89.88216,No Injury,Pedestrian,Unknown,OtherLocation,Dark-Lighted,Not Collision with Motor Vehicle in Transport,Other,1,True,,,,,,,1513.485318,ESTES ST,22.29471873,30,2,B,MEMPHIS,SHELBY,79467,22.29471872849839,City of Memphis,city_residual,city: no state-route overlap,ESTES ST,False,False,False,City of Memphis,False,,935.9,False,
300966374,7/15/2024,7/15/2024 11:30,2024,7,Monday,11,35.006363,-90.01927,No Injury,Pedestrian,Not Intersection-Other Not On Roadway,Intersection,Daylight,Angle,Other,1,True,,,,,,,548.5071674,MARYNELLE ST,2.512086654,30,2,B,MEMPHIS,SHELBY,79679,2.5120866536537427,City of Memphis,city_residual,city: no state-route overlap,MARYNELLE ST,False,False,False,City of Memphis,False,,529.9,False,
300963964,6/28/2024,6/28/2024 21:00,2024,6,Friday,21,35.09236,-90.060104,Suspected Serious Injury,Pedestrian,Not Intersection-Adjacent to Roadway,OtherLocation,Dark-Lighted,Not Collision with Motor Vehicle in Transport,Pedestrian,1,True,,,,,,,357.3185478,E FERNWOOD AVE,22.80511828,30,2,B,MEMPHIS,SHELBY,4749,22.80511828316117,City of Memphis,city_residual,city: no state-route overlap,E FERNWOOD AVE,False,False,False,City of Memphis,False,,570.3,False,
300963154,6/23/2024,6/23/2024 0:00,2024,6,Sunday,0,35.13892,-90.05575,Suspected Serious Injury,Pedestrian,Not Intersection-On Roadway Crosswalk Availability Unknown,Intersection,Dark-Lighted,Not Collision with Motor Vehicle in Transport,Pedestrian,1,True,,,,,,,140.7938257,S MAIN ST,0.286250185,30,3,B,MEMPHIS,SHELBY,80491,0.2862501854480329,City of Memphis,city_residual,city: no state-route overlap,S MAIN ST,False,False,False,City of Memphis,False,,269.8,False,
300964124,6/30/2024,6/30/2024 2:26,2024,6,Sunday,2,35.184933,-89.93227,Suspected Serious Injury,Pedestrian,Not Intersection-On Roadway Not In Crosswalk,AccelDecelLane,Dark-Lighted,Not Collision with Motor Vehicle in Transport,Pedestrian,1,True,,,,,,,69.57380376,CAPE HENRY DR,30.92124053,30,2,B,MEMPHIS,SHELBY,34205,30.92124052754873,City of Memphis,city_residual,city: no state-route overlap,CAPE HENRY DR,False,False,False,City of Memphis,False,,138.6,False,
300963352,6/24/2024,6/24/2024 17:00,2024,6,Monday,17,35.145138,-90.031746,Possible Injury,Pedestrian,Not Intersection-On Roadway Not In Crosswalk,Unknown,Daylight,Not Collision with Motor Vehicle in Transport,Pedestrian,1,True,,,,,,,740.9813599,POPLAR AVE,34.89043561,40,7,B,MEMPHIS,SHELBY,50350,34.890435607312114,City of Memphis,city_residual,city: no state-route overlap,POPLAR AVE,False,False,False,City of Memphis,False,,97.7,False,
300963976,6/28/2024,6/28/2024 22:00,2024,6,Friday,22,35.22069,-89.89003,Possible Injury,Pedestrian,Not Intersection-On Roadway Not In Crosswalk,Non-Junction,Dark-Lighted,Not Collision with Motor Vehicle in Transport,Pedestrian,1,True,,,,,,,381.3004876,YALE RD,30.19749909,40,5,B,MEMPHIS,SHELBY,50055,30.19749908620337,City of Memphis,city_residual,city: no state-route overlap,YALE RD,False,False,False,City of Memphis,False,,366.6,False,
300965380,7/8/2024,7/8/2024 22:20,2024,7,Monday,22,35.077015,-89.98536,Possible Injury,Pedestrian,Not Intersection-On Roadway Not In Crosswalk,OtherLocation,Dark-Lighted,Not Collision with Motor Vehicle in Transport,Pedestrian,1,True,,,,,,,2286.633437,INTERSTATE 240 W,0.161988213,65,4,TF,MEMPHIS,SHELBY,39852,0.1619882125478431,Interstate (TDOT),interstate_mainline,interstate: MTFCC S1100,INTERSTATE 240 W,True,False,False,Interstate (TDOT),False,,245.7,False,
300964523,7/2/2024,7/2/2024 5:12,2024,7,Tuesday,5,35.03549,-90.07004,Possible Injury,Pedestrian,Not Intersection-On Roadway Not In Crosswalk,AccelDecelLane,Dawn,Not Collision with Motor Vehicle in Transport,Pedestrian,1,True,,,,,,,220.5306461,W RAINES RD,0.138064178,40,5,B,MEMPHIS,SHELBY,49602,0.1380641782872634,City of Memphis,city_residual,city: no state-route overlap,W RAINES RD,False,False,False,City of Memphis,False,,258.3,False,
300963795,6/27/2024,6/27/2024 17:30,2024,6,Thursday,17,35.223644,-89.94084,Possible Injury,Pedestrian,Intersection-On Roadway not in Crosswalk,AccelDecelLane,Daylight,Not Collision with Motor Vehicle in Transport,Pedestrian,1,True,,,,,,,2409.107197,WINDERMERE DR,25.52193148,30,2,B,MEMPHIS,SHELBY,28102,25.52193148264567,City of Memphis,city_residual,city: no state-route overlap,WINDERMERE DR,False,False,False,City of Memphis,True,,2398.2,True,no_signal_coverage
300967695,7/25/2024,7/25/2024 21:36,2024,7,Thursday,21,35.081993,-89.90726,No Injury,Pedestrian,Not Intersection-Outside Traffic,OtherLocation,Dark-Lighted,Not Collision with Motor Vehicle in Transport,Other,2,True,,,,,,,2199.204805,E MALLORY AVE,0.165150423,35,2,B,MEMPHIS,SHELBY,6269,0.1651504229585543,City of Memphis,city_residual,city: no state-route overlap,E MALLORY AVE,False,False,False,City of Memphis,False,12259,311.7,True,
300971566,8/18/2024,8/18/2024 18:00,2024,8,Sunday,18,35.04808,-89.783615,No Injury,Pedestrian,Not Intersection-Other Not On Roadway,Intersection-Related,Dawn,Not Collision with Motor Vehicle in Transport,Other,2,True,,,,,,,2268.738192,WINCHESTER RD,0.153446716,45,6,B,MEMPHIS,SHELBY,49024,0.1534467158975944,City of Memphis,city_residual,city: no state-route overlap,WINCHESTER RD,False,False,False,City of Memphis,False,21523,19.2,True,
300968928,8/1/2024,8/1/2024 21:05,2024,8,Thursday,21,35.205276,-89.92339,No Injury,Pedestrian,Not Intersection-On Roadway Not In Crosswalk,AccelDecelLane,Dark-Lighted,Angle,Other,1,True,AUSTIN PEAY HWY,Principal Arterial,50.0,3.0,14,7.0,1.595092852,AUSTIN PEAY HWY TO JAMES RD,0.006826177,45,1,FT,MEMPHIS,SHELBY,36473,0.0068261767773193,Interstate ramp (TDOT),interstate_ramp,interstate ramp: MTFCC S1630,AUSTIN PEAY HWY TO JAMES RD,True,False,False,Interstate ramp,False,,18.4,False,
300951942,4/14/2024,4/14/2024 4:44,2024,4,Sunday,4,35.175112,-89.836434,Fatal,Pedestrian,Not Intersection-On Roadway Crosswalk not Available,Non-Junction,Dark-Lighted,Not Collision with Motor Vehicle in Transport,Pedestrian,1,True,,,,,,,2020.391639,INTERSTATE 40 E,0.043988675,65,4,FT,MEMPHIS,SHELBY,39688,0.0439886746769906,Interstate (TDOT),interstate_mainline,interstate: MTFCC S1100,INTERSTATE 40 E,True,False,False,Interstate (TDOT),False,,102.2,False,
300970808,8/16/2024,8/16/2024 14:00,2024,8,Friday,14,35.11656,-90.0116,Suspected Minor Injury,Pedestrian,Not Intersection-On Roadway Not In Crosswalk,Non-Junction,Daylight,Not Collision with Motor Vehicle in Transport,Pedestrian,1,True,,,,,,,598.1700438,SOUTHERN AVE,2.635836632,35,2,B,MEMPHIS,SHELBY,7512,2.635836632063614,City of Memphis,city_residual,city: no state-route overlap,SOUTHERN AVE,False,False,False,City of Memphis,False,,661.4,False,
300970818,8/15/2024,8/15/2024 20:50,2024,8,Thursday,20,35.209625,-90.0328,Possible Injury,Pedestrian,Intersection-On Roadway not in Crosswalk,Intersection-Related,Dark-Lighted,Not Collision with Motor Vehicle in Transport,Pedestrian,1,True,THOMAS ST,,40.0,2.0,3,7.0,9.778451289,THOMAS ST,10.86868018,40,2,B,MEMPHIS,SHELBY,46522,10.868680177109765,TDOT state route,state_route_overlap,"state route: 100% overlap, name=THOMAS",THOMAS ST,False,False,False,TDOT state route,True,,14.4,False,no_signal_coverage
300970302,8/12/2024,8/12/2024 22:42,2024,8,Monday,22,35.10955,-90.021736,Possible Injury,Pedestrian,Intersection-Unknown,AccelDecelLane,Dark-Lighted,Not Collision with Motor Vehicle in Transport,Pedestrian,1,True,ELVIS PRESLEY BLVD,Minor Arterial,35.0,5.0,3,4.0,1.237786142,S PARKWAY E,0.173326584,35,5,B,MEMPHIS,SHELBY,53274,0.1733265836224657,City of Memphis,city_residual,city: no state-route overlap,S PARKWAY E,False,False,False,City of Memphis,True,4130,297.0,False,no
300970303,8/10/2024,8/10/2024 22:19,2024,8,Saturday,22,35.104996,-89.97768,Suspected Serious Injury,Pedestrian,Intersection-Unknown,Intersection-Related,Dark-Unknown Lighting,Not Collision with Motor Vehicle in Transport,Pedestrian,1,True,,,,,,,412.5886492,HAMILTON ST,14.81295675,30,2,B,MEMPHIS,SHELBY,82564,14.812956749182424,City of Memphis,city_residual,city: no state-route overlap,HAMILTON ST,False,False,False,City of Memphis,True,,627.2,False,no_signal_coverage
300968870,8/2/2024,8/2/2024 22:08,2024,8,Friday,22,35.086304,-90.044525,Possible Injury,Pedestrian,Intersection-On Roadway Crosswalk Not Available,AccelDecelLane,Dark-Lighted,Not Collision with Motor Vehicle in Transport,Pedestrian,1,True,,,,,,,1115.726817,S LAUDERDALE ST,0.146381771,30,2,B,MEMPHIS,SHELBY,82179,0.1463817710261605,City of Memphis,city_residual,city: no state-route overlap,S LAUDERDALE ST,False,False,False,City of Memphis,True,,1101.4,False,no_signal_coverage
300971420,8/19/2024,8/19/2024 18:15,2024,8,Monday,18,35.093723,-90.0005,Possible Injury,Pedestrian,Intersection-On Roadway Crosswalk Not Available,Intersection,Dusk,Not Collision with Motor Vehicle in Transport,Pedestrian,1,True,,,,,,,1606.420746,FREEMONT AVE,21.08852798,30,2,B,MEMPHIS,SHELBY,4072,21.088527977938437,City of Memphis,city_residual,city: no state-route overlap,FREEMONT AVE,False,False,False,City of Memphis,True,,1178.5,True,no_signal_coverage
300970509,8/14/2024,8/14/2024 7:12,2024,8,Wednesday,7,35.133705,-90.02085,Possible Injury,Pedestrian,Intersection-On Roadway Crosswalk Not Available,Intersection-Related,Daylight,Not Collision with Motor Vehicle in Transport,Pedestrian,2,True,S BELLEVUE BLVD,Major Collector,35.0,4.0,3,6.0,4.433141583,VANCE AVE,0.173242316,30,2,B,MEMPHIS,SHELBY,3723,0.1732423161175334,City of Memphis,city_residual,city: no state-route overlap,VANCE AVE,False,False,True,City of Memphis,True,,404.6,False,no_signal_coverage
300945956,3/13/2024,3/13/2024 19:42,2024,3,Wednesday,19,35.140537,-90.04451,Fatal,Pedestrian,Intersection-In Crosswalk,Intersection-Related,Dark-Lighted,Not Collision with Motor Vehicle in Transport,Pedestrian,1,True,UNION AVE,Principal Arterial,35.0,5.0,3,6.0,29.49937552,UNION AVE,25.18761881,35,5,B,MEMPHIS,SHELBY,46631,25.18761880768768,TDOT state route,state_route_overlap,"state route: 100% overlap, name=UNION",UNION AVE,False,False,False,TDOT state route,True,,78.8,True,no_signal_coverage
300968900,8/2/2024,8/2/2024 20:30,2024,8,Friday,20,35.08632,-90.05957,Possible Injury,Pedestrian,Intersection-On Roadway not in Crosswalk,Non-Junction,Dark-Lighted,Not Collision with Motor Vehicle in Transport,Pedestrian,1,True,,,,,,,251.2605904,E MALLORY AVE,28.45896154,40,2,B,MEMPHIS,SHELBY,50813,28.458961536476476,City of Memphis,city_residual,city: no state-route overlap,E MALLORY AVE,False,False,False,City of Memphis,True,,240.8,True,no_signal_coverage
300970010,8/10/2024,8/10/2024 18:35,2024,8,Saturday,18,35.157948,-89.97601,Suspected Minor Injury,Pedestrian,Intersection-In Crosswalk,Intersection,Daylight,Not Collision with Motor Vehicle in Transport,Pedestrian,1,True,JACKSON AVE,Principal Arterial,40.0,5.0,14,7.0,4.687374336,JACKSON AVE,0.028110144,40,5,B,MEMPHIS,SHELBY,46906,0.0281101443445548,TDOT state route,state_route_overlap,"state route: 100% overlap, name=JACKSON",JACKSON AVE,False,False,False,TDOT state route,True,7804,15.7,False,yes
300970867,8/17/2024,8/17/2024 1:05,2024,8,Saturday,1,35.14318,-90.0071,Suspected Serious Injury,Pedestrian,Intersection-On Roadway Crosswalk Not Available,Non-Junction,Dark-Lighted,Not Collision with Motor Vehicle in Transport,Pedestrian,1,True,,,,,,,796.8431547,N AVALON ST,0.203807083,35,2,B,MEMPHIS,SHELBY,84121,0.2038070834616866,City of Memphis,city_residual,city: no state-route overlap,N AVALON ST,False,False,False,City of Memphis,True,5543,0.6,False,yes
300970029,8/10/2024,8/10/2024 17:25,2024,8,Saturday,17,35.049774,-89.80829,Unknown,Pedestrian,Intersection-On Roadway not in Crosswalk,Intersection,Daylight,Not Collision with Motor Vehicle in Transport,Pedestrian,1,True,,,,,,,84.64405862,WINCHESTER RD,2.074910248,45,7,B,MEMPHIS,SHELBY,52565,2.074910248308186,City of Memphis,city_residual,city: no state-route overlap,WINCHESTER RD,False,False,False,City of Memphis,True,,79.8,True,no_signal_coverage
300967438,7/23/2024,7/23/2024 23:45,2024,7,Tuesday,23,35.15863,-90.02266,Suspected Serious Injury,Pedestrian,Not Intersection-Outside Traffic,OtherLocation,Dark-Lighted,Not Collision with Motor Vehicle in Transport,Pedestrian,1,True,,,,,,,106.4206311,BREEDLOVE ST,32.79428417,35,2,B,MEMPHIS,SHELBY,80903,32.79428416896215,City of Memphis,city_residual,city: no state-route overlap,BREEDLOVE ST,False,False,False,City of Memphis,False,,98.2,False,
300969896,8/9/2024,8/9/2024 19:00,2024,8,Friday,19,35.177944,-89.97201,Possible Injury,Pedestrian,Intersection-Not on Roadway,Intersection-Related,Dark-Lighted,Not Collision with Motor Vehicle in Transport,Pedestrian,1,True,,,,,,,2134.557071,PERES AVE,19.57094686,30,2,B,MEMPHIS,SHELBY,4523,19.570946864963705,City of Memphis,city_residual,city: no state-route overlap,PERES AVE,False,False,False,City of Memphis,True,,1377.2,True,no_signal_coverage
300967848,7/26/2024,7/26/2024 11:22,2024,7,Friday,11,35.216988,-89.89398,Suspected Minor Injury,Pedestrian,Not Intersection-On Roadway Not In Crosswalk,Intersection-Related,Daylight,Not Collision with Motor Vehicle in Transport,Pedestrian,1,True,,,,,,,32.37975351,COVINGTON PIKE,32.00747888,40,5,B,MEMPHIS,SHELBY,46577,32.00747888460693,TDOT state route,state_route_overlap,"state route: 100% overlap, name=COVINGTON",COVINGTON PIKE,False,False,False,TDOT state route,False,,75.4,False,
300969114,8/4/2024,8/4/2024 3:00,2024,8,Sunday,3,35.162937,-89.97888,No Injury,Pedestrian,Unknown,Non-Junction,Dark-Lighted,HeadOn,Other,1,True,,,,,,,550.6648891,VOLLINTINE AVE,22.25626559,30,2,B,MEMPHIS,SHELBY,4421,22.2562655922256,City of Memphis,city_residual,city: no state-route overlap,VOLLINTINE AVE,False,False,False,City of Memphis,False,,560.4,False,
300969904,8/9/2024,8/9/2024 20:00,2024,8,Friday,20,35.108456,-89.98326,No Injury,Pedestrian,Not Intersection-Outside Traffic,OtherLocation,Dark-Lighted,Not Collision with Motor Vehicle in Transport,Pedestrian,1,True,,,,,,,149.9888046,PARK AVE,0.146100647,35,4,B,MEMPHIS,SHELBY,51017,0.1461006470413454,City of Memphis,city_residual,city: no state-route overlap,PARK AVE,False,False,False,City of Memphis,False,7162,149.0,True,
300967111,7/21/2024,7/21/2024 1:35,2024,7,Sunday,1,35.138626,-90.06045,Possible Injury,Pedestrian,Not Intersection-In Crosswalk,AccelDecelLane,Dark-Lighted,Angle,Other,1,True,,,,,,,491.7691006,RIVERSIDE DR,14.71833249,40,2,TF,MEMPHIS,SHELBY,52939,14.71833249220533,City of Memphis,city_residual,city: no state-route overlap,RIVERSIDE DR,False,False,False,City of Memphis,False,,486.4,False,
300971495,8/21/2024,8/21/2024 6:24,2024,8,Wednesday,6,35.16227,-89.93924,Possible Injury,Other Non-Motorist,Not Intersection-Unknown,Intersection-Related,Daylight,Not Collision with Motor Vehicle in Transport,Other,2,True,,,,,,,1054.964632,HOMER ST,25.2647406,30,4,B,MEMPHIS,SHELBY,51309,25.264740599698687,City of Memphis,city_residual,city: no state-route overlap,HOMER ST,False,False,False,City of Memphis,False,,1295.9,False,
300970597,8/14/2024,8/14/2024 22:54,2024,8,Wednesday,22,35.13471,-89.84028,Suspected Minor Injury,Pedestrian,Not Intersection-Outside Traffic,Non-Junction,Dark-Not Lighted,Other,Other,2,True,,,,,,,2537.734094,FARM RD,2.825373028,30,2,B,MEMPHIS,SHELBY,76697,2.825373027628301,City of Memphis,city_residual,city: no state-route overlap,FARM RD,False,False,False,City of Memphis,False,17619,1881.8,True,
300973105,8/31/2024,8/31/2024 5:10,2024,8,Saturday,5,35.19543,-89.91103,Possible Injury,Pedestrian,Not Intersection-Other Not On Roadway,Intersection,Dark-Lighted,Not Collision with Motor Vehicle in Transport,Other,2,True,,,,,,,1187.170421,PRINCE RUPERT LN,11.54570146,30,2,B,MEMPHIS,SHELBY,44037,11.545701458873657,City of Memphis,city_residual,city: no state-route overlap,PRINCE RUPERT LN,False,False,False,City of Memphis,False,,1167.1,False,
300971925,8/23/2024,8/23/2024 23:25,2024,8,Friday,23,35.0354,-90.07322,Possible Injury,Pedestrian,Intersection-On Roadway Crosswalk availability Unknown,Intersection,Dark-Lighted,Not Collision with Motor Vehicle in Transport,Pedestrian,1,True,S THIRD ST,Principal Arterial,45.0,7.0,14,6.0,2.887802308,W RAINES RD,0.170708063,40,5,B,MEMPHIS,SHELBY,49594,0.1707080632263697,City of Memphis,city_residual,city: no state-route overlap,W RAINES RD,False,False,True,City of Memphis,True,,17.9,False,no_signal_coverage
300971928,8/23/2024,8/23/2024 0:40,2024,8,Friday,0,35.16229,-89.794426,Possible Injury,Pedestrian,Intersection-In Crosswalk,Intersection-Related,Dark-Lighted,Not Collision with Motor Vehicle in Transport,Pedestrian,1,True,,,,,,,31.77287188,CLUB PKWY,12.25254499,30,2,B,MEMPHIS,SHELBY,54691,12.25254499385974,City of Memphis,city_residual,city: no state-route overlap,CLUB PKWY,False,False,False,City of Memphis,True,,15.3,True,no_signal_coverage
300975278,9/14/2024,9/14/2024 19:28,2024,9,Saturday,19,35.164803,-89.946724,Suspected Serious Injury,Pedestrian,Intersection-On Roadway not in Crosswalk,Non-Junction,Unknown,Not Collision with Motor Vehicle in Transport,Pedestrian,1,True,,,,,,,389.7824588,FARMVILLE AVE,0.248932458,30,2,B,MEMPHIS,SHELBY,5716,0.248932457736855,City of Memphis,city_residual,city: no state-route overlap,FARMVILLE AVE,False,False,False,City of Memphis,True,,589.9,False,no_signal_coverage
300972694,8/29/2024,8/29/2024 5:49,2024,8,Thursday,5,35.10671,-90.01998,Suspected Minor Injury,Pedestrian,Not Intersection-Outside Traffic,Non-Junction,Dawn,Not Collision with Motor Vehicle in Transport,Pedestrian,1,True,,,,,,,103.434778,KERR AVE,17.33095835,35,3,B,MEMPHIS,SHELBY,5122,17.330958346886867,City of Memphis,city_residual,city: no state-route overlap,KERR AVE,False,False,False,City of Memphis,False,,112.8,False,
300974452,9/9/2024,9/9/2024 19:40,2024,9,Monday,19,35.1287,-89.94882,Possible Injury,Pedestrian,Intersection-On Roadway not in Crosswalk,OtherLocation,Dark-Lighted,Not Collision with Motor Vehicle in Transport,Pedestrian,1,True,POPLAR AVE,Principal Arterial,40.0,7.0,57,5.0,4.91830656,POPLAR AVE,0.547275428,40,7,B,MEMPHIS,SHELBY,47046,0.5472754279069656,TDOT state route,state_route_overlap,"state route: 100% overlap, name=POPLAR",POPLAR AVE,False,False,False,TDOT state route,True,9563,13.6,False,yes
300975295,9/14/2024,9/14/2024 23:48,2024,9,Saturday,23,35.13769,-89.99966,Possible Injury,Pedestrian,Intersection-On Roadway Crosswalk availability Unknown,Intersection-Related,Dark-Lighted,Not Collision with Motor Vehicle in Transport,Pedestrian,1,True,,,,,,,276.3487675,MADISON AVE,0.637793895,35,3,B,MEMPHIS,SHELBY,50548,0.6377938950209919,City of Memphis,city_residual,city: no state-route overlap,MADISON AVE,False,False,False,City of Memphis,True,,281.9,False,no_signal_coverage
300975111,9/12/2024,9/12/2024 20:14,2024,9,Thursday,20,35.058693,-89.933174,Suspected Minor Injury,Pedestrian,Intersection-On Roadway not in Crosswalk,Intersection-Related,Dark-Lighted,Not Collision with Motor Vehicle in Transport,Pedestrian,1,True,,,,,,,71.47475163,OLD GETWELL RD,57.93053964,30,2,B,MEMPHIS,SHELBY,71148,57.930539635498526,City of Memphis,city_residual,city: no state-route overlap,OLD GETWELL RD,False,False,False,City of Memphis,True,,134.3,True,no_signal_coverage
300973688,9/4/2024,9/4/2024 14:59,2024,9,Wednesday,14,35.02095,-90.025215,Possible Injury,Pedestrian,Intersection-Unknown,Intersection,Daylight,Not Collision with Motor Vehicle in Transport,Pedestrian,1,True,ELVIS PRESLEY BLVD,Principal Arterial,40.0,5.0,3,6.0,0.336122051,E SHELBY DR,0.352037294,45,5,B,MEMPHIS,SHELBY,49711,0.3520372942105506,TDOT state route,state_route_overlap,"state route: 100% overlap, name=E SHELBY",E SHELBY DR,False,False,False,TDOT state route,True,3531,418.4,False,no
300975133,9/13/2024,9/13/2024 6:31,2024,9,Friday,6,35.02075,-89.95456,Possible Injury,Pedestrian,Not Intersection-Outside Traffic,AccelDecelLane,Dawn,Angle,Other,1,True,E SHELBY DR,Principal Arterial,45.0,7.0,175,3.0,4.893115309,E SHELBY DR,0.208318795,45,7,B,MEMPHIS,SHELBY,46397,0.2083187950935219,TDOT state route,state_route_overlap,"state route: 100% overlap, name=E SHELBY",E SHELBY DR,False,False,False,TDOT state route,False,8810,26.3,True,
300913448,9/26/2023,9/26/2023 22:21,2023,9,Tuesday,22,35.084354,-90.01838,Fatal,Pedestrian,Intersection-On Roadway Crosswalk Not Available,Intersection,Dark-Lighted,Not Collision with Motor Vehicle in Transport,Pedestrian,1,True,ELVIS PRESLEY BLVD,Minor Arterial,40.0,4.0,3,4.0,9.090103912,E DEMPSTER AVE,3.642269447,30,2,B,MEMPHIS,SHELBY,5117,3.642269447172902,City of Memphis,city_residual,city: no state-route overlap,E DEMPSTER AVE,False,False,True,City of Memphis,True,4296,116.8,False,no
300929514,12/12/2023,12/12/2023 21:44,2023,12,Tuesday,21,35.220623,-89.92425,Fatal,Pedestrian,Not Intersection-On Roadway Crosswalk not Available,Non-Junction,Dark-Lighted,Not Collision with Motor Vehicle in Transport,Pedestrian,1,True,,,,,,,1024.522853,YALE RD,15.27102326,40,5,B,MEMPHIS,SHELBY,49995,15.271023256495546,City of Memphis,city_residual,city: no state-route overlap,YALE RD,False,False,False,City of Memphis,False,,1016.6,False,
300974088,9/6/2024,9/6/2024 21:12,2024,9,Friday,21,35.17402,-89.930855,Possible Injury,Pedestrian,Not Intersection-On Roadway Not In Crosswalk,Non-Junction,Dark-Lighted,Not Collision with Motor Vehicle in Transport,Pedestrian,1,True,,,,,,,739.9258167,TENNYSON RD,16.42631529,30,2,B,MEMPHIS,SHELBY,76968,16.426315289564666,City of Memphis,city_residual,city: no state-route overlap,TENNYSON RD,False,False,False,City of Memphis,False,,734.9,False,
300974094,9/7/2024,9/7/2024 12:40,2024,9,Saturday,12,35.100353,-89.96597,No Injury,Pedestrian,Not Intersection-Outside Traffic,Intersection,Daylight,Not Collision with Motor Vehicle in Transport,Other,1,True,,,,,,,653.2693815,HAYNES ST,22.47778176,30,2,B,MEMPHIS,SHELBY,82700,22.477781756304783,City of Memphis,city_residual,city: no state-route overlap,HAYNES ST,False,False,False,City of Memphis,False,,671.5,False,
300975310,9/15/2024,9/15/2024 0:43,2024,9,Sunday,0,35.009132,-90.12243,No Injury,Pedestrian,Not Intersection-Other Not On Roadway,OtherLocation,Dark-Lighted,Not Collision with Motor Vehicle in Transport,Other,1,True,,,,,,,1113.588462,VALDAZ RD,0.202839471,30,2,B,MEMPHIS,SHELBY,71604,0.2028394714145065,City of Memphis,city_residual,city: no state-route overlap,VALDAZ RD,False,False,False,City of Memphis,False,,1379.7,False,
300956445,5/9/2024,5/9/2024 18:21,2024,5,Thursday,18,35.054134,-90.02041,Fatal,Pedestrian,Not Intersection-On Roadway Crosswalk not Available,Non-Junction,Daylight,Not Collision with Motor Vehicle in Transport,Pedestrian,1,True,,,,,,,418.8681108,WINCHESTER RD,0.478302147,40,7,B,MEMPHIS,SHELBY,53319,0.4783021472208886,City of Memphis,city_residual,city: no state-route overlap,WINCHESTER RD,False,False,False,City of Memphis,False,4019,401.7,True,