MstrRecNbrTxt,CollisionDate,CollisionDteTime,YearNmb,Month,DayOfWeek,Hour,Latitude,Longitude,InjuryClass,PersonType,NonMotoristLocation,RelationToJunction,LightCondition,MannerOfCollision,FirstHarmfulEvent,VictimsInCrash,InMemphis,StateRoute_NAME,StateRoute_F_System,StateRoute_SPDLIMIT,StateRoute_LANES,StateRoute_ALTNAME_1,StateRoute_Council_District,DistToStateRoute_m,Street_Name,DistToStreet_m,Street_SPDLIMIT,Street_LANES,Street_ONEWAY,Street_CITY_L,Street_COUNTY_L,Seg_OBJECTID,DistToSeg_m,Ownership,Rule_Fired,Classification_Basis,Matched_Street,is_limited_access,is_override,is_corner_case,Jurisdiction_prev,at_intersection,intersection_node_id,nearest_ped_signal_m,is_ambiguous_intersection,intersection_signalized
300975158,9/13/2024,9/13/2024 19:12,2024,9,Friday,19,35.019917,-90.02595,Suspected Serious Injury,Pedestrian,Not Intersection-On Roadway Not In Crosswalk,"Driveway, Alley Access, etc",Dark-Lighted,Not Collision with Motor Vehicle in Transport,Pedestrian,1,True,,,,,,,66.97338788,ELVIS PRESLEY BLVD,67.17427937,40,5,B,MEMPHIS,SHELBY,46488,67.17427936622362,TDOT state route,state_route_overlap,"state route: 100% overlap, name=ELVIS PRESLEY",ELVIS PRESLEY BLVD,False,False,False,TDOT state route,False,,309.3,False,
300973505,9/3/2024,9/3/2024 17:30,2024,9,Tuesday,17,35.093876,-90.02841,Possible Injury,Pedestrian,Not Intersection-On Roadway Not In Crosswalk,AccelDecelLane,Daylight,Not Collision with Motor Vehicle in Transport,Pedestrian,1,True,,,,,,,938.3952019,ALICE AVE,25.97532677,35,2,B,MEMPHIS,SHELBY,5044,25.97532676884705,City of Memphis,city_residual,city: no state-route overlap,ALICE AVE,False,False,False,City of Memphis,False,,1008.9,False,
300972791,8/28/2024,8/28/2024 21:44,2024,8,Wednesday,21,35.169334,-90.02194,Suspected Minor Injury,Pedestrian,Intersection-In Crosswalk,Intersection,Dark-Lighted,Not Collision with Motor Vehicle in Transport,Pedestrian,1,True,,,,,,,1236.544664,CHELSEA AVE,11.99220329,40,5,B,MEMPHIS,SHELBY,50409,11.992203289547584,City of Memphis,city_residual,city: no state-route overlap,CHELSEA AVE,False,False,False,City of Memphis,True,4366,271.9,False,no
300971616,8/21/2024,8/21/2024 18:02,2024,8,Wednesday,18,35.10757,-89.94914,Possible Injury,Pedestrian,Not Intersection-Other Not On Roadway,Non-Junction,Daylight,Not Collision with Motor Vehicle in Transport,Pedestrian,1,True,,,,,,,2265.817574,PRESCOTT RD,22.62050605,30,2,B,MEMPHIS,SHELBY,73631,22.62050604760844,City of Memphis,city_residual,city: no state-route overlap,PRESCOTT RD,False,False,False,City of Memphis,False,,2252.8,False,
300975788,9/17/2024,9/17/2024 19:04,2024,9,Tuesday,19,35.10532,-89.98565,Possible Injury,Pedestrian,Not Intersection-On Roadway Not In Crosswalk,Intersection,Dark-Lighted,Not Collision with Motor Vehicle in Transport,Pedestrian,1,True,LAMAR AVE,Principal Arterial,40.0,5.0,4,4.0,4.254219725,AIRWAYS BLVD,0.486448551,40,7,B,MEMPHIS,SHELBY,51014,0.486448550894632,City of Memphis,city_residual,city: no state-route overlap,AIRWAYS BLVD,False,False,False,City of Memphis,False,6997,2.5,True,
300973538,9/3/2024,9/3/2024 17:51,2024,9,Tuesday,17,35.07211,-89.90497,Possible Injury,Pedestrian,Intersection-Unknown,Intersection-Related,Daylight,Not Collision with Motor Vehicle in Transport,Pedestrian,1,True,,,,,,,2451.907326,JUDY LYNN AVE,40.2291614,35,2,B,MEMPHIS,SHELBY,2168,40.22916140241588,City of Memphis,city_residual,city: no state-route overlap,JUDY LYNN AVE,False,False,False,City of Memphis,True,,312.0,True,no_signal_coverage
300974709,9/10/2024,9/10/2024 8:00,2024,9,Tuesday,8,35.1647,-90.010376,Possible Injury,Pedestrian,Intersection-In Crosswalk,Intersection,Daylight,Not Collision with Motor Vehicle in Transport,Pedestrian,1,True,,,,,,,666.2613446,VOLLINTINE AVE,0.288704096,35,4,B,MEMPHIS,SHELBY,50488,0.2887040958766517,City of Memphis,city_residual,city: no state-route overlap,VOLLINTINE AVE,False,False,False,City of Memphis,True,5373,714.5,False,no
300972577,8/26/2024,8/26/2024 0:00,2024,8,Monday,0,35.170246,-89.98154,Possible Injury,Pedestrian,Intersection-On Roadway Crosswalk Not Available,Intersection,Dark-Lighted,Not Collision with Motor Vehicle in Transport,Pedestrian,1,True,,,,,,,1270.19768,ELDRIDGE AVE,24.24052214,30,2,B,MEMPHIS,SHELBY,4386,24.24052214333725,City of Memphis,city_residual,city: no state-route overlap,ELDRIDGE AVE,False,False,False,City of Memphis,True,,1269.8,True,no_signal_coverage
300974168,9/6/2024,9/6/2024 19:44,2024,9,Friday,19,35.1079,-89.946045,Suspected Minor Injury,Pedestrian,Not Intersection-On Roadway Not In Crosswalk,OtherLocation,Dark-Lighted,Not Collision with Motor Vehicle in Transport,Pedestrian,1,True,,,,,,,2159.903469,PARK AVE,0.038709852,40,4,B,MEMPHIS,SHELBY,51196,0.038709852039748,City of Memphis,city_residual,city: no state-route overlap,PARK AVE,False,False,False,City of Memphis,False,9665,2188.9,True,
300973341,8/19/2024,8/19/2024 7:45,2024,8,Monday,7,35.085842,-89.91683,Possible Injury,Pedestrian,Intersection-On Roadway Crosswalk availability Unknown,Intersection,Daylight,Not Collision with Motor Vehicle in Transport,Pedestrian,1,True,,,,,,,1447.758547,WILLOW RD,0.378950217,35,2,B,MEMPHIS,SHELBY,51469,0.3789502168956558,City of Memphis,city_residual,city: no state-route overlap,WILLOW RD,False,False,False,City of Memphis,True,,1137.8,False,no_signal_coverage
300972152,8/24/2024,8/24/2024 22:20,2024,8,Saturday,22,35.135178,-90.000084,Suspected Minor Injury,Pedestrian,Intersection-In Crosswalk,Intersection,Dark-Lighted,Not Collision with Motor Vehicle in Transport,Pedestrian,1,True,UNION AVE,Principal Arterial,35.0,6.0,23,5.0,4.998838579,S MCLEAN BLVD,0.40530859,35,4,B,MEMPHIS,SHELBY,53276,0.4053085900601786,City of Memphis,city_residual,city: no state-route overlap,S MCLEAN BLVD,False,False,True,City of Memphis,True,,0.6,False,no_signal_coverage
300972001,8/24/2024,8/24/2024 19:38,2024,8,Saturday,19,35.137287,-90.02113,Suspected Serious Injury,Pedestrian,Intersection-On Roadway not in Crosswalk,Intersection-Related,Dark-Lighted,Not Collision with Motor Vehicle in Transport,Pedestrian,1,True,UNION AVE,Principal Arterial,35.0,6.0,3,6.0,4.647149302,UNION AVE,0.066849976,35,6,B,MEMPHIS,SHELBY,46758,0.0668499760326738,TDOT state route,state_route_overlap,"state route: 100% overlap, name=UNION",UNION AVE,False,False,False,TDOT state route,True,,49.6,False,no_signal_coverage
300973558,9/3/2024,9/3/2024 23:45,2024,9,Tuesday,23,35.086525,-89.9311,Possible Injury,Pedestrian,Intersection-On Roadway not in Crosswalk,Intersection,Dark-Lighted,Not Collision with Motor Vehicle in Transport,Pedestrian,1,True,,,,,,,670.7250766,GETWELL RD,6.795672637,40,5,B,MEMPHIS,SHELBY,51327,6.795672637244259,City of Memphis,city_residual,city: no state-route overlap,GETWELL RD,False,False,False,City of Memphis,True,,554.2,False,no_signal_coverage
300972003,8/24/2024,8/24/2024 21:55,2024,8,Saturday,21,35.111546,-90.02173,Suspected Serious Injury,Pedestrian,Not Intersection-On Roadway Not In Crosswalk,SharedUsePathOrTrail,Dark-Not Lighted,Not Collision with Motor Vehicle in Transport,Pedestrian,1,True,S BELLEVUE BLVD,Minor Arterial,35.0,5.0,3,4.0,0.398604728,E TRIGG AVE,0.226415864,35,2,B,MEMPHIS,SHELBY,5127,0.2264158639091687,City of Memphis,city_residual,city: no state-route overlap,E TRIGG AVE,False,False,False,City of Memphis,False,,371.6,False,
300975599,9/16/2024,9/16/2024 11:00,2024,9,Monday,11,35.137104,-90.05148,Possible Injury,Pedestrian,Intersection-On Roadway Crosswalk Not Available,"Driveway, Alley Access, etc",Daylight,Not Collision with Motor Vehicle in Transport,Pedestrian,1,True,DR MARTIN LUTHER KING JR,Minor Arterial,,5.0,,6.0,4.694996665,DR MARTIN LUTHER KING JR AVE,0.091980781,35,5,B,MEMPHIS,SHELBY,6551,0.0919807809528604,TDOT state route,state_route_overlap,"state route: 100% overlap, name=DR MARTIN LUTHER KING JR",DR MARTIN LUTHER KING JR AVE,False,False,False,TDOT state route,True,,398.8,False,no_signal_coverage
300973356,9/2/2024,9/2/2024 21:10,2024,9,Monday,21,35.05621,-89.93126,Suspected Minor Injury,Pedestrian,Not Intersection-On Roadway Not In Crosswalk,Non-Junction,Dark-Lighted,Not Collision with Motor Vehicle in Transport,Pedestrian,1,True,LAMAR AVE,Principal Arterial,40.0,5.0,4,3.0,8.604967551,LAMAR AVE,11.67416078,40,5,B,MEMPHIS,SHELBY,46418,11.674160776140956,TDOT state route,state_route_overlap,"state route: 100% overlap, name=LAMAR",LAMAR AVE,False,False,False,TDOT state route,False,,196.5,False,
300875106,3/23/2023,3/23/2023 21:00,2023,3,Thursday,21,35.13417,-89.99038,Fatal,Pedestrian,Not Intersection-On Roadway Not In Crosswalk,Non-Junction,Dark-Lighted,Not Collision with Motor Vehicle in Transport,Pedestrian,1,True,UNION AVE,Principal Arterial,35.0,6.0,23,5.0,4.742867925,UNION AVE,0.149047258,35,6,B,MEMPHIS,SHELBY,46840,0.1490472581916065,TDOT state route,state_route_overlap,"state route: 100% overlap, name=UNION",UNION AVE,False,False,False,TDOT state route,False,6806,0.6,True,
300974765,9/11/2024,9/11/2024 19:06,2024,9,Wednesday,19,35.237213,-89.98448,Suspected Minor Injury,Pedestrian,Not Intersection-Outside Traffic,"Driveway, Alley Access, etc",Dark-Not Lighted,Angle,Other,1,True,,,,,,,2146.658237,WELLONS AVE,22.75500593,30,2,B,MEMPHIS,SHELBY,2924,22.75500592875691,City of Memphis,city_residual,city: no state-route overlap,WELLONS AVE,False,False,False,City of Memphis,False,,2678.6,False,
300971844,8/22/2024,8/22/2024 20:30,2024,8,Thursday,20,35.170155,-89.97783,Fatal,Pedestrian,Not Intersection-On Roadway Not In Crosswalk,OtherLocation,Dark-Lighted,Not Collision with Motor Vehicle in Transport,Pedestrian,1,True,,,,,,,1349.805095,ELDRIDGE AVE,22.93959355,30,2,B,MEMPHIS,SHELBY,7362,22.939593548076,City of Memphis,city_residual,city: no state-route overlap,ELDRIDGE AVE,False,False,False,City of Memphis,False,,1349.7,False,
300971888,8/23/2024,8/23/2024 0:00,2024,8,Friday,99,35.119877,-90.04822,Suspected Minor Injury,Pedestrian,Intersection-Unknown,Unknown,Daylight,Not Collision with Motor Vehicle in Transport,Pedestrian,1,True,,,,,,,507.3029379,WALKER AVE,22.79145346,35,2,B,MEMPHIS,SHELBY,7205,22.791453461951196,City of Memphis,city_residual,city: no state-route overlap,WALKER AVE,False,False,False,City of Memphis,True,,506.1,True,no_signal_coverage
300966435,7/16/2024,7/16/2024 21:40,2024,7,Tuesday,21,35.153976,-89.88741,Fatal,Pedestrian,Not Intersection-On Roadway Not In Crosswalk,Non-Junction,Dark-Lighted,Not Collision with Motor Vehicle in Transport,Pedestrian,1,True,SUMMER AVE,Principal Arterial,40.0,7.0,1,5.0,16.66309332,SUMMER AVE,13.37319715,40,7,B,MEMPHIS,SHELBY,47420,13.37319715242064,TDOT state route,state_route_overlap,"state route: 100% overlap, name=SUMMER",SUMMER AVE,False,False,False,TDOT state route,False,,89.1,False,
300974608,9/10/2024,9/10/2024 5:44,2024,9,Tuesday,5,35.075428,-89.93197,Suspected Serious Injury,Pedestrian,Not Intersection-On Roadway Not In Crosswalk,AccelDecelLane,Dawn,Not Collision with Motor Vehicle in Transport,Pedestrian,1,True,,,,,,,31.81581258,GETWELL RD,31.49355736,40,7,B,MEMPHIS,SHELBY,47387,31.493557361245724,TDOT state route,state_route_overlap,"state route: 100% overlap, name=GETWELL",GETWELL RD,False,False,False,TDOT state route,False,,112.3,False,
300971719,8/21/2024,8/21/2024 0:00,2024,8,Wednesday,99,35.19989,-89.95876,Possible Injury,Pedestrian,Intersection-In Crosswalk,Intersection,Unknown,Not Collision with Motor Vehicle in Transport,Pedestrian,1,True,,,,,,,2997.34461,JAMES RD,0.343469339,45,4,B,MEMPHIS,SHELBY,53156,0.3434693385497238,City of Memphis,city_residual,city: no state-route overlap,JAMES RD,False,False,False,City of Memphis,True,,1707.6,False,no_signal_coverage
300974384,9/8/2024,9/8/2024 12:30,2024,9,Sunday,12,35.104397,-89.9792,Possible Injury,Pedestrian,Not Intersection-On Roadway Not In Crosswalk,Through Roadway,Daylight,Not Collision with Motor Vehicle in Transport,Pedestrian,1,True,,,,,,,277.8482563,CELLA ST,13.87226037,30,2,B,MEMPHIS,SHELBY,82562,13.872260371222664,City of Memphis,city_residual,city: no state-route overlap,CELLA ST,False,False,False,City of Memphis,False,,487.8,False,
300972867,8/27/2024,8/27/2024 12:38,2024,8,Tuesday,12,35.09502,-89.97012,Possible Injury,Pedestrian,Intersection-On Roadway Crosswalk Not Available,AccelDecelLane,Daylight,Not Collision with Motor Vehicle in Transport,Pedestrian,1,True,LAMAR AVE,Principal Arterial,40.0,5.0,4,4.0,2.946903628,PENDLETON ST,0.106730893,40,4,B,MEMPHIS,SHELBY,82646,0.1067308931228904,City of Memphis,city_residual,city: no state-route overlap,PENDLETON ST,False,False,True,City of Memphis,True,8014,17.8,False,yes
300972433,8/23/2024,8/23/2024 21:50,2024,8,Friday,21,35.066883,-89.843575,Suspected Serious Injury,Pedestrian,Intersection-On Roadway not in Crosswalk,AccelDecelLane,Dark-Lighted,Not Collision with Motor Vehicle in Transport,Pedestrian,1,True,STATE ROUTE 385,Freeway and Expressway,65.0,3.0,NONCONNAH PKWY,2.0,4.594228956,STATE ROUTE 385 W,0.563390647,65,3,FT,MEMPHIS,SHELBY,47692,0.5633906469107995,TDOT state route,state_route_overlap,"state route: 100% overlap, name=STATE ROUTE 385",STATE ROUTE 385 W,False,False,False,TDOT state route,True,16999,21.6,False,yes
300979488,10/9/2024,10/9/2024 17:00,2024,10,Wednesday,17,35.146027,-89.96339,Suspected Serious Injury,Pedestrian,Intersection-On Roadway Crosswalk Not Available,Intersection,Daylight,Not Collision with Motor Vehicle in Transport,Pedestrian,1,True,,,,,,,394.0415031,SAM COOPER BLVD,0.026669303,40,6,B,MEMPHIS,SHELBY,52331,0.0266693033491624,Limited-access (TDOT),limited_access_override,limited-access override: Sam Cooper Blvd,SAM COOPER BLVD,True,True,False,City of Memphis,True,,427.2,False,no_signal_coverage
300978527,10/2/2024,10/2/2024 9:05,2024,10,Wednesday,9,35.2081,-89.97568,Possible Injury,Pedestrian,Not Intersection-On Roadway Not In Crosswalk,AccelDecelLane,Daylight,Front to Rear,Other,2,True,,,,,,,4652.516174,WHITNEY AVE,0.00105587,40,4,B,MEMPHIS,SHELBY,2946,0.0010558695133478,City of Memphis,city_residual,city: no state-route overlap,WHITNEY AVE,False,False,False,City of Memphis,False,,1637.7,False,
300978295,10/3/2024,10/3/2024 14:54,2024,10,Thursday,14,35.156796,-90.04676,Possible Injury,Pedestrian,Not Intersection-On Roadway Not In Crosswalk,Intersection,Daylight,Not Collision with Motor Vehicle in Transport,Pedestrian,1,True,N SECOND ST,Principal Arterial,35.0,3.0,3,7.0,1.790493769,N SECOND ST,0.003654259,35,3,B,MEMPHIS,SHELBY,46641,0.003654258552001,TDOT state route,state_route_overlap,"state route: 100% overlap, name=N SECOND",N SECOND ST,False,False,False,TDOT state route,False,,15.8,False,
300979999,10/14/2024,10/14/2024 15:15,2024,10,Monday,15,35.04009,-89.82426,Possible Injury,Pedestrian,Intersection-In Crosswalk,Intersection,Daylight,Not Collision with Motor Vehicle in Transport,Pedestrian,1,True,,,,,,,1370.456439,S GERMANTOWN RD,0.711441627,35,3,B,MEMPHIS,SHELBY,71526,0.7114416274393416,City of Memphis,city_residual,city: no state-route overlap,S GERMANTOWN RD,False,False,False,City of Memphis,True,,834.1,False,no_signal_coverage
300937000,1/23/2024,1/23/2024 18:30,2024,1,Tuesday,18,35.16955,-89.91359,Possible Injury,Pedestrian,Intersection-In Crosswalk,Intersection,Other,Not Collision with Motor Vehicle in Transport,Pedestrian,1,True,,,,,,,1025.369183,RUSSWOOD RD,19.76960131,30,2,B,MEMPHIS,SHELBY,73936,19.76960130984846,City of Memphis,city_residual,city: no state-route overlap,RUSSWOOD RD,False,False,False,City of Memphis,True,,951.1,True,no_signal_coverage
300979834,10/1/2024,10/1/2024 18:00,2024,10,Tuesday,18,35.165183,-89.790943,Suspected Minor Injury,Pedestrian,Intersection-In Crosswalk,Intersection,Dusk,Not Collision with Motor Vehicle in Transport,Pedestrian,1,True,,,,,,,259.5568522,YELLOW STONE DR,47.40718748,30,2,B,MEMPHIS,SHELBY,25148,47.40718747761965,City of Memphis,city_residual,city: no state-route overlap,YELLOW STONE DR,False,False,False,City of Memphis,True,,386.5,True,no_signal_coverage
300978750,10/5/2024,10/5/2024 12:11,2024,10,Saturday,12,35.208115,-89.97116,Possible Injury,Pedestrian,Not Intersection-On Roadway Not In Crosswalk,Non-Junction,Daylight,Front to Rear,Other,2,True,,,,,,,4337.952685,BIRCHFIELD DR,27.48423689,30,2,B,MEMPHIS,SHELBY,27942,27.48423688644484,City of Memphis,city_residual,city: no state-route overlap,BIRCHFIELD DR,False,False,False,City of Memphis,False,,1691.3,False,
300978324,10/4/2024,10/4/2024 2:00,2024,10,Friday,2,35.051186,-89.91078,Suspected Serious Injury,Pedestrian,Not Intersection-On Roadway Not In Crosswalk,Non-Junction,Dark-Lighted,Not Collision with Motor Vehicle in Transport,Pedestrian,1,True,,,,,,,1007.126391,KNIGHT RD,0.002101429,35,5,B,MEMPHIS,SHELBY,71199,0.0021014287486619,City of Memphis,city_residual,city: no state-route overlap,KNIGHT RD,False,False,False,City of Memphis,False,11929,22.5,True,
300977553,9/29/2024,9/29/2024 0:00,2024,9,Sunday,0,35.135178,-90.000084,Suspected Serious Injury,Pedestrian,Not Intersection-On Roadway Not In Crosswalk,Unknown,Unknown,Not Collision with Motor Vehicle in Transport,Pedestrian,1,True,UNION AVE,Principal Arterial,35.0,6.0,23,5.0,4.998838579,S MCLEAN BLVD,0.40530859,35,4,B,MEMPHIS,SHELBY,53276,0.4053085900601786,City of Memphis,city_residual,city: no state-route overlap,S MCLEAN BLVD,False,False,False,City of Memphis,False,,0.6,False,
300978589,10/4/2024,10/4/2024 19:57,2024,10,Friday,19,35.13647,-90.014465,Suspected Serious Injury,Pedestrian,Intersection-On Roadway not in Crosswalk,AccelDecelLane,Dusk,Not Collision with Motor Vehicle in Transport,Pedestrian,1,True,UNION AVE,Principal Arterial,35.0,6.0,23,7.0,21.74846847,UNION AVE,17.17056046,35,6,B,MEMPHIS,SHELBY,46778,17.170560460376063,TDOT state route,state_route_overlap,"state route: 100% overlap, name=UNION",UNION AVE,False,False,False,TDOT state route,True,,195.9,False,no_signal_coverage
300977389,9/24/2024,9/24/2024 15:10,2024,9,Tuesday,15,35.053894,-89.886116,Possible Injury,Pedestrian,Not Intersection-Unknown,Intersection-Related,Daylight,Not Collision with Motor Vehicle in Transport,Pedestrian,1,True,,,,,,,3043.027189,S MENDENHALL RD,0.785710615,40,7,B,MEMPHIS,SHELBY,49406,0.7857106153981386,City of Memphis,city_residual,city: no state-route overlap,S MENDENHALL RD,False,False,False,City of Memphis,False,13708,371.5,True,
300979877,10/14/2024,10/14/2024 9:26,2024,10,Monday,9,35.144077,-90.017166,Possible Injury,Pedestrian,Intersection-On Roadway Crosswalk Not Available,Intersection,Daylight,Not Collision with Motor Vehicle in Transport,Pedestrian,1,True,,,,,,,786.5430024,POPLAR AVE,1.258725401,40,7,B,MEMPHIS,SHELBY,50416,1.258725401444762,City of Memphis,city_residual,city: no state-route overlap,POPLAR AVE,False,False,False,City of Memphis,True,4662,133.5,False,no
300977169,9/25/2024,9/25/2024 16:50,2024,9,Wednesday,16,35.153732,-89.96689,No Injury,Pedestrian,Intersection-In Crosswalk,Rail Grade Crossing,Daylight,Not Collision with Motor Vehicle in Transport,Other,2,True,,,,,,,449.6484161,PERSHING AVE,0.425168213,30,2,B,MEMPHIS,SHELBY,7516,0.4251682132441198,City of Memphis,city_residual,city: no state-route overlap,PERSHING AVE,False,False,False,City of Memphis,True,,652.9,False,no_signal_coverage
300976422,9/20/2024,9/20/2024 22:15,2024,9,Friday,22,35.114357,-90.050095,Possible Injury,Pedestrian,Not Intersection-Bike Path,Unknown,Dark-Lighted,Not Collision with Motor Vehicle in Transport,Pedestrian,1,True,,,,,,,468.6310577,LUCY AVE,25.61438622,30,2,B,MEMPHIS,SHELBY,7225,25.614386215434763,City of Memphis,city_residual,city: no state-route overlap,LUCY AVE,False,False,False,City of Memphis,False,,503.0,False,
300963112,6/23/2024,6/23/2024 0:00,2024,6,Sunday,99,35.17304,-89.99432,Fatal,Pedestrian,Not Intersection-On Roadway Not In Crosswalk,Non-Junction,Unknown,Not Collision with Motor Vehicle in Transport,Pedestrian,1,True,,,,,,,1403.907178,CHELSEA AVE,17.6848207,40,4,B,MEMPHIS,SHELBY,50652,17.684820700888643,City of Memphis,city_residual,city: no state-route overlap,CHELSEA AVE,False,False,False,City of Memphis,False,,1390.7,False,
300978648,10/5/2024,10/5/2024 13:30,2024,10,Saturday,13,35.11205,-89.984604,Suspected Serious Injury,Pedestrian,Intersection-On Roadway not in Crosswalk,AccelDecelLane,Daylight,Front to Rear,Other,1,True,AIRWAYS BLVD,Principal Arterial,30.0,2.0,277,4.0,0.497959615,CARNES AVE,0.315079991,30,1,TF,MEMPHIS,SHELBY,6822,0.3150799907024717,TDOT state route,state_route_overlap,"state route: 100% overlap, name=CARNES",CARNES AVE,False,False,False,TDOT state route,True,7091,260.0,False,no
300977788,9/30/2024,9/30/2024 16:06,2024,9,Monday,16,35.133823,-90.019356,Possible Injury,Pedestrian,Intersection-On Roadway Crosswalk Not Available,SharedUsePathOrTrail,Daylight,Not Collision with Motor Vehicle in Transport,Pedestrian,1,True,,,,,,,131.1164148,ALLEY,65.63471832,25,2,B,MEMPHIS,SHELBY,240,65.63471832440078,City of Memphis,city_residual,city: no state-route overlap,ALLEY,False,False,False,City of Memphis,True,,406.7,True,no_signal_coverage
300966464,7/17/2024,7/17/2024 6:50,2024,7,Wednesday,6,35.035595,-89.98982,Fatal,Pedestrian,Not Intersection-On Roadway Crosswalk Availability Unknown,Non-Junction,Daylight,Not Collision with Motor Vehicle in Transport,Pedestrian,1,True,,,,,,,1609.591903,E RAINES RD,0.131118896,40,5,B,MEMPHIS,SHELBY,52122,0.1311188960774338,City of Memphis,city_residual,city: no state-route overlap,E RAINES RD,False,False,False,City of Memphis,False,6563,25.3,True,
300979943,10/14/2024,10/14/2024 9:57,2024,10,Monday,9,35.139973,-90.05351,Possible Injury,Pedestrian,Intersection-On Roadway Crosswalk availability Unknown,Intersection-Related,Daylight,Not Collision with Motor Vehicle in Transport,Pedestrian,1,True,S SECOND ST,Minor Arterial,35.0,3.0,14,6.0,1.244944604,BEALE ST,0.106699222,30,2,B,MEMPHIS,SHELBY,80512,0.1066992217472858,City of Memphis,city_residual,city: no state-route overlap,BEALE ST,False,False,True,City of Memphis,True,,438.9,False,no_signal_coverage
300977010,9/24/2024,9/24/2024 20:10,2024,9,Tuesday,20,35.060715,-89.85758,Suspected Minor Injury,Pedestrian,Intersection-On Roadway Crosswalk Not Available,AccelDecelLane,Dark-Lighted,Not Collision with Motor Vehicle in Transport,Pedestrian,1,True,,,,,,,1131.523379,OLD BROMPTON CIR,30.56361724,30,2,B,MEMPHIS,SHELBY,9772,30.56361724002854,City of Memphis,city_residual,city: no state-route overlap,OLD BROMPTON CIR,False,False,False,City of Memphis,True,,754.9,True,no_signal_coverage
300980156,10/15/2024,10/15/2024 7:20,2024,10,Tuesday,7,35.177418,-89.75888,Possible Injury,Pedestrian,Not Intersection-On Roadway Not In Crosswalk,Through Roadway,Daylight,Not Collision with Motor Vehicle in Transport,Pedestrian,1,True,,,,,,,2993.108221,CHIMNEYROCK BLVD,0.032848625,30,2,B,MEMPHIS,SHELBY,8112,0.0328486250978578,City of Memphis,city_residual,city: no state-route overlap,CHIMNEYROCK BLVD,False,False,False,City of Memphis,False,,3007.6,False,
300976060,9/11/2024,9/11/2024 19:30,2024,9,Wednesday,19,35.1367,-90.019356,Suspected Serious Injury,Pedestrian,Intersection-Unknown,AccelDecelLane,Dark-Not Lighted,Not Collision with Motor Vehicle in Transport,Pedestrian,1,True,,,,,,,49.9393679,UNION AVE,45.35767036,35,6,B,MEMPHIS,SHELBY,46770,45.3576703572038,TDOT state route,state_route_overlap,"state route: 100% overlap, name=UNION",UNION AVE,False,False,False,TDOT state route,True,,133.3,True,no_signal_coverage
300978192,10/2/2024,10/2/2024 16:15,2024,10,Wednesday,16,35.11913,-89.94552,Suspected Minor Injury,Pedestrian,Intersection-In Crosswalk,Intersection-Related,Daylight,Not Collision with Motor Vehicle in Transport,Pedestrian,1,True,,,,,,,941.5143152,MIDLAND AVE,5.468287717,35,2,B,MEMPHIS,SHELBY,5749,5.468287716841826,City of Memphis,city_residual,city: no state-route overlap,MIDLAND AVE,False,False,False,City of Memphis,True,,942.0,False,no_signal_coverage
300923316,11/11/2023,11/11/2023 20:47,2023,11,Saturday,20,35.12639,-89.945305,Fatal,Pedestrian,Not Intersection-On Roadway Not In Crosswalk,Non-Junction,Dark-Lighted,Not Collision with Motor Vehicle in Transport,Pedestrian,1,True,,,,,,,156.1107419,S HIGHLAND ST,0.535408605,40,6,B,MEMPHIS,SHELBY,51234,0.5354086047489182,City of Memphis,city_residual,city: no state-route overlap,S HIGHLAND ST,False,False,False,City of Memphis,False,,137.5,False,
300966971,7/19/2024,7/19/2024 19:48,2024,7,Friday,19,35.09972,-89.87033,Suspected Serious Injury,Other Non-Motorist,Not Intersection-Adjacent to Roadway,Entrance/Exit Ramp Related,Dark-Lighted,Front to Rear,Other,1,True,,,,,,,234.4954249,PARK AVE,0.120976306,40,4,B,MEMPHIS,SHELBY,51680,0.1209763057441796,City of Memphis,city_residual,city: no state-route overlap,PARK AVE,False,False,False,City of Memphis,False,,646.5,False,
300979794,10/13/2024,10/13/2024 18:00,2024,10,Sunday,18,35.051952,-89.91915,Possible Injury,Pedestrian,Not Intersection-On Roadway Not In Crosswalk,Through Roadway,Daylight,Not Collision with Motor Vehicle in Transport,Pedestrian,1,True,,,,,,,456.3193261,WINCHESTER RD,53.11085122,45,7,B,MEMPHIS,SHELBY,51907,53.11085122301444,City of Memphis,city_residual,city: no state-route overlap,WINCHESTER RD,False,False,False,City of Memphis,False,,257.8,False,
300976485,9/21/2024,9/21/2024 23:21,2024,9,Saturday,23,35.05688,-90.007324,Possible Injury,Pedestrian,Intersection-On Roadway not in Crosswalk,Intersection,Dark-Lighted,Front to Rear,Other,2,True,,,,,,,1555.792555,MILLBRANCH RD,6.651846521,45,5,B,MEMPHIS,SHELBY,49796,6.6518465213758375,City of Memphis,city_residual,city: no state-route overlap,MILLBRANCH RD,False,False,False,City of Memphis,True,,329.6,True,no_signal_coverage
300957460,5/17/2024,5/17/2024 2:05,2024,5,Friday,2,35.114,-89.97395,Fatal,Pedestrian,Not Intersection-Outside Traffic,Non-Junction,Dark-Lighted,"Sideswipe, Opposite Direction",Other,1,True,,,,,,,968.3841525,BOSTON ST,0.231037969,35,2,B,MEMPHIS,SHELBY,82621,0.2310379691119917,City of Memphis,city_residual,city: no state-route overlap,BOSTON ST,False,False,False,City of Memphis,False,7794,966.2,True,