MstrRecNbrTxt,CollisionDate,CollisionDteTime,YearNmb,Month,DayOfWeek,Hour,Latitude,Longitude,InjuryClass,PersonType,NonMotoristLocation,RelationToJunction,LightCondition,MannerOfCollision,FirstHarmfulEvent,VictimsInCrash,InMemphis,StateRoute_NAME,StateRoute_F_System,StateRoute_SPDLIMIT,StateRoute_LANES,StateRoute_ALTNAME_1,StateRoute_Council_District,DistToStateRoute_m,Street_Name,DistToStreet_m,Street_SPDLIMIT,Street_LANES,Street_ONEWAY,Street_CITY_L,Street_COUNTY_L,Seg_OBJECTID,DistToSeg_m,Ownership,Rule_Fired,Classification_Basis,Matched_Street,is_limited_access,is_override,is_corner_case,Jurisdiction_prev,at_intersection,intersection_node_id,nearest_ped_signal_m,is_ambiguous_intersection,intersection_signalized
300972436,8/27/2024,8/27/2024 20:20,2024,8,Tuesday,20,35.087689,-89.931496,Suspected Serious Injury,Pedestrian,Not Intersection-On Roadway Not In Crosswalk,Non-Junction,Dark-Lighted,Not Collision with Motor Vehicle in Transport,Pedestrian,1,True,,,,,,,799.8011738,GETWELL RD,31.27849949,40,5,B,MEMPHIS,SHELBY,51328,31.27849948713674,City of Memphis,city_residual,city: no state-route overlap,GETWELL RD,False,False,False,City of Memphis,False,,682.3,False,
300979263,10/9/2024,10/9/2024 23:40,2024,10,Wednesday,23,35.23399,-89.89301,Possible Injury,Pedestrian,Intersection-Unknown,AccelDecelLane,Dark-Lighted,Not Collision with Motor Vehicle in Transport,Pedestrian,1,True,,,,,,,62.98969239,NEW COVINGTON PIKE,65.95150793,45,5,B,MEMPHIS,SHELBY,48076,65.95150792571387,TDOT state route,state_route_overlap,"state route: 100% overlap, name=NEW COVINGTON",NEW COVINGTON PIKE,False,False,False,TDOT state route,True,,56.9,True,no_signal_coverage
300979804,10/13/2024,10/13/2024 21:45,2024,10,Sunday,21,35.219162,-90.02852,Suspected Serious Injury,Pedestrian,Intersection-Unknown,Non-Junction,Dark-Lighted,Not Collision with Motor Vehicle in Transport,Pedestrian,1,True,THOMAS ST,,40.0,2.0,3,7.0,2.472536705,THOMAS ST,0.364788484,40,2,B,MEMPHIS,SHELBY,48498,0.3647884835671094,TDOT state route,state_route_overlap,"state route: 100% overlap, name=THOMAS",THOMAS ST,False,False,False,TDOT state route,True,,17.1,False,no_signal_coverage
300978258,10/3/2024,10/3/2024 14:30,2024,10,Thursday,14,35.158516,-89.764465,Possible Injury,Pedestrian,Intersection-On Roadway not in Crosswalk,Intersection-Related,Daylight,Not Collision with Motor Vehicle in Transport,Pedestrian,1,True,,,,,,,2779.479394,MACON RD,28.3949453,40,2,B,MEMPHIS,SHELBY,52186,28.39494529910174,City of Memphis,city_residual,city: no state-route overlap,MACON RD,False,False,False,City of Memphis,True,,2770.9,True,no_signal_coverage
300980183,10/16/2024,10/16/2024 6:18,2024,10,Wednesday,6,35.16569,-89.841774,Possible Injury,Pedestrian,Not Intersection-On Roadway Not In Crosswalk,Non-Junction,Dark-Lighted,Not Collision with Motor Vehicle in Transport,Pedestrian,1,True,,,,,,,2316.382677,EASTBROOK LN,24.70972335,30,2,B,MEMPHIS,SHELBY,44157,24.70972334944608,City of Memphis,city_residual,city: no state-route overlap,EASTBROOK LN,False,False,False,City of Memphis,False,,1046.1,False,
300979077,10/8/2024,10/8/2024 20:58,2024,10,Tuesday,20,35.11214,-90.034645,Possible Injury,Pedestrian,Intersection-On Roadway Crosswalk Not Available,Intersection,Dark-Lighted,Not Collision with Motor Vehicle in Transport,Pedestrian,1,True,,,,,,,1179.356286,PHILLIPS PL,12.45864485,30,2,B,MEMPHIS,SHELBY,55179,12.458644847847593,City of Memphis,city_residual,city: no state-route overlap,PHILLIPS PL,False,False,False,City of Memphis,True,,448.0,False,no_signal_coverage
300980206,10/16/2024,10/16/2024 7:00,2024,10,Wednesday,7,35.03558,-90.00752,Possible Injury,Pedestrian,Not Intersection-On Roadway Not In Crosswalk,AccelDecelLane,Daylight,Not Collision with Motor Vehicle in Transport,Pedestrian,1,True,,,,,,,1609.878985,E RAINES RD,0.071272848,40,5,B,MEMPHIS,SHELBY,49751,0.0712728476246597,City of Memphis,city_residual,city: no state-route overlap,E RAINES RD,False,False,False,City of Memphis,False,,1592.8,False,
300977263,9/26/2024,9/26/2024 20:14,2024,9,Thursday,20,35.141026,-90.053635,Suspected Minor Injury,Pedestrian,Not Intersection-On Roadway Not In Crosswalk,Non-Junction,Dark-Lighted,Not Collision with Motor Vehicle in Transport,Pedestrian,1,True,,,,,,,47.01035371,PEABODY PL,20.42491168,30,3,B,MEMPHIS,SHELBY,55056,20.42491168469078,City of Memphis,city_residual,city: no state-route overlap,PEABODY PL,False,False,False,City of Memphis,False,,339.8,False,
300982929,10/31/2024,10/31/2024 21:20,2024,10,Thursday,21,35.147224,-90.04396,Suspected Serious Injury,Pedestrian,Not Intersection-On Roadway Not In Crosswalk,AccelDecelLane,Dark-Not Lighted,Not Collision with Motor Vehicle in Transport,Pedestrian,1,True,N DANNY THOMAS BLVD,Principal Arterial,35.0,7.0,1,7.0,1.323655014,WASHINGTON AVE,0.144553928,30,3,B,MEMPHIS,SHELBY,3431,0.1445539281380731,City of Memphis,city_residual,city: no state-route overlap,WASHINGTON AVE,False,False,False,City of Memphis,False,,17.9,False,
300980881,10/19/2024,10/19/2024 18:54,2024,10,Saturday,18,35.0804,-89.98503,Suspected Minor Injury,Pedestrian,Not Intersection-On Roadway Not In Crosswalk,Intersection-Related,Dark-Lighted,Not Collision with Motor Vehicle in Transport,Pedestrian,1,True,,,,,,,2058.132221,AIRWAYS BLVD,1.344199792,40,7,B,MEMPHIS,SHELBY,51006,1.3441997917964228,City of Memphis,city_residual,city: no state-route overlap,AIRWAYS BLVD,False,False,False,City of Memphis,False,6969,109.4,True,
300981821,10/24/2024,10/24/2024 18:39,2024,10,Thursday,18,35.19995,-89.73448,Possible Injury,Pedestrian,Intersection-On Roadway Crosswalk Not Available,AccelDecelLane,Dark-Not Lighted,Not Collision with Motor Vehicle in Transport,Pedestrian,1,True,,,,,,,608.2086768,SAFE HARBOR DR,2.256587691,30,2,B,MEMPHIS,SHELBY,33352,2.2565876911803917,City of Memphis,city_residual,city: no state-route overlap,SAFE HARBOR DR,False,False,False,City of Memphis,True,,615.8,False,no_signal_coverage
300985182,11/13/2024,11/13/2024 14:30,2024,11,Wednesday,14,35.142796,-90.051956,Possible Injury,Pedestrian,Intersection-In Crosswalk,Intersection,Daylight,Not Collision with Motor Vehicle in Transport,Pedestrian,1,True,UNION AVE,Minor Arterial,35.0,5.0,3,6.0,1.949253957,UNION AVE,2.375103133,35,5,B,MEMPHIS,SHELBY,50276,2.3751031329381425,TDOT state route,state_route_overlap,"state route: 100% overlap, name=UNION",UNION AVE,False,False,False,TDOT state route,True,,112.1,True,no_signal_coverage
300963099,6/23/2024,6/23/2024 2:00,2024,6,Sunday,2,35.1381,-90.02886,Fatal,Pedestrian,Not Intersection-Outside Traffic,Non-Junction,Dark-Lighted,Not Collision with Motor Vehicle in Transport,Other,1,True,UNION AVE,Principal Arterial,35.0,6.0,3,6.0,0.695160341,UNION AVE,5.268612982,35,6,B,MEMPHIS,SHELBY,46727,5.268612982156372,TDOT state route,state_route_overlap,"state route: 100% overlap, name=UNION",UNION AVE,False,False,False,TDOT state route,False,,62.4,False,
300986128,11/18/2024,11/18/2024 19:13,2024,11,Monday,19,35.07996,-89.93086,Possible Injury,Pedestrian,Intersection-On Roadway not in Crosswalk,Entrance/Exit Ramp Related,Dark-Lighted,Not Collision with Motor Vehicle in Transport,Pedestrian,1,True,,,,,,,41.80116768,INTERSTATE 240 W,8.094553146,65,5,TF,MEMPHIS,SHELBY,39571,8.094553146045063,Interstate (TDOT),interstate_mainline,interstate: MTFCC S1100,INTERSTATE 240 W,True,False,False,Interstate (TDOT),True,,171.7,True,no_signal_coverage
300982745,10/30/2024,10/30/2024 21:02,2024,10,Wednesday,21,35.16368,-89.87586,Possible Injury,Pedestrian,Not Intersection-On Roadway Not In Crosswalk,AccelDecelLane,Dark-Lighted,Not Collision with Motor Vehicle in Transport,Pedestrian,1,True,,,,,,,75.2210064,SUMMER AVE,72.05350972,45,4,B,MEMPHIS,SHELBY,47768,72.05350971865869,TDOT state route,state_route_overlap,"state route: 100% overlap, name=SUMMER",SUMMER AVE,False,False,False,TDOT state route,False,,168.0,False,
300980499,10/16/2024,10/16/2024 23:49,2024,10,Wednesday,23,35.148003,-89.96059,Suspected Serious Injury,Pedestrian,Not Intersection-On Roadway Not In Crosswalk,Through Roadway,Dark-Lighted,Not Collision with Motor Vehicle in Transport,Pedestrian,1,True,,,,,,,170.2719084,TILLMAN ST,64.78898699,35,4,B,MEMPHIS,SHELBY,51134,64.7889869864857,City of Memphis,city_residual,city: no state-route overlap,TILLMAN ST,False,False,False,City of Memphis,False,,172.1,False,
300984931,11/12/2024,11/12/2024 15:00,2024,11,Tuesday,15,35.128986,-90.047264,Suspected Minor Injury,Pedestrian,Intersection-On Roadway not in Crosswalk,Intersection,Daylight,Not Collision with Motor Vehicle in Transport,Pedestrian,1,True,S DANNY THOMAS BLVD,Principal Arterial,35.0,4.0,1,6.0,0.431443781,S DANNY THOMAS BLVD,0.987956513,35,4,B,MEMPHIS,SHELBY,48157,0.9879565134174176,TDOT state route,state_route_overlap,"state route: 100% overlap, name=S DANNY THOMAS",S DANNY THOMAS BLVD,False,False,False,TDOT state route,True,2320,276.9,False,no
300976729,9/23/2024,9/23/2024 4:38,2024,9,Monday,4,35.147797,-90.02086,Fatal,Pedestrian,Not Intersection-On Roadway Not In Crosswalk,Non-Junction,Dark-Lighted,Not Collision with Motor Vehicle in Transport,Pedestrian,1,True,,,,,,,718.2289961,N BELLEVUE BLVD,27.74760613,35,2,B,MEMPHIS,SHELBY,8300,27.747606128606623,City of Memphis,city_residual,city: no state-route overlap,N BELLEVUE BLVD,False,False,False,City of Memphis,False,,370.1,False,
300981876,10/24/2024,10/24/2024 15:45,2024,10,Thursday,15,35.164803,-90.023026,Possible Injury,Pedestrian,Not Intersection-On Roadway Crosswalk not Available,OtherLocation,Daylight,Not Collision with Motor Vehicle in Transport,Pedestrian,1,True,,,,,,,777.789925,KNEY ST,16.6153642,30,2,B,MEMPHIS,SHELBY,84640,16.615364202970277,City of Memphis,city_residual,city: no state-route overlap,KNEY ST,False,False,False,City of Memphis,False,,688.4,False,
300981163,10/21/2024,10/21/2024 17:49,2024,10,Monday,17,35.02628,-89.95012,Suspected Minor Injury,Pedestrian,Intersection-On Roadway Crosswalk Not Available,Non-Junction,Dawn,Not Collision with Motor Vehicle in Transport,Pedestrian,1,True,,,,,,,611.5394791,PINE RIDGE LN,24.100373,30,2,B,MEMPHIS,SHELBY,41944,24.100372995516743,City of Memphis,city_residual,city: no state-route overlap,PINE RIDGE LN,False,False,False,City of Memphis,True,,708.6,True,no_signal_coverage
300984109,11/7/2024,11/7/2024 16:20,2024,11,Thursday,16,35.142258,-89.79197,Possible Injury,Pedestrian,Not Intersection-On Roadway Not In Crosswalk,Intersection-Related,Daylight,Not Collision with Motor Vehicle in Transport,Pedestrian,1,True,,,,,,,327.1319476,TRINITY RD,5.664975045,40,4,B,MEMPHIS,SHELBY,70291,5.664975044586019,City of Memphis,city_residual,city: no state-route overlap,TRINITY RD,False,False,False,City of Memphis,False,,301.4,False,
300982996,10/31/2024,10/31/2024 21:10,2024,10,Thursday,21,35.211857,-90.03223,Possible Injury,Pedestrian,Intersection-Unknown,Unknown,Dark-Lighted,Not Collision with Motor Vehicle in Transport,Pedestrian,1,True,THOMAS ST,,40.0,2.0,3,7.0,0.130876415,MARSH AVE,0.013890749,30,2,B,MEMPHIS,SHELBY,2674,0.0138907488118503,City of Memphis,city_residual,city: no state-route overlap,MARSH AVE,False,False,True,City of Memphis,True,,17.1,False,no_signal_coverage
300983541,11/4/2024,11/4/2024 23:30,2024,11,Monday,23,35.02498,-90.0348,Possible Injury,Pedestrian,Not Intersection-On Roadway Crosswalk Availability Unknown,AccelDecelLane,Dark-Lighted,Not Collision with Motor Vehicle in Transport,Pedestrian,1,True,,,,,,,447.7006763,AUBURN RD,22.49573813,35,2,B,MEMPHIS,SHELBY,72298,22.49573812685794,City of Memphis,city_residual,city: no state-route overlap,AUBURN RD,False,False,False,City of Memphis,False,,1033.7,False,
300980548,10/17/2024,10/17/2024 18:00,2024,10,Thursday,18,35.182472,-89.933334,Possible Injury,Pedestrian,Not Intersection-In Crosswalk,AccelDecelLane,Dark-Not Lighted,Not Collision with Motor Vehicle in Transport,Pedestrian,1,True,JACKSON AVE,Principal Arterial,40.0,7.0,14,7.0,2.644925187,JACKSON AVE,0.176993103,40,7,B,MEMPHIS,SHELBY,48212,0.1769931034262565,TDOT state route,state_route_overlap,"state route: 100% overlap, name=JACKSON",JACKSON AVE,False,False,False,TDOT state route,False,,398.9,False,
300985503,11/15/2024,11/15/2024 8:40,2024,11,Friday,8,35.093094,-89.9492,Possible Injury,Pedestrian,Intersection-In Crosswalk,Intersection,Daylight,Not Collision with Motor Vehicle in Transport,Pedestrian,2,True,,,,,,,1408.54242,PRESCOTT RD,17.0447416,40,4,B,MEMPHIS,SHELBY,51163,17.044741596034882,City of Memphis,city_residual,city: no state-route overlap,PRESCOTT RD,False,False,False,City of Memphis,True,,1152.8,True,no_signal_coverage
300985507,11/15/2024,11/15/2024 8:30,2024,11,Friday,8,35.074688,-89.86815,Possible Injury,Pedestrian,Not Intersection-On Roadway Not In Crosswalk,Non-Junction,Daylight,Not Collision with Motor Vehicle in Transport,Pedestrian,1,True,,,,,,,280.5258831,MOUNT MORIAH ROAD EXT,50.49691692,40,7,B,MEMPHIS,SHELBY,53546,50.49691691683085,City of Memphis,city_residual,city: no state-route overlap,MOUNT MORIAH ROAD EXT,False,False,False,City of Memphis,False,,475.8,False,
300976392,9/21/2024,9/21/2024 12:09,2024,9,Saturday,12,35.220608,-90.02995,Suspected Serious Injury,Pedestrian,Not Intersection-Adjacent to Roadway,OtherLocation,Daylight,Not Collision with Motor Vehicle in Transport,Pedestrian,4,True,,,,,,,195.970589,JOEL AVE,0.185478715,30,2,B,MEMPHIS,SHELBY,2676,0.1854787151198224,City of Memphis,city_residual,city: no state-route overlap,JOEL AVE,False,False,False,City of Memphis,False,,182.8,False,
300984515,11/10/2024,11/10/2024 7:50,2024,11,Sunday,7,35.198025,-90.034874,Possible Injury,Pedestrian,Not Intersection-Adjacent to Roadway,Non-Junction,Dawn,Not Collision with Motor Vehicle in Transport,Pedestrian,1,True,THOMAS ST,,35.0,4.0,3,7.0,15.853004,THOMAS ST,16.55521936,35,4,B,MEMPHIS,SHELBY,47558,16.555219356370486,TDOT state route,state_route_overlap,"state route: 100% overlap, name=THOMAS",THOMAS ST,False,False,False,TDOT state route,False,,616.7,False,
300985928,11/18/2024,11/18/2024 0:45,2024,11,Monday,0,35.13623,-89.98748,No Injury,Pedestrian,Not Intersection-Outside Traffic,Non-Junction,Dark-Not Lighted,Rear to Side,Other,1,True,,,,,,,254.1111596,S COX ST,4.996338168,30,2,B,MEMPHIS,SHELBY,81629,4.996338167645077,City of Memphis,city_residual,city: no state-route overlap,S COX ST,False,False,False,City of Memphis,False,,348.9,False,
300985525,11/14/2024,11/14/2024 17:08,2024,11,Thursday,17,35.03866,-90.02521,Suspected Serious Injury,Pedestrian,Not Intersection-On Roadway Not In Crosswalk,AccelDecelLane,Dark-Lighted,Not Collision with Motor Vehicle in Transport,Pedestrian,2,True,ELVIS PRESLEY BLVD,Principal Arterial,40.0,6.0,3,6.0,5.434122525,ELVIS PRESLEY BLVD,5.658461105,40,6,B,MEMPHIS,SHELBY,46501,5.658461105305384,TDOT state route,state_route_overlap,"state route: 100% overlap, name=ELVIS PRESLEY",ELVIS PRESLEY BLVD,False,False,False,TDOT state route,False,,350.1,False,
300985286,11/14/2024,11/14/2024 8:24,2024,11,Thursday,8,35.105198,-90.08867,No Injury,Pedestrian,Not Intersection-Adjacent to Roadway,Rail Grade Crossing,Daylight,Not Collision with Motor Vehicle in Transport,Other,1,True,,,,,,,2933.043336,CHANNEL AVE,39.33310118,40,2,B,MEMPHIS,SHELBY,4578,39.33310118145934,City of Memphis,city_residual,city: no state-route overlap,CHANNEL AVE,False,False,False,City of Memphis,False,,2267.9,False,
300985752,11/13/2024,11/13/2024 15:50,2024,11,Wednesday,15,35.066162,-89.888054,Possible Injury,Pedestrian,Intersection-On Roadway Crosswalk Not Available,Intersection-Related,Daylight,Not Collision with Motor Vehicle in Transport,Pedestrian,1,True,,,,,,,1979.207282,DARROW ST,26.25853407,30,2,B,MEMPHIS,SHELBY,79443,26.25853407319276,City of Memphis,city_residual,city: no state-route overlap,DARROW ST,False,False,False,City of Memphis,True,,1344.6,True,no_signal_coverage
300984768,11/11/2024,11/11/2024 14:15,2024,11,Monday,14,35.049744,-89.85141,Possible Injury,Pedestrian,Not Intersection-On Roadway Not In Crosswalk,Non-Junction,Daylight,Not Collision with Motor Vehicle in Transport,Pedestrian,1,True,,,,,,,1783.588855,WINCHESTER RD,13.25636161,45,7,B,MEMPHIS,SHELBY,52129,13.256361605009058,City of Memphis,city_residual,city: no state-route overlap,WINCHESTER RD,False,False,False,City of Memphis,False,,281.5,False,
300982798,10/31/2024,10/31/2024 11:17,2024,10,Thursday,11,35.083305,-90.01855,Suspected Serious Injury,Pedestrian,Intersection-On Roadway not in Crosswalk,Intersection,Daylight,Not Collision with Motor Vehicle in Transport,Pedestrian,1,True,ELVIS PRESLEY BLVD,Minor Arterial,40.0,4.0,3,6.0,0.025171471,NORRIS RD,0.124507636,40,4,B,MEMPHIS,SHELBY,50977,0.124507636430282,City of Memphis,city_residual,city: no state-route overlap,NORRIS RD,False,False,True,City of Memphis,True,4281,0.9,False,yes
300983933,11/6/2024,11/6/2024 17:35,2024,11,Wednesday,17,35.08057,-89.88847,Possible Injury,Pedestrian,Intersection-Unknown,Intersection-Related,Dark-Lighted,Not Collision with Motor Vehicle in Transport,Pedestrian,1,True,,,,,,,1089.029639,AMERICAN WAY,0.165384524,45,5,B,MEMPHIS,SHELBY,53604,0.1653845242526812,City of Memphis,city_residual,city: no state-route overlap,AMERICAN WAY,False,False,False,City of Memphis,True,13630,15.1,False,yes
300980609,10/18/2024,10/18/2024 14:22,2024,10,Friday,14,35.21365,-89.92412,Possible Injury,Pedestrian,Intersection-On Roadway Crosswalk availability Unknown,AccelDecelLane,Daylight,Not Collision with Motor Vehicle in Transport,Pedestrian,1,True,,,,,,,533.0311814,RALEIGH MILLINGTON RD,39.95761979,40,4,B,MEMPHIS,SHELBY,47204,39.95761978895145,City of Memphis,city_residual,city: no state-route overlap,RALEIGH MILLINGTON RD,False,False,False,City of Memphis,True,,518.4,True,no_signal_coverage
300981501,10/23/2024,10/23/2024 21:30,2024,10,Wednesday,21,35.144985,-90.026505,Suspected Serious Injury,Pedestrian,Not Intersection-On Roadway Not In Crosswalk,AccelDecelLane,Dark-Not Lighted,Not Collision with Motor Vehicle in Transport,Pedestrian,1,True,,,,,,,784.8557317,POPLAR AVE,0.275470016,40,7,B,MEMPHIS,SHELBY,53243,0.2754700163208384,City of Memphis,city_residual,city: no state-route overlap,POPLAR AVE,False,False,False,City of Memphis,False,3876,12.7,True,
300982596,10/30/2024,10/30/2024 0:00,2024,10,Wednesday,99,35.17459,-89.96628,Possible Injury,Pedestrian,Intersection-Unknown,Intersection,Unknown,Not Collision with Motor Vehicle in Transport,Pedestrian,1,True,,,,,,,1601.812755,CHELSEA AVE,31.3810818,40,5,B,MEMPHIS,SHELBY,51122,31.38108179652024,City of Memphis,city_residual,city: no state-route overlap,CHELSEA AVE,False,False,False,City of Memphis,True,,1591.0,True,no_signal_coverage
300980921,10/20/2024,10/20/2024 14:14,2024,10,Sunday,14,35.140526,-90.0335,Fatal,Pedestrian,Intersection-In Crosswalk,Intersection,Daylight,Not Collision with Motor Vehicle in Transport,Pedestrian,1,True,,,,,,,213.763235,MADISON AVE,0.408121013,35,7,B,MEMPHIS,SHELBY,50340,0.40812101286985,City of Memphis,city_residual,city: no state-route overlap,MADISON AVE,False,False,False,City of Memphis,True,,205.3,False,no_signal_coverage
300980631,10/18/2024,10/18/2024 16:35,2024,10,Friday,16,35.03196,-89.83986,Suspected Serious Injury,Pedestrian,Not Intersection-Unknown,Non-Junction,Daylight,Not Collision with Motor Vehicle in Transport,Pedestrian,1,True,,,,,,,1279.224732,ROSS RD,0.717463693,35,2,B,MEMPHIS,SHELBY,71456,0.7174636933984169,City of Memphis,city_residual,city: no state-route overlap,ROSS RD,False,False,False,City of Memphis,False,,820.0,False,
300984168,11/8/2024,11/8/2024 3:45,2024,11,Friday,3,35.061073,-90.003654,Suspected Minor Injury,Pedestrian,Intersection-Unknown,Intersection,Dark-Lighted,Not Collision with Motor Vehicle in Transport,Pedestrian,1,True,,,,,,,1794.048958,CARRIER ST,1.378458261,30,2,B,MEMPHIS,SHELBY,79726,1.3784582611235283,City of Memphis,city_residual,city: no state-route overlap,CARRIER ST,False,False,False,City of Memphis,True,5488,4.3,False,yes
300980520,10/17/2024,10/17/2024 20:35,2024,10,Thursday,20,35.163025,-89.85633,Fatal,Pedestrian,Not Intersection-On Roadway Crosswalk not Available,Non-Junction,Dark-Lighted,Not Collision with Motor Vehicle in Transport,Pedestrian,1,True,,,,,,,1488.123155,MACON RD,0.02941009,40,6,B,MEMPHIS,SHELBY,50126,0.0294100898897368,City of Memphis,city_residual,city: no state-route overlap,MACON RD,False,False,False,City of Memphis,False,,450.6,False,
300981287,10/21/2024,10/21/2024 14:30,2024,10,Monday,14,35.154285,-90.01961,Possible Injury,Pedestrian,Not Intersection-Bike Path,Intersection-Related,Daylight,Not Collision with Motor Vehicle in Transport,Pedestrian,1,True,N PARKWAY,Minor Arterial,40.0,2.0,1,7.0,10.49889411,N BELLEVUE BLVD,0.219434765,35,2,B,MEMPHIS,SHELBY,8269,0.2194347653500541,City of Memphis,city_residual,city: no state-route overlap,N BELLEVUE BLVD,False,False,False,City of Memphis,False,,20.3,False,
300986308,11/19/2024,11/19/2024 18:00,2024,11,Tuesday,18,35.256046,-89.932755,Possible Injury,Pedestrian,Intersection-Unknown,Intersection,Dark-Lighted,Not Collision with Motor Vehicle in Transport,Pedestrian,1,True,,,,,,,4108.012969,OLD RALEIGH MILLINGTON RD,3.415969465,45,2,B,MEMPHIS,SHELBY,53151,3.4159694649522394,City of Memphis,city_residual,city: no state-route overlap,OLD RALEIGH MILLINGTON RD,False,False,False,City of Memphis,True,,3538.2,False,no_signal_coverage
300981291,10/22/2024,10/22/2024 11:49,2024,10,Tuesday,11,35.148834,-90.04995,Suspected Minor Injury,Pedestrian,Intersection-In Crosswalk,Intersection,Daylight,Not Collision with Motor Vehicle in Transport,Pedestrian,1,True,N SECOND ST,Minor Arterial,35.0,3.0,3,6.0,1.577522386,N SECOND ST,0.202606394,35,3,TF,MEMPHIS,SHELBY,50296,0.2026063944732586,TDOT state route,state_route_overlap,"state route: 100% overlap, name=N SECOND",N SECOND ST,False,False,False,TDOT state route,True,,97.8,False,no_signal_coverage
300971897,8/23/2024,8/23/2024 20:15,2024,8,Friday,20,35.243717,-89.92593,Suspected Serious Injury,Pedestrian,Not Intersection-On Roadway Not In Crosswalk,Non-Junction,Dark-Lighted,Not Collision with Motor Vehicle in Transport,Pedestrian,1,True,,,,,,,2761.595027,RALEIGH MILLINGTON RD,0.546482707,45,2,B,MEMPHIS,SHELBY,47872,0.5464827071269218,City of Memphis,city_residual,city: no state-route overlap,RALEIGH MILLINGTON RD,False,False,False,City of Memphis,False,,2593.5,False,
300991569,12/16/2024,12/16/2024 0:00,2024,12,Monday,0,35.221104,-89.97553,Possible Injury,Pedestrian,Not Intersection-On Roadway Not In Crosswalk,Intersection-Related,Dark-Lighted,Not Collision with Motor Vehicle in Transport,Pedestrian,2,True,,,,,,,3833.633885,RANGE LINE RD,0.090111017,40,4,B,MEMPHIS,SHELBY,49931,0.0901110171560724,City of Memphis,city_residual,city: no state-route overlap,RANGE LINE RD,False,False,False,City of Memphis,False,,3080.5,False,
300989527,12/6/2024,12/6/2024 15:55,2024,12,Friday,15,35.020775,-89.95382,Possible Injury,Pedestrian,Not Intersection-On Roadway Not In Crosswalk,Intersection,Daylight,Not Collision with Motor Vehicle in Transport,Pedestrian,1,True,E SHELBY DR,Principal Arterial,45.0,7.0,175,3.0,1.633594427,E SHELBY DR,3.052266832,45,7,B,MEMPHIS,SHELBY,46398,3.052266832052441,TDOT state route,state_route_overlap,"state route: 100% overlap, name=E SHELBY",E SHELBY DR,False,False,False,TDOT state route,False,,55.4,False,
300989536,12/6/2024,12/6/2024 16:45,2024,12,Friday,16,35.128315,-89.947365,Possible Injury,Pedestrian,Not Intersection-On Roadway Not In Crosswalk,"Driveway, Alley Access, etc",Daylight,Not Collision with Motor Vehicle in Transport,Pedestrian,1,True,POPLAR AVE,Principal Arterial,40.0,7.0,57,5.0,4.905329346,POPLAR AVE,0.539332967,40,7,B,MEMPHIS,SHELBY,48496,0.539332966945284,TDOT state route,state_route_overlap,"state route: 100% overlap, name=POPLAR",POPLAR AVE,False,False,False,TDOT state route,False,,143.8,False,
300987596,11/24/2024,11/24/2024 0:00,2024,11,Sunday,0,35.10532,-89.98565,Suspected Serious Injury,Pedestrian,Not Intersection-On Roadway Not In Crosswalk,Unknown,Dark-Not Lighted,Not Collision with Motor Vehicle in Transport,Pedestrian,1,True,LAMAR AVE,Principal Arterial,40.0,5.0,4,4.0,4.254219725,AIRWAYS BLVD,0.486448551,40,7,B,MEMPHIS,SHELBY,51014,0.486448550894632,City of Memphis,city_residual,city: no state-route overlap,AIRWAYS BLVD,False,False,False,City of Memphis,False,6997,2.5,True,
300987946,11/27/2024,11/27/2024 18:12,2024,11,Wednesday,18,35.078472,-90.01871,Suspected Serious Injury,Pedestrian,Not Intersection-On Roadway Not In Crosswalk,Intersection,Dark-Lighted,Not Collision with Motor Vehicle in Transport,Pedestrian,1,True,,,,,,,63.20812962,BLAKEMORE RD,21.67152622,30,2,B,MEMPHIS,SHELBY,73367,21.67152621835671,City of Memphis,city_residual,city: no state-route overlap,BLAKEMORE RD,False,False,False,City of Memphis,False,,83.5,False,
300988446,11/30/2024,11/30/2024 17:33,2024,11,Saturday,17,35.082558,-89.91861,Fatal,Pedestrian,Not Intersection-On Roadway Not In Crosswalk,Non-Junction,Dark-Not Lighted,Not Collision with Motor Vehicle in Transport,Pedestrian,2,True,,,,,,,1180.363431,E MALLORY AVE,0.299470931,35,2,B,MEMPHIS,SHELBY,6229,0.299470930630974,City of Memphis,city_residual,city: no state-route overlap,E MALLORY AVE,False,False,False,City of Memphis,False,,1090.3,False,
300988454,12/1/2024,12/1/2024 17:35,2024,12,Sunday,17,35.14412,-90.01755,Possible Injury,Pedestrian,Not Intersection-In Crosswalk,Intersection-Related,Dawn,Not Collision with Motor Vehicle in Transport,Pedestrian,1,True,,,,,,,787.0699032,POPLAR AVE,0.442493049,40,7,B,MEMPHIS,SHELBY,50404,0.442493049458563,City of Memphis,city_residual,city: no state-route overlap,POPLAR AVE,False,False,False,City of Memphis,False,4622,168.8,True,