MstrRecNbrTxt,CollisionDate,CollisionDteTime,YearNmb,Month,DayOfWeek,Hour,Latitude,Longitude,InjuryClass,PersonType,NonMotoristLocation,RelationToJunction,LightCondition,MannerOfCollision,FirstHarmfulEvent,VictimsInCrash,InMemphis,StateRoute_NAME,StateRoute_F_System,StateRoute_SPDLIMIT,StateRoute_LANES,StateRoute_ALTNAME_1,StateRoute_Council_District,DistToStateRoute_m,Street_Name,DistToStreet_m,Street_SPDLIMIT,Street_LANES,Street_ONEWAY,Street_CITY_L,Street_COUNTY_L,Seg_OBJECTID,DistToSeg_m,Ownership,Rule_Fired,Classification_Basis,Matched_Street,is_limited_access,is_override,is_corner_case,Jurisdiction_prev,at_intersection,intersection_node_id,nearest_ped_signal_m,is_ambiguous_intersection,intersection_signalized
300982272,10/28/2024,10/28/2024 3:54,2024,10,Monday,3,35.192455,-89.89442,Fatal,Pedestrian,Intersection-On Roadway not in Crosswalk,Intersection-Related,Dark-Lighted,Not Collision with Motor Vehicle in Transport,Pedestrian,1,True,,,,,,,116.2719496,RALEIGH LAGRANGE RD,31.2806446,45,7,B,MEMPHIS,SHELBY,50043,31.280644597038325,City of Memphis,city_residual,city: no state-route overlap,RALEIGH LAGRANGE RD,False,False,False,City of Memphis,True,,107.7,True,no_signal_coverage
300987676,11/26/2024,11/26/2024 18:35,2024,11,Tuesday,18,35.17184,-89.86943,Possible Injury,Pedestrian,Intersection-On Roadway not in Crosswalk,AccelDecelLane,Dark-Lighted,Not Collision with Motor Vehicle in Transport,Pedestrian,1,True,,,,,,,54.78334952,SUMMER AVE,57.93788385,45,4,B,MEMPHIS,SHELBY,48577,57.93788384946022,TDOT state route,state_route_overlap,"state route: 100% overlap, name=SUMMER",SUMMER AVE,False,False,False,TDOT state route,True,,104.9,True,no_signal_coverage
300969745,8/7/2024,8/7/2024 21:10,2024,8,Wednesday,21,35.168007,-89.86424,Suspected Serious Injury,Pedestrian,Intersection-In Crosswalk,Intersection,Dark-Lighted,Not Collision with Motor Vehicle in Transport,Pedestrian,1,True,,,,,,,580.7164655,SYCAMORE VIEW RD,1.166708319,45,7,B,MEMPHIS,SHELBY,51746,1.166708319203634,City of Memphis,city_residual,city: no state-route overlap,SYCAMORE VIEW RD,False,False,False,City of Memphis,True,,29.7,True,no_signal_coverage
300960082,5/31/2024,5/31/2024 6:20,2024,5,Friday,6,35.226294,-89.993809,Fatal,Pedestrian,Not Intersection-On Roadway Not In Crosswalk,Non-Junction,Dawn,Not Collision with Motor Vehicle in Transport,Pedestrian,2,True,,,,,,,2139.339005,BURNHAM AVE,2.806153048,30,2,B,MEMPHIS,SHELBY,2867,2.806153048141846,City of Memphis,city_residual,city: no state-route overlap,BURNHAM AVE,False,False,False,City of Memphis,False,,2127.6,False,
300986770,11/22/2024,11/22/2024 7:12,2024,11,Friday,7,35.14255,-90.0511,Possible Injury,Pedestrian,Intersection-In Crosswalk,Intersection,Dawn,Not Collision with Motor Vehicle in Transport,Pedestrian,1,True,S THIRD ST,Minor Arterial,35.0,3.0,14,6.0,1.176868392,UNION AVE,0.429815127,35,5,B,MEMPHIS,SHELBY,50279,0.4298151266477996,TDOT state route,state_route_overlap,"state route: 100% overlap, name=UNION",UNION AVE,False,False,False,TDOT state route,True,,164.4,False,no_signal_coverage
300990391,12/10/2024,12/10/2024 21:00,2024,12,Tuesday,21,35.16826,-89.86452,Possible Injury,Pedestrian,Not Intersection-On Roadway Not In Crosswalk,Non-Junction,Unknown,Not Collision with Motor Vehicle in Transport,Pedestrian,1,True,,,,,,,543.1408144,SHELBY OAKS DR,0.316045196,40,4,B,MEMPHIS,SHELBY,35005,0.3160451960274763,City of Memphis,city_residual,city: no state-route overlap,SHELBY OAKS DR,False,False,False,City of Memphis,False,,23.4,False,
300989327,12/5/2024,12/5/2024 15:40,2024,12,Thursday,15,35.128277,-90.02037,Possible Injury,Pedestrian,Intersection-On Roadway not in Crosswalk,Intersection-Related,Daylight,Not Collision with Motor Vehicle in Transport,Pedestrian,1,True,LAMAR AVE,Principal Arterial,40.0,6.0,4,6.0,7.933208636,LAMAR AVE,4.237802583,40,6,B,MEMPHIS,SHELBY,46751,4.237802583266229,TDOT state route,state_route_overlap,"state route: 100% overlap, name=LAMAR",LAMAR AVE,False,False,False,TDOT state route,True,,189.7,True,no_signal_coverage
300991126,12/14/2024,12/14/2024 15:50,2024,12,Saturday,15,35.176178,-89.95762,Possible Injury,Pedestrian,Not Intersection-On Roadway Not In Crosswalk,Non-Junction,Daylight,Not Collision with Motor Vehicle in Transport,Pedestrian,1,True,,,,,,,1207.408299,LOCUST ST,18.53872613,30,2,B,MEMPHIS,SHELBY,82982,18.53872612656126,City of Memphis,city_residual,city: no state-route overlap,LOCUST ST,False,False,False,City of Memphis,False,,1245.8,False,
300987710,11/26/2024,11/26/2024 19:21,2024,11,Tuesday,19,35.095116,-90.05546,Suspected Serious Injury,Pedestrian,Not Intersection-On Roadway Not In Crosswalk,AccelDecelLane,Dark-Lighted,Not Collision with Motor Vehicle in Transport,Pedestrian,1,True,,,,,,,39.03413216,S THIRD ST,38.3794671,40,7,B,MEMPHIS,SHELBY,46922,38.37946710150256,TDOT state route,state_route_overlap,"state route: 100% overlap, name=S THIRD",S THIRD ST,False,False,False,TDOT state route,False,,118.5,False,
300987715,11/26/2024,11/26/2024 17:00,2024,11,Tuesday,17,35.104588,-89.9698,Possible Injury,Pedestrian,Intersection-In Crosswalk,Intersection,Dark-Lighted,Not Collision with Motor Vehicle in Transport,Pedestrian,1,True,,,,,,,759.0898169,PENDLETON ST,0.01073445,40,4,B,MEMPHIS,SHELBY,82655,0.0107344501113531,City of Memphis,city_residual,city: no state-route overlap,PENDLETON ST,False,False,False,City of Memphis,True,,1007.8,False,no_signal_coverage
300988764,12/2/2024,12/2/2024 7:00,2024,12,Monday,7,35.017643,-90.052574,No Injury,Pedestrian,Not Intersection-Outside Traffic,Unknown,Daylight,Not Collision with Motor Vehicle in Transport,Other,1,True,,,,,,,360.1529085,GILL DR,22.31438407,30,2,B,MEMPHIS,SHELBY,27144,22.31438407014685,City of Memphis,city_residual,city: no state-route overlap,GILL DR,False,False,False,City of Memphis,False,,2489.1,False,
300987175,11/24/2024,11/24/2024 12:07,2024,11,Sunday,12,35.221333,-89.894196,Possible Injury,Pedestrian,Intersection-Unknown,Intersection-Related,Daylight,Not Collision with Motor Vehicle in Transport,Pedestrian,1,True,COVINGTON PIKE,,40.0,5.0,204,1.0,0.045821983,YALE RD,0.238944225,40,4,B,MEMPHIS,SHELBY,50036,0.2389442251122593,City of Memphis,city_residual,city: no state-route overlap,YALE RD,False,False,True,City of Memphis,True,13713,23.4,False,yes
300987747,11/26/2024,11/26/2024 22:10,2024,11,Tuesday,22,35.241467,-90.00953,Possible Injury,Pedestrian,Intersection-In Crosswalk,Intersection,Dark-Lighted,Not Collision with Motor Vehicle in Transport,Pedestrian,1,True,THOMAS ST,,50.0,2.0,3,7.0,2.454912639,THOMAS ST,0.48168311,50,2,B,MEMPHIS,SHELBY,46533,0.4816831102639809,TDOT state route,state_route_overlap,"state route: 100% overlap, name=THOMAS",THOMAS ST,False,False,False,TDOT state route,True,,711.7,False,no_signal_coverage
300986968,11/22/2024,11/22/2024 8:20,2024,11,Friday,8,35.138756,-90.03589,Suspected Serious Injury,Pedestrian,Intersection-In Crosswalk,Intersection,Daylight,Not Collision with Motor Vehicle in Transport,Pedestrian,1,True,UNION AVE,Principal Arterial,35.0,5.0,3,6.0,4.756497216,UNION AVE,0.175513271,35,5,B,MEMPHIS,SHELBY,46688,0.1755132707945493,TDOT state route,state_route_overlap,"state route: 100% overlap, name=UNION",UNION AVE,False,False,False,TDOT state route,True,,1.3,False,no_signal_coverage
300988859,12/3/2024,12/3/2024 12:50,2024,12,Tuesday,12,35.220028,-90.00302,Possible Injury,Pedestrian,Not Intersection-On Roadway Not In Crosswalk,Intersection-Related,Daylight,Not Collision with Motor Vehicle in Transport,Pedestrian,1,True,,,,,,,1855.235127,N WATKINS ST,27.5566449,40,5,B,MEMPHIS,SHELBY,49882,27.55664489919738,City of Memphis,city_residual,city: no state-route overlap,N WATKINS ST,False,False,False,City of Memphis,False,,2041.0,False,
300986758,11/21/2024,11/21/2024 17:52,2024,11,Thursday,17,35.049194,-89.82999,Possible Injury,Pedestrian,Intersection-On Roadway Crosswalk availability Unknown,Intersection,Dark-Lighted,Not Collision with Motor Vehicle in Transport,Pedestrian,1,True,,,,,,,533.0134117,RIVERDALE RD,1.023144205,45,6,B,MEMPHIS,SHELBY,49539,1.0231442051660584,City of Memphis,city_residual,city: no state-route overlap,RIVERDALE RD,False,False,False,City of Memphis,True,18134,26.4,False,yes
300987243,11/24/2024,11/24/2024 3:30,2024,11,Sunday,3,35.13798,-90.02818,Suspected Serious Injury,Pedestrian,Intersection-In Crosswalk,Intersection-Related,Dark-Lighted,Not Collision with Motor Vehicle in Transport,Pedestrian,1,True,UNION AVE,Principal Arterial,35.0,6.0,3,6.0,5.13440923,S PAULINE ST,0.067142524,30,4,B,MEMPHIS,SHELBY,84368,0.0671425237295522,City of Memphis,city_residual,city: no state-route overlap,S PAULINE ST,False,False,True,City of Memphis,True,,2.6,False,no_signal_coverage
300989901,12/8/2024,12/8/2024 18:52,2024,12,Sunday,18,35.06124,-90.01001,Possible Injury,Pedestrian,Intersection-On Roadway not in Crosswalk,Non-Junction,Dark-Lighted,Not Collision with Motor Vehicle in Transport,Pedestrian,1,True,,,,,,,1220.803261,E BROOKS RD,12.8741298,45,7,B,MEMPHIS,SHELBY,49798,12.874129795587782,City of Memphis,city_residual,city: no state-route overlap,E BROOKS RD,False,False,False,City of Memphis,True,4961,241.2,False,no
300987245,11/24/2024,11/24/2024 20:17,2024,11,Sunday,20,35.108185,-89.98261,Possible Injury,Pedestrian,Not Intersection-Unknown,Unknown,Dark-Not Lighted,Not Collision with Motor Vehicle in Transport,Pedestrian,1,True,,,,,,,210.6896755,GRAND ST,15.79034451,30,2,B,MEMPHIS,SHELBY,82527,15.790344507422082,City of Memphis,city_residual,city: no state-route overlap,GRAND ST,False,False,False,City of Memphis,False,,211.7,False,
300997018,1/17/2025,1/17/2025 19:26,2025,1,Friday,19,35.107574,-89.93422,Fatal,Pedestrian,Not Intersection-On Roadway Not In Crosswalk,Non-Junction,Dark-Not Lighted,Not Collision with Motor Vehicle in Transport,Pedestrian,1,True,,,,,,,1928.65482,PARK AVE,0.995611946,40,5,B,MEMPHIS,SHELBY,51321,0.995611945514229,City of Memphis,city_residual,city: no state-route overlap,PARK AVE,False,False,False,City of Memphis,False,10397,1948.2,True,
300987721,11/26/2024,11/26/2024 19:08,2024,11,Tuesday,19,35.145535,-90.03273,Fatal,Pedestrian,Not Intersection-On Roadway Not In Crosswalk,Intersection,Dark-Lighted,Not Collision with Motor Vehicle in Transport,Pedestrian,1,True,,,,,,,773.8409629,N DUNLAP ST,0.144190489,30,5,B,MEMPHIS,SHELBY,80761,0.144190489204987,City of Memphis,city_residual,city: no state-route overlap,N DUNLAP ST,False,False,False,City of Memphis,False,3438,9.1,True,
300994558,1/1/2025,1/1/2025 0:00,2025,1,Wednesday,0,35.018322,-90.04519,Suspected Serious Injury,Pedestrian,Not Intersection-On Roadway Crosswalk not Available,Non-Junction,Dark-Not Lighted,Not Collision with Motor Vehicle in Transport,Pedestrian,1,True,,,,,,,286.9773185,SANFORD RD,21.10634858,30,2,B,MEMPHIS,SHELBY,72191,21.106348579610227,City of Memphis,city_residual,city: no state-route overlap,SANFORD RD,False,False,False,City of Memphis,False,,1819.1,False,
300993226,12/23/2024,12/23/2024 21:15,2024,12,Monday,21,35.12937,-90.01114,Possible Injury,Pedestrian,Not Intersection-Outside Traffic,Intersection-Related,Dark-Lighted,Not Collision with Motor Vehicle in Transport,Pedestrian,1,True,,,,,,,572.1078522,HARBERT AVE,20.88888204,35,2,B,MEMPHIS,SHELBY,3881,20.88888204342709,City of Memphis,city_residual,city: no state-route overlap,HARBERT AVE,False,False,False,City of Memphis,False,,691.1,False,
300992526,12/19/2024,12/19/2024 21:00,2024,12,Thursday,21,35.098324,-89.93089,Possible Injury,Pedestrian,Not Intersection-On Roadway Not In Crosswalk,Non-Junction,Dark-Lighted,Not Collision with Motor Vehicle in Transport,Pedestrian,1,True,,,,,,,1979.876372,GETWELL RD,0.678538987,40,5,B,MEMPHIS,SHELBY,51339,0.6785389869708114,City of Memphis,city_residual,city: no state-route overlap,GETWELL RD,False,False,False,City of Memphis,False,,1863.0,False,
300993411,12/25/2024,12/25/2024 21:52,2024,12,Wednesday,21,35.16671,-89.98348,Possible Injury,Pedestrian,Not Intersection-Outside Traffic,Intersection-Related,Dark-Lighted,Not Collision with Motor Vehicle in Transport,Pedestrian,1,True,,,,,,,846.168843,BROWN AVE,21.36455786,30,2,B,MEMPHIS,SHELBY,4383,21.364557861219232,City of Memphis,city_residual,city: no state-route overlap,BROWN AVE,False,False,False,City of Memphis,False,,855.8,False,
300993305,12/24/2024,12/24/2024 17:27,2024,12,Tuesday,17,35.178005,-89.93725,Possible Injury,Pedestrian,Intersection-In Crosswalk,Non-Junction,Dark-Lighted,Not Collision with Motor Vehicle in Transport,Pedestrian,1,True,JACKSON AVE,Principal Arterial,40.0,6.0,14,7.0,8.731244384,ORCHI RD,3.493499502,30,2,B,MEMPHIS,SHELBY,73707,3.4934995019731536,City of Memphis,city_residual,city: no state-route overlap,ORCHI RD,False,False,True,City of Memphis,True,10429,6.8,False,yes
300993592,12/26/2024,12/26/2024 19:10,2024,12,Thursday,19,35.061108,-90.009315,Suspected Serious Injury,Pedestrian,Intersection-On Roadway Crosswalk Not Available,Intersection,Dark-Lighted,Not Collision with Motor Vehicle in Transport,Pedestrian,1,True,,,,,,,1285.825119,E BROOKS RD,0.303455107,45,7,B,MEMPHIS,SHELBY,49799,0.303455107104457,City of Memphis,city_residual,city: no state-route overlap,E BROOKS RD,False,False,False,City of Memphis,True,5029,176.3,False,no
300861207,1/13/2023,1/13/2023 19:19,2023,1,Friday,19,35.04741,-90.062836,Fatal,Pedestrian,Not Intersection-On Roadway Not In Crosswalk,Non-Junction,Dark-Lighted,Not Collision with Motor Vehicle in Transport,Pedestrian,1,True,S THIRD ST,Principal Arterial,45.0,7.0,14,6.0,12.90252984,S THIRD ST,10.74386524,45,7,B,MEMPHIS,SHELBY,47481,10.74386524175291,TDOT state route,state_route_overlap,"state route: 100% overlap, name=S THIRD",S THIRD ST,False,False,False,TDOT state route,False,,13.4,False,
300992607,12/21/2024,12/21/2024 0:05,2024,12,Saturday,0,35.16982,-89.86701,Suspected Minor Injury,Pedestrian,Not Intersection-On Roadway Not In Crosswalk,Non-Junction,Dark-Lighted,Not Collision with Motor Vehicle in Transport,Pedestrian,1,True,,,,,,,258.099421,SYCAMORE VIEW RD,61.69735022,45,7,B,MEMPHIS,SHELBY,53759,61.69735022286091,City of Memphis,city_residual,city: no state-route overlap,SYCAMORE VIEW RD,False,False,False,City of Memphis,False,,265.5,False,
300992331,12/19/2024,12/19/2024 20:12,2024,12,Thursday,20,35.061245,-89.866714,Possible Injury,Pedestrian,Not Intersection-On Roadway Not In Crosswalk,AccelDecelLane,Dark-Lighted,Not Collision with Motor Vehicle in Transport,Pedestrian,1,True,,,,,,,1491.196015,KNIGHT ARNOLD RD,54.56653516,40,4,B,MEMPHIS,SHELBY,49451,54.566535164710594,City of Memphis,city_residual,city: no state-route overlap,KNIGHT ARNOLD RD,False,False,False,City of Memphis,False,,80.6,False,
300992626,12/20/2024,12/20/2024 16:30,2024,12,Friday,16,35.016254,-90.04371,Possible Injury,Pedestrian,Not Intersection-Outside Traffic,Intersection-Related,Daylight,Not Collision with Motor Vehicle in Transport,Pedestrian,1,True,,,,,,,517.5491533,FARRIS CIR,52.34807338,30,2,B,MEMPHIS,SHELBY,9849,52.34807337581416,City of Memphis,city_residual,city: no state-route overlap,FARRIS CIR,False,False,False,City of Memphis,False,,1682.7,False,
300993866,12/28/2024,12/28/2024 18:20,2024,12,Saturday,18,35.092278,-89.90964,Suspected Serious Injury,Pedestrian,Not Intersection-On Roadway Not In Crosswalk,OtherLocation,Dawn,Not Collision with Motor Vehicle in Transport,Pedestrian,1,True,,,,,,,2369.783039,QUINCE RD,3.952008931,40,5,B,MEMPHIS,SHELBY,51487,3.952008931264535,City of Memphis,city_residual,city: no state-route overlap,QUINCE RD,False,False,False,City of Memphis,False,,1471.6,False,
300883517,4/29/2023,4/29/2023 21:43,2023,4,Saturday,21,35.13513,-90.003105,Fatal,Pedestrian,Intersection-On Roadway not in Crosswalk,Non-Junction,Dark-Not Lighted,Not Collision with Motor Vehicle in Transport,Pedestrian,1,True,,,,,,,46.32240979,ALLEY,8.022033653,25,1,B,MEMPHIS,SHELBY,346,8.022033652950364,City of Memphis,city_residual,city: no state-route overlap,ALLEY,False,False,False,City of Memphis,True,,211.2,True,no_signal_coverage
300992363,12/19/2024,12/19/2024 16:45,2024,12,Thursday,16,35.213398,-90.003586,Possible Injury,Pedestrian,Intersection-In Crosswalk,Intersection,Dark-Lighted,Not Collision with Motor Vehicle in Transport,Pedestrian,1,True,,,,,,,2228.229862,N WATKINS ST,0.193581561,40,5,B,MEMPHIS,SHELBY,49875,0.1935815612093036,City of Memphis,city_residual,city: no state-route overlap,N WATKINS ST,False,False,False,City of Memphis,True,6123,2269.6,False,no
300989900,12/8/2024,12/8/2024 17:25,2024,12,Sunday,17,35.137848,-90.02687,Suspected Serious Injury,Pedestrian,Not Intersection-On Roadway Not In Crosswalk,Intersection,Dark-Lighted,Not Collision with Motor Vehicle in Transport,Pedestrian,1,True,UNION AVE,,35.0,6.0,3,6.0,4.859965931,UNION AVE,0.28059694,35,6,B,MEMPHIS,SHELBY,48512,0.2805969396266986,TDOT state route,state_route_overlap,"state route: 100% overlap, name=UNION",UNION AVE,False,False,False,TDOT state route,False,,121.1,False,
300995530,1/2/2025,1/2/2025 9:00,2025,1,Thursday,9,35.13001,-90.02885,Possible Injury,Pedestrian,Intersection-In Crosswalk,Intersection-Related,Daylight,Not Collision with Motor Vehicle in Transport,Pedestrian,1,True,,,,,,,200.3891205,ELMWOOD PARK ST,16.67215581,0,2,B,MEMPHIS,SHELBY,83900,16.672155811936534,City of Memphis,city_residual,city: no state-route overlap,ELMWOOD PARK ST,False,False,False,City of Memphis,True,,199.7,False,no_signal_coverage
301001084,2/11/2025,2/11/2025 23:30,2025,2,Tuesday,23,35.112934,-90.02119,Suspected Serious Injury,Pedestrian,Not Intersection-On Roadway Not In Crosswalk,Non-Junction,Dark-Lighted,Not Collision with Motor Vehicle in Transport,Pedestrian,1,True,,,,,,,45.89059666,S BELLEVUE BLVD,45.70711457,35,5,B,MEMPHIS,SHELBY,46965,45.70711456771601,TDOT state route,state_route_overlap,"state route: 100% overlap, name=S BELLEVUE",S BELLEVUE BLVD,False,False,False,TDOT state route,False,,445.7,False,
301001089,2/12/2025,2/12/2025 0:00,2025,2,Wednesday,99,35.056202,-90.095314,Fatal,Pedestrian,Not Intersection-Adjacent to Roadway,Non-Junction,Unknown,Not Collision with Motor Vehicle in Transport,Pedestrian,1,True,,,,,,,3020.263358,WEAVER RD,0.108438334,40,5,B,MEMPHIS,SHELBY,49566,0.108438333548968,City of Memphis,city_residual,city: no state-route overlap,WEAVER RD,False,False,False,City of Memphis,False,,3007.6,False,
300999694,2/1/2025,2/1/2025 6:40,2025,2,Saturday,6,35.157955,-89.972664,Unknown,Pedestrian,Intersection-On Roadway not in Crosswalk,Intersection-Related,Dawn,Not Collision with Motor Vehicle in Transport,Pedestrian,1,True,JACKSON AVE,Principal Arterial,40.0,5.0,14,7.0,5.007737654,JACKSON AVE,0.349818633,40,5,B,MEMPHIS,SHELBY,47876,0.3498186327834415,TDOT state route,state_route_overlap,"state route: 100% overlap, name=JACKSON",JACKSON AVE,False,False,False,TDOT state route,True,8065,9.0,False,yes
300998431,1/26/2025,1/26/2025 18:00,2025,1,Sunday,18,35.14833,-90.05063,Suspected Serious Injury,Pedestrian,Not Intersection-On Roadway Not In Crosswalk,AccelDecelLane,Dark-Lighted,Not Collision with Motor Vehicle in Transport,Pedestrian,1,True,,,,,,,38.861769,N SECOND ST,40.64166763,35,3,TF,MEMPHIS,SHELBY,50296,40.64166762945455,TDOT state route,state_route_overlap,"state route: 100% overlap, name=N SECOND",N SECOND ST,False,False,False,TDOT state route,False,,172.5,False,
301000880,2/6/2025,2/6/2025 10:40,2025,2,Thursday,10,35.062298,-89.88634,Suspected Serious Injury,Pedestrian,Not Intersection-Other Not On Roadway,Unknown,Daylight,Not Collision with Motor Vehicle in Transport,Pedestrian,1,True,,,,,,,2239.035569,KNIGHT ARNOLD RD,41.05836001,40,4,B,MEMPHIS,SHELBY,52839,41.05836001187524,City of Memphis,city_residual,city: no state-route overlap,KNIGHT ARNOLD RD,False,False,False,City of Memphis,False,,1303.8,False,
301001935,2/16/2025,2/16/2025 19:30,2025,2,Sunday,19,35.145138,-90.031746,Possible Injury,Pedestrian,Intersection-In Crosswalk,Intersection,Dark-Unknown Lighting,Not Collision with Motor Vehicle in Transport,Pedestrian,1,True,,,,,,,740.9813599,POPLAR AVE,34.89043561,40,7,B,MEMPHIS,SHELBY,50350,34.890435607312114,City of Memphis,city_residual,city: no state-route overlap,POPLAR AVE,False,False,False,City of Memphis,True,,97.7,True,no_signal_coverage
300941110,2/14/2024,2/14/2024 23:37,2024,2,Wednesday,23,35.1363,-90.01499,Fatal,Pedestrian,Not Intersection-On Roadway Not In Crosswalk,Non-Junction,Dark-Lighted,Not Collision with Motor Vehicle in Transport,Pedestrian,1,True,,,,,,,46.20320293,ALLEY,25.54135856,25,1,B,MEMPHIS,SHELBY,268,25.541358563658545,City of Memphis,city_residual,city: no state-route overlap,ALLEY,False,False,False,City of Memphis,False,,163.6,False,
103749691,8/16/2023,8/16/2023 8:15,2023,8,Wednesday,8,35.11607,-89.9412,Suspected Minor Injury,Pedestrian,Intersection-In Crosswalk,Intersection,Daylight,Not Collision with Motor Vehicle in Transport,Pedestrian,1,True,,,,,,,1172.534994,PATTERSON ST,1.034230732,30,2,B,MEMPHIS,SHELBY,83160,1.0342307323596116,City of Memphis,city_residual,city: no state-route overlap,PATTERSON ST,False,False,False,City of Memphis,True,,1328.1,False,no_signal_coverage
103879945,12/15/2023,12/15/2023 4:45,2023,12,Friday,4,35.14004,-90.02815,Possible Injury,Pedestrian,Intersection-On Roadway not in Crosswalk,Intersection-Related,Dark-Lighted,Not Collision with Motor Vehicle in Transport,Pedestrian,1,True,,,,,,,222.1075539,MADISON AVE,0.351148798,35,6,B,MEMPHIS,SHELBY,53245,0.3511487975032188,City of Memphis,city_residual,city: no state-route overlap,MADISON AVE,False,False,False,City of Memphis,True,,226.0,False,no_signal_coverage
400202454,12/24/2024,12/24/2024 18:46,2024,12,Tuesday,18,35.04551,-89.98013,Suspected Serious Injury,Pedestrian,Not Intersection-In Crosswalk,Non-Junction,Dark-Lighted,Not Collision with Motor Vehicle in Transport,Pedestrian,1,True,,,,,,,2716.371353,JIM MCGEHEE PKWY,0.349007248,30,2,FT,MEMPHIS,SHELBY,53689,0.3490072475268557,City of Memphis,city_residual,city: no state-route overlap,JIM MCGEHEE PKWY,False,False,False,City of Memphis,False,,714.4,False,
400035795,12/14/2023,12/14/2023 16:05,2023,12,Thursday,16,35.00639,-90.05065,Fatal,Pedestrian,Not Intersection-Other Not On Roadway,Non-Junction,Daylight,Front to Rear,Other,1,True,,,,,,,1605.742089,E HOLMES RD,1.93045029,40,2,B,MEMPHIS,SHELBY,49675,1.930450289670874,City of Memphis,city_residual,city: no state-route overlap,E HOLMES RD,False,False,False,City of Memphis,False,,2291.2,False,
400387015,10/30/2025,10/30/2025 18:26,2025,10,Thursday,18,35.10746,-89.93055,Fatal,Pedestrian,Intersection-On Roadway not in Crosswalk,Intersection,Dark-Lighted,Not Collision with Motor Vehicle in Transport,Pedestrian,1,True,,,,,,,1856.44751,PARK AVE,3.457635664,40,5,B,MEMPHIS,SHELBY,51343,3.4576356638906502,City of Memphis,city_residual,city: no state-route overlap,PARK AVE,False,False,False,City of Memphis,True,10659,1854.3,False,no
103629684,4/17/2023,4/17/2023 21:54,2023,4,Monday,21,35.04699,-89.98023,Suspected Minor Injury,Pedestrian,Not Intersection-In Crosswalk,OtherLocation,Dark-Lighted,Not Collision with Motor Vehicle in Transport,Pedestrian,1,True,,,,,,,2880.493246,JIM MCGEHEE PKWY,1.024089381,30,2,FT,MEMPHIS,SHELBY,53689,1.024089381447031,City of Memphis,city_residual,city: no state-route overlap,JIM MCGEHEE PKWY,False,False,False,City of Memphis,False,,550.0,False,
400529273,5/12/2026,5/12/2026 16:55,2026,5,Tuesday,16,35.15933,-90.03042,Possible Injury,Pedestrian,Not Intersection-Adjacent to Roadway,Non-Junction,Daylight,Not Collision with Motor Vehicle in Transport,Pedestrian,1,True,,,,,,,250.2950001,N DUNLAP ST,1.885202455,30,2,B,MEMPHIS,SHELBY,80835,1.885202455179063,City of Memphis,city_residual,city: no state-route overlap,N DUNLAP ST,False,False,False,City of Memphis,False,,312.7,False,
103642852,4/28/2023,4/28/2023 15:50,2023,4,Friday,15,35.04723,-89.98026,Suspected Serious Injury,Pedestrian,Not Intersection-On Roadway Not In Crosswalk,Non-Junction,Daylight,Other,Other,2,True,,,,,,,2907.097536,JIM MCGEHEE PKWY,0.471898087,30,2,FT,MEMPHIS,SHELBY,53689,0.4718980872630038,City of Memphis,city_residual,city: no state-route overlap,JIM MCGEHEE PKWY,False,False,False,City of Memphis,False,,523.2,False,
103738399,8/4/2023,8/4/2023 19:10,2023,8,Friday,19,35.08118,-89.94027,Suspected Minor Injury,Pedestrian,Not Intersection-Adjacent to Roadway,Non-Junction,Daylight,Not Collision with Motor Vehicle in Transport,Pedestrian,1,True,,,,,,,821.4041201,INTERSTATE 240 E,0.119805126,65,4,FT,MEMPHIS,SHELBY,39855,0.1198051255751345,Interstate (TDOT),interstate_mainline,interstate: MTFCC S1100,INTERSTATE 240 E,True,False,False,Interstate (TDOT),False,,802.1,False,
400501076,4/14/2026,4/14/2026 23:20,2026,4,Tuesday,23,35.16558,-89.95164,Fatal,Pedestrian,Not Intersection-On Roadway Crosswalk not Available,Intersection-Related,Dark-Lighted,Not Collision with Motor Vehicle in Transport,Pedestrian,1,True,JACKSON AVE,Principal Arterial,40.0,4.0,14,7.0,10.59369274,JACKSON AVE,7.033320203,40,4,B,MEMPHIS,SHELBY,47044,7.033320203428529,TDOT state route,state_route_overlap,"state route: 100% overlap, name=JACKSON",JACKSON AVE,False,False,False,TDOT state route,False,9517,182.3,True,
400237943,3/26/2025,3/26/2025 15:45,2025,3,Wednesday,15,35.10423,-89.92466,Suspected Serious Injury,Pedestrian,Intersection-On Roadway not in Crosswalk,Through Roadway,Daylight,Not Collision with Motor Vehicle in Transport,Pedestrian,1,True,,,,,,,1926.23447,E PARK LOOP,0.827949161,30,2,B,MEMPHIS,SHELBY,45268,0.8279491609223034,City of Memphis,city_residual,city: no state-route overlap,E PARK LOOP,False,False,False,City of Memphis,True,,1921.8,False,no_signal_coverage